-3.660731524719670351e-04 -2.764049865657288558e-04 7.650412594721312028e-08 1.170945111646596093e+00 1.170945111648548087e+00 1.171040830332112481e+00 1.171040830335108529e+00 1.832840443983612788e+00 1.832840443985169765e+00 2.123524369595036099e+00 2.123696832744614849e+00 2.290868130629851063e+00 2.290868130631332988e+00 2.290917995212568670e+00 2.290917995217369718e+00 3.315422658293320168e+00 3.315422658295116953e+00 3.450901819041266805e+00 3.960650161550167692e+00 3.964466350708148568e+00 4.066382285721015677e+00 4.066382285724235324e+00 4.069512926300594025e+00 4.069512926301721123e+00 4.740319952632771283e+00 4.819352593206267521e+00 4.819352593206733815e+00 5.065042816903842393e+00 5.479083618622637708e+00 5.482327859168019124e+00 5.747138796528791893e+00 5.747138796530234295e+00 5.750018336121859086e+00 5.750018336122327156e+00 6.117395701255458285e+00 6.117395701258696583e+00 6.301728222482920749e+00 6.301728222484952013e+00 6.312185107298510012e+00 6.312185107299407072e+00 6.315535343914059574e+00 6.315535343915402500e+00 6.551471255639753188e+00 6.643794812498096114e+00 6.648120867518461097e+00 7.259044217898980023e+00 7.259044217908048324e+00 7.260096166095967085e+00 7.260096166099947901e+00 7.421069239555803776e+00 7.477756743539844209e+00 7.478253700538965987e+00 8.879556471987354982e+00 8.879556471988706789e+00 1.414858272686714180e+01 1.415175915800804951e+01 1.447623044469173514e+01 1.447623044469355236e+01 1.447934732106946143e+01 1.447934732107320244e+01 1.519640781361849591e+01 1.519640781362459592e+01 1.524340981178888477e+01 1.530883995995793434e+01 1.530883995996146396e+01 1.531195174693579908e+01 1.531195174694157757e+01 1.545089739137329232e+01 1.548436317016348340e+01 1.548734305310037662e+01 1.661495854981559361e+01 1.661495854982018372e+01
-6.043126487367875971e-02 1.434520067817408318e-01 2.017798353832311598e-01 1.157267289139096711e+00 1.160745281168066745e+00 1.179189826554245091e+00 1.192675070186024033e+00 1.831008685452554019e+00 1.835634932651070583e+00 2.125111466144877781e+00 2.128104808961344130e+00 2.285578220138782424e+00 2.291528481431142517e+00 2.296404521925878406e+00 2.305104940875189801e+00 3.309147693286991654e+00 3.309804348646203653e+00 3.442876683753130607e+00 3.961586027163366275e+00 3.972136537862674288e+00 4.052806541224216019e+00 4.061103303773581530e+00 4.080681985157241343e+00 4.089040108802239892e+00 4.737970189199648630e+00 4.814262724449659636e+00 4.816136589922836997e+00 5.068345323049413764e+00 5.477611326678338166e+00 5.504147482638720668e+00 5.683634604622417541e+00 5.692868119144309347e+00 5.787123346125031986e+00 5.802310199006960545e+00 6.103374988601485640e+00 6.109357331664070578e+00 6.246622974409929085e+00 6.279515220316530311e+00 6.294255154468716640e+00 6.316038247391990268e+00 6.359795151577547934e+00 6.368281841868947524e+00 6.548904360133817271e+00 6.638471632666273159e+00 6.645508511701613941e+00 7.202955067817032209e+00 7.216437064468004259e+00 7.328027343829692342e+00 7.344870920173713458e+00 7.417777877956021726e+00 7.480026837830622277e+00 7.499282374347986391e+00 8.865736708851894576e+00 8.870384312302972418e+00 1.415326560088576535e+01 1.415429027544036700e+01 1.443758787113928754e+01 1.444311254496288477e+01 1.451499950422517315e+01 1.452009308168450552e+01 1.519980535889512652e+01 1.520432148199412481e+01 1.522795422238345608e+01 1.527989245587746225e+01 1.528928963350517733e+01 1.534155151048927301e+01 1.535597144999944774e+01 1.544927787816585685e+01 1.548724950764367669e+01 1.552027989304841782e+01 1.660762665141728434e+01 1.661184657279027377e+01
1.644132193145380338e-01 2.844077968273516777e-01 3.513807476348517200e-01 1.142568975654342234e+00 1.159622288576508176e+00 1.190122859488164320e+00 1.223191741012385148e+00 1.826110974501028883e+00 1.843686288687026886e+00 2.129950472650322890e+00 2.141507738676517558e+00 2.287496556012780680e+00 2.295950562411611440e+00 2.309745454634851480e+00 2.329079825221314071e+00 3.291114864489874225e+00 3.293617750825593493e+00 3.419911283583875861e+00 3.964082596229038025e+00 3.993204324936847627e+00 4.039820594293435541e+00 4.061715769650212415e+00 4.096110962928891652e+00 4.119318978533397235e+00 4.730955716249213516e+00 4.801627702173579593e+00 4.804023162392277335e+00 5.078745420368274921e+00 5.476184113505288664e+00 5.552926333725254793e+00 5.607361521624697254e+00 5.643300823396677046e+00 5.794024395020824336e+00 5.848214289212928740e+00 6.050922332712366902e+00 6.089601533382992926e+00 6.201325332501736121e+00 6.255152655987417099e+00 6.284211204573353804e+00 6.327079269939136275e+00 6.407019591023791705e+00 6.416549104344128729e+00 6.540682620589757690e+00 6.621628213676474140e+00 6.640325222529256166e+00 7.160890039834036713e+00 7.223056022624735562e+00 7.399958999030245899e+00 7.410017073205333205e+00 7.451146529106917882e+00 7.489373506036876904e+00 7.568900121566297656e+00 8.831383031409266948e+00 8.837660241361538382e+00 1.416155594875529466e+01 1.416782478179107230e+01 1.440524542416080678e+01 1.440937350844571796e+01 1.454934468428100658e+01 1.456651771312031407e+01 1.518878544042805068e+01 1.521948167959541287e+01 1.522738416512548554e+01 1.525879799473189991e+01 1.529092742234668201e+01 1.537594756132897444e+01 1.541266638264993283e+01 1.544805361557496148e+01 1.548865192810969660e+01 1.560527812882167353e+01 1.658995400761423866e+01 1.659901518105284168e+01
3.041703877793633937e-01 4.212607122326451625e-01 5.060990760617528617e-01 1.136378245835700129e+00 1.171933201849045370e+00 1.208900865447352757e+00 1.261678745895994602e+00 1.820044778712922140e+00 1.856151517424388997e+00 2.138433657779617469e+00 2.163729873084692112e+00 2.294242765431736331e+00 2.302602204241703365e+00 2.332035500195412947e+00 2.361787422519629143e+00 3.263145785787737729e+00 3.268839103835373905e+00 3.384748696779997346e+00 3.967850071075685214e+00 4.020095560197617601e+00 4.029517464727947917e+00 4.067922237577981548e+00 4.113033050139480729e+00 4.157838120584569808e+00 4.719584390797152196e+00 4.781835467445427312e+00 4.783085316894121419e+00 5.097420516366165444e+00 5.468405520040556134e+00 5.515741724018599967e+00 5.564756323956065565e+00 5.673175627642458529e+00 5.768808888550915448e+00 5.879267435515637352e+00 5.972975943647730546e+00 6.066210185640157349e+00 6.172797673781571071e+00 6.240385728093383655e+00 6.274263398798768598e+00 6.336936817074453110e+00 6.449647873549207766e+00 6.459092611049381816e+00 6.525279235598208771e+00 6.596056904950841293e+00 6.634091666467612392e+00 7.132998573158341848e+00 7.274555954649590817e+00 7.382653464586635295e+00 7.490142141359811490e+00 7.502597862119151806e+00 7.562746331107056186e+00 7.690053602430087842e+00 8.780210198792287812e+00 8.783417563639027037e+00 1.417383355673079137e+01 1.419238406527230723e+01 1.437222349006117739e+01 1.438882265120859216e+01 1.458093577211807634e+01 1.461552007675238940e+01 1.516292273995512119e+01 1.523196890954566740e+01 1.525329166198693720e+01 1.525930516536103276e+01 1.531829469341249172e+01 1.540805097452150818e+01 1.543341640390290515e+01 1.548764118455437355e+01 1.549604106175126361e+01 1.571561734604334148e+01 1.656313550649040423e+01 1.657777815192959281e+01
4.442715831802194759e-01 5.561178272838311898e-01 6.692738906981975378e-01 1.151334368988294887e+00 1.196954616767924806e+00 1.239514355821618397e+00 1.306959378931552118e+00 1.816073388680743195e+00 1.871887316652790068e+00 2.150475931851340672e+00 2.194120905828830459e+00 2.299869463744427023e+00 2.314231194679186032e+00 2.363798583114002039e+00 2.400740426016426010e+00 3.227991094991820020e+00 3.237591998004553329e+00 3.340648362004682514e+00 3.972184061590745774e+00 4.012553607168083403e+00 4.056105392246863950e+00 4.076250999316226142e+00 4.131302336890319893e+00 4.200754814829673833e+00 4.704794010508265067e+00 4.751239809740174458e+00 4.757681159814144856e+00 5.125534383451114451e+00 5.410109617127655035e+00 5.489056585072143335e+00 5.518945495794201683e+00 5.685178607634229664e+00 5.787244703153755943e+00 5.880050092600282774e+00 5.908909592074441441e+00 6.049640497199556322e+00 6.145691199806472937e+00 6.230401700555937339e+00 6.265324801592389470e+00 6.343526135768470908e+00 6.483188510169655139e+00 6.497497953838135665e+00 6.503969498026039631e+00 6.566402863018353742e+00 6.627508757167441367e+00 7.118809540964396554e+00 7.330965549363350320e+00 7.385275402490886876e+00 7.508359364066945041e+00 7.595254993334163096e+00 7.680164467629147396e+00 7.838664255338239961e+00 8.707440833996807683e+00 8.722302735668844065e+00 1.419091632875624143e+01 1.422738363021174379e+01 1.434024640019404018e+01 1.438234127773756477e+01 1.460858068858223646e+01 1.466893269289054658e+01 1.514794379955692172e+01 1.522389776995506239e+01 1.528870567516178980e+01 1.529629731465882791e+01 1.536129110629596362e+01 1.540963243794771920e+01 1.546198548053688349e+01 1.549306418074377767e+01 1.556215555011314855e+01 1.583924910764572758e+01 1.652903171447641029e+01 1.655051710858648661e+01
5.867794837795933249e-01 6.928469273529653805e-01 8.421066026322376885e-01 1.190479638416865438e+00 1.231495690161257484e+00 1.284409565066659598e+00 1.357394896969366105e+00 1.818492818577229109e+00 1.889633672929575292e+00 2.165354717848979593e+00 2.231545111540398807e+00 2.301004133296982168e+00 2.331775969834545492e+00 2.404464309903007191e+00 2.443277203448719792e+00 3.188862855964387233e+00 3.201567653903819366e+00 3.290579360157539934e+00 3.976162624559606229e+00 3.999082180233382466e+00 4.080331717155643467e+00 4.089702744427744285e+00 4.150183601437666070e+00 4.243565454139139881e+00 4.688153574719808425e+00 4.710822824659059549e+00 4.728083542306967146e+00 5.163518167824002525e+00 5.334012423411679471e+00 5.464841418670288498e+00 5.501008952289730303e+00 5.603646980014906021e+00 5.809134860240224185e+00 5.873918286821001367e+00 5.907078524615086756e+00 6.044548272867523941e+00 6.114418996353485625e+00 6.221037687090489321e+00 6.258382129427253915e+00 6.345820485071225647e+00 6.459444065496455778e+00 6.513405976897590932e+00 6.531635313195983450e+00 6.547648155983293528e+00 6.620900503324253172e+00 7.117409937116102370e+00 7.311980688218646662e+00 7.474810920108195589e+00 7.526466581534151601e+00 7.694414967176368414e+00 7.818260981090169537e+00 7.992310798540957606e+00 8.619472221927990674e+00 8.662903319154628079e+00 1.421264724229192211e+01 1.427243763544481681e+01 1.431099398659772959e+01 1.438965103613762508e+01 1.463111797037704065e+01 1.472960388173470569e+01 1.514577977544927556e+01 1.521976474003805357e+01 1.533211171549698904e+01 1.534015631520181167e+01 1.539537207506474203e+01 1.541399381481663688e+01 1.549603393994187250e+01 1.550443897569118334e+01 1.562473549285330421e+01 1.596846671183302924e+01 1.648887497639852029e+01 1.652192541499297818e+01
7.254169047705797402e-01 8.324716944888408410e-01 1.023773090664842789e+00 1.249411237037890698e+00 1.272660975028609531e+00 1.340142051346431051e+00 1.410755147005761545e+00 1.831991890418032343e+00 1.908404839208413639e+00 2.181923052838231847e+00 2.274715296207656223e+00 2.298421503569628044e+00 2.352543019988583506e+00 2.452256550342307495e+00 2.487246666491456093e+00 3.148980929673059759e+00 3.162052490609486011e+00 3.236860413470671105e+00 3.978855540147443026e+00 3.985194904269271809e+00 4.084181990371706483e+00 4.115658721333081083e+00 4.168203120599256017e+00 4.281674316483424114e+00 4.660205473508337803e+00 4.673275126367229859e+00 4.695541362050565937e+00 5.209868977586847194e+00 5.270929612467160297e+00 5.423639543092042103e+00 5.498230287161725904e+00 5.532044021730764705e+00 5.744627192476826849e+00 5.848863122270651083e+00 5.984098869994972425e+00 6.045250788746372450e+00 6.078511733881755141e+00 6.209742271877907172e+00 6.253726014955408807e+00 6.343902524770451912e+00 6.406959793666071157e+00 6.501390090336529148e+00 6.541858479001010807e+00 6.583811366923730368e+00 6.615692671361523836e+00 7.127632502530996561e+00 7.283405991969078563e+00 7.526343383119400876e+00 7.594731638461076351e+00 7.790840924892834529e+00 7.970730311950803504e+00 8.137101380948257301e+00 8.529388632147350435e+00 8.616022903196389748e+00 1.423874202713120773e+01 1.428356242481540583e+01 1.432784451710253748e+01 1.441014215056869396e+01 1.464754114342261992e+01 1.480000612363594570e+01 1.515546098701372735e+01 1.522256835129445207e+01 1.536232512725743149e+01 1.538307897478451558e+01 1.540685201156980710e+01 1.545989848123403299e+01 1.549909303263541283e+01 1.554860947982611918e+01 1.567217762389009827e+01 1.609682686116898154e+01 1.644256117431468311e+01 1.649919702820210077e+01
8.552241962668412079e-01 9.708703481622993348e-01 1.202774579214777262e+00 1.311907222095399339e+00 1.330668857106617420e+00 1.400173306585841493e+00 1.464092879286375437e+00 1.860610907760243515e+00 1.928122486361167232e+00 2.199039289006083031e+00 2.292518398397028978e+00 2.322664922675092836e+00 2.374346641486970722e+00 2.504379920473390975e+00 2.531113071446974949e+00 3.109985290759066157e+00 3.121518522390039685e+00 3.181110167168519798e+00 3.970895138518055756e+00 3.980130536506423233e+00 4.081316505462229571e+00 4.137261785292955629e+00 4.183301138323624713e+00 4.310548302655549335e+00 4.604405374918253635e+00 4.658882845284621155e+00 4.663463365376453673e+00 5.218883607794948531e+00 5.271242831062219025e+00 5.376432754291769811e+00 5.449896675785705469e+00 5.536760436003960173e+00 5.670727205379868963e+00 5.817955680632321602e+00 6.022442315291004711e+00 6.038508847041199168e+00 6.066176364986766600e+00 6.194506360645855914e+00 6.250918850810571747e+00 6.336225856216469943e+00 6.346585000871921345e+00 6.463352442731496339e+00 6.565839408320205628e+00 6.613247201525982888e+00 6.623376874151912119e+00 7.148093061540667925e+00 7.259629195929360179e+00 7.537766718321639026e+00 7.692668572815047234e+00 7.873562926247364757e+00 8.106989730070274902e+00 8.261235083900933418e+00 8.470880973490389820e+00 8.596458466904271845e+00 1.426023991169364713e+01 1.426881020026485558e+01 1.438952258084025893e+01 1.444202413419763253e+01 1.465717178274421784e+01 1.488138832863634065e+01 1.517495969670701861e+01 1.523235096080219364e+01 1.535561633388219605e+01 1.543251409379317352e+01 1.544801882817466598e+01 1.549957008071471343e+01 1.550476042625785844e+01 1.559113487302246526e+01 1.569778265196653066e+01 1.621832135003289821e+01 1.639034268501310976e+01 1.648891466838569997e+01
9.750357769838460253e-01 1.102346018952761852e+00 1.340781659679813886e+00 1.360506229587455485e+00 1.404681126028921145e+00 1.489199258623659539e+00 1.514929230029631313e+00 1.905728476324879850e+00 1.950101505339295604e+00 2.216032842140652548e+00 2.284577031687381243e+00 2.373823785448733847e+00 2.395184067711483511e+00 2.556880570086448312e+00 2.574215605050182099e+00 3.066800529013655741e+00 3.088813000502292461e+00 3.124420062389270836e+00 3.957594057453483138e+00 3.978957940470181143e+00 4.072105340167531118e+00 4.153099453251902773e+00 4.193010444039930285e+00 4.325815518455248920e+00 4.545206525860247204e+00 4.635775218665949993e+00 4.649884529279021628e+00 5.194851742493614033e+00 5.321065567974216926e+00 5.330909860010283552e+00 5.420874291454271798e+00 5.560027740430061982e+00 5.593511611375966197e+00 5.790789632349369498e+00 5.991189668262753898e+00 6.020369563621383868e+00 6.097857470402631819e+00 6.173508673605652142e+00 6.248726709991145434e+00 6.276415675023420349e+00 6.331930286423929743e+00 6.414216126655798433e+00 6.587323352453919867e+00 6.619806140709266984e+00 6.659187318963478930e+00 7.177105944863778397e+00 7.245805510053100917e+00 7.542661559018450035e+00 7.778284275046185137e+00 7.930020832116571050e+00 8.129524666059724680e+00 8.391510995577016629e+00 8.505472108205269777e+00 8.616172340975552402e+00 1.423996412723815297e+01 1.430217653846942483e+01 1.445590371932438245e+01 1.448221522639512138e+01 1.465992012519431675e+01 1.497342998248173807e+01 1.520135733171797021e+01 1.524842333827700003e+01 1.534772368152649591e+01 1.547744731670867147e+01 1.549022517175619562e+01 1.550229040588105534e+01 1.554152520641063262e+01 1.562868993553610508e+01 1.569902563816355467e+01 1.631515632689962203e+01 1.634576697946256019e+01 1.649379174228285549e+01
1.084134930992505241e+00 1.223055145533846755e+00 1.403205274539825131e+00 1.427932778994879470e+00 1.438446452368918882e+00 1.553574175509638389e+00 1.642306238033590216e+00 1.964267427218564288e+00 1.976382258959913374e+00 2.233005440183747137e+00 2.276212273909516526e+00 2.412630102592413284e+00 2.427367834771573918e+00 2.602721813373730875e+00 2.618720034757116455e+00 3.018097242987504369e+00 3.067268236826456107e+00 3.068975730883951147e+00 3.945869385945575569e+00 3.975633463580704685e+00 4.057102073104419837e+00 4.163703821005065642e+00 4.194622082840480104e+00 4.324620344811676453e+00 4.489074862409714761e+00 4.619695865385323508e+00 4.644775464027651068e+00 5.190624194903802113e+00 5.268968465278748070e+00 5.392917459899721599e+00 5.411285393034830804e+00 5.518362948569980553e+00 5.590372783455841876e+00 5.770404611943167339e+00 5.944237148150783412e+00 6.006736115453334968e+00 6.093917059883685816e+00 6.145947372712067924e+00 6.220884327168995753e+00 6.247290174180093913e+00 6.322496270146562125e+00 6.354697721346428629e+00 6.606120044575307659e+00 6.631331965363987280e+00 6.693313606256197090e+00 7.212608743351942131e+00 7.245635238277707835e+00 7.542057091427825988e+00 7.845493140257270070e+00 7.959138016825403561e+00 8.048675728266134755e+00 8.545277845405239603e+00 8.596272031765787247e+00 8.673292090906507212e+00 1.422283715389060177e+01 1.433818168557055017e+01 1.452300882923606018e+01 1.452643560548447610e+01 1.465672560611138842e+01 1.507401930251802469e+01 1.523076142859572180e+01 1.526991325612894990e+01 1.534674266879045845e+01 1.549797628327602439e+01 1.551300980575118160e+01 1.553053981479475709e+01 1.557454395699644678e+01 1.566011420352504580e+01 1.567866752912310524e+01 1.626540515016499455e+01 1.642761433458897713e+01 1.651186337770406709e+01
1.181249970389466775e+00 1.330101942885490995e+00 1.438914075304965623e+00 1.452418265942908793e+00 1.484149557984778767e+00 1.587152645187740241e+00 1.789054687111250486e+00 2.006568567226287847e+00 2.029927175038315657e+00 2.250773955556047312e+00 2.270845982130046625e+00 2.426687289625948374e+00 2.479847320659380294e+00 2.636800504248920873e+00 2.664562199401682374e+00 2.967268340841026752e+00 3.011925767109869145e+00 3.059994100064254319e+00 3.936788246840470684e+00 3.970226939866007942e+00 4.037950249732831232e+00 4.170483597159782008e+00 4.186170261953960470e+00 4.308528422932961455e+00 4.442838428757984737e+00 4.616312842535599259e+00 4.643681907631084016e+00 5.206479140465869015e+00 5.222523940330184189e+00 5.414126547961669367e+00 5.450451105487056580e+00 5.455320436050191901e+00 5.624144135639364883e+00 5.757200703889106208e+00 5.895301438666462168e+00 5.991952400225056152e+00 6.039246082642791613e+00 6.112635120975039804e+00 6.198977689964468851e+00 6.242791892806239140e+00 6.289595352699264730e+00 6.312660095564371687e+00 6.622039111454278704e+00 6.644938556818730468e+00 6.723917570775251207e+00 7.252210132619556937e+00 7.261201357666726253e+00 7.536057673079068486e+00 7.886953688573997034e+00 7.942628313812306828e+00 7.977744193039597143e+00 8.670646145197846266e+00 8.707734334012879884e+00 8.751595679819688556e+00 1.420887955168028149e+01 1.437592912782715793e+01 1.456604255846772489e+01 1.458778885879862308e+01 1.465127707809181246e+01 1.517860951919395518e+01 1.526010381286194750e+01 1.529541236199569809e+01 1.535593786723966758e+01 1.549404860534267669e+01 1.553020355952326170e+01 1.556518464545674085e+01 1.560204381410932939e+01 1.564358191198995485e+01 1.568629625295336361e+01 1.619865027312834016e+01 1.650411474338306306e+01 1.653838979549327703e+01
1.265246246066702218e+00 1.410290962084221889e+00 1.451268609844227342e+00 1.479010514153776823e+00 1.514864847661573810e+00 1.615050365769424845e+00 1.906080288913787779e+00 2.036862482727531454e+00 2.092101587972023502e+00 2.269473013836112774e+00 2.275860369644839842e+00 2.436408728111415734e+00 2.529251700790133839e+00 2.659696403453745361e+00 2.705524894719677054e+00 2.918003810520667152e+00 2.958984160981715128e+00 3.061265369141950465e+00 3.931211822736675465e+00 3.963018734964061984e+00 4.017315215653445293e+00 4.166679815038849988e+00 4.177683798561490747e+00 4.283559516083125907e+00 4.410804846164047888e+00 4.622049346679399484e+00 4.645189594223841922e+00 5.180056711092570154e+00 5.241616685944433307e+00 5.406529216008776118e+00 5.426846499346797970e+00 5.498051735283562280e+00 5.658017370715099581e+00 5.749098772945380631e+00 5.846955155134727633e+00 5.962042783828093384e+00 5.981715089872585267e+00 6.076742191641098856e+00 6.187768309171966408e+00 6.228173635845671186e+00 6.238096215013318790e+00 6.303163833783758108e+00 6.635008746983787731e+00 6.657017196167662298e+00 6.749607354341486065e+00 7.292026277231083320e+00 7.293590098832894775e+00 7.525491166155374501e+00 7.833294285470973506e+00 7.900199055944920445e+00 8.002275611387382526e+00 8.747338463879579251e+00 8.825442603474870751e+00 8.835813110651606905e+00 1.419806510294608870e+01 1.441443418237426499e+01 1.458740793770981270e+01 1.463837529301603091e+01 1.466067050207690414e+01 1.527165204162801615e+01 1.529750222382872415e+01 1.532295346540906067e+01 1.537509980918890840e+01 1.548510146978412649e+01 1.553406798106585285e+01 1.558433132813800448e+01 1.560723050209532481e+01 1.562623431161511256e+01 1.570801726155739075e+01 1.612909721560752629e+01 1.655811283311927795e+01 1.657087245133158504e+01
1.335441041111334881e+00 1.416387482111075569e+00 1.487413406283762063e+00 1.509964504048571854e+00 1.534733926776970625e+00 1.635079129560299993e+00 1.985043704583118629e+00 2.061504940001608777e+00 2.135914665839524051e+00 2.291025187352080383e+00 2.296650449403492722e+00 2.442582578473435184e+00 2.572855650831854302e+00 2.668736861130696525e+00 2.738038125584430826e+00 2.876663145697765156e+00 2.911834497632654895e+00 3.068386681898560564e+00 3.929595819210149887e+00 3.954550684509763325e+00 3.998610215002410762e+00 4.145789733106374442e+00 4.184135953917617279e+00 4.256227001056153370e+00 4.392164412421928787e+00 4.631299276172161861e+00 4.647508905017263992e+00 5.143938552138245690e+00 5.292851338211313816e+00 5.378382667164108177e+00 5.443134510948751448e+00 5.520758029487945251e+00 5.684468973071409081e+00 5.741656691127112744e+00 5.803451094015611211e+00 5.906396693791117869e+00 5.969153377631321256e+00 6.045759238611600139e+00 6.147958440187839990e+00 6.205380490204287725e+00 6.230131428062108512e+00 6.295343916017272612e+00 6.645115082291577657e+00 6.665314033652617987e+00 6.769058005990955529e+00 7.331153509086860254e+00 7.336877058221531911e+00 7.513320407859264805e+00 7.730340321220178446e+00 7.897716309644668975e+00 8.027096831266742782e+00 8.800812884381938872e+00 8.895958285147692379e+00 8.926505388661254869e+00 1.419036430817497774e+01 1.445263000253561358e+01 1.457882941235586038e+01 1.466349378333275943e+01 1.469978391656305305e+01 1.531234563625675804e+01 1.534271437293669749e+01 1.538264792262028635e+01 1.539977910027211117e+01 1.547138171321663336e+01 1.552530893981539784e+01 1.554988191987354718e+01 1.562418138733842632e+01 1.564105503546587350e+01 1.572447243306703868e+01 1.606122297592422399e+01 1.658782229354099869e+01 1.660577711339073659e+01
1.387423817660436098e+00 1.411714313388052977e+00 1.475353670609743872e+00 1.535047084378997173e+00 1.577425298525640507e+00 1.640397944621154069e+00 2.027116451661194141e+00 2.077638432087100639e+00 2.155674606245154390e+00 2.313792238106119559e+00 2.322373019550355355e+00 2.446071484644238403e+00 2.609171516664551493e+00 2.661512164053133844e+00 2.759418933711464739e+00 2.851508266308473427e+00 2.875765987743260865e+00 3.075891878564220860e+00 3.931846118321776551e+00 3.945768331055092837e+00 3.985448741299048248e+00 4.129020196194383985e+00 4.194562776761999956e+00 4.231037879300811433e+00 4.383082107633176072e+00 4.639417922650334702e+00 4.648976161387332162e+00 5.119056430394117285e+00 5.346193324322465301e+00 5.374347793596611744e+00 5.458406490612909501e+00 5.503298810582237799e+00 5.700288680864695756e+00 5.730589469640657185e+00 5.772968552897669525e+00 5.892480433435837384e+00 5.949475025110261939e+00 6.036521018377368542e+00 6.097178945929645266e+00 6.202696147044983732e+00 6.223927987860832900e+00 6.290186898377112534e+00 6.651986569777264435e+00 6.669478481202919973e+00 6.781194834116269554e+00 7.364431951972719936e+00 7.378986185767456796e+00 7.509514032560432817e+00 7.639829855985546203e+00 7.893211544545995828e+00 8.043833626752428856e+00 8.833065266505405688e+00 8.939376036424171446e+00 8.985409008032439360e+00 1.418575356906717033e+01 1.448930473207924940e+01 1.455523972928530974e+01 1.468017080619000758e+01 1.472997907164981513e+01 1.534277440937772319e+01 1.536424003701342400e+01 1.541943071118488540e+01 1.544536100404161694e+01 1.545859115674560158e+01 1.549309774962077846e+01 1.553261711214650198e+01 1.564202674063950838e+01 1.565325361317663067e+01 1.573411531269402630e+01 1.600559251709286102e+01 1.660626495240502010e+01 1.662707433493513776e+01
1.395735104767627632e+00 1.436937161538567098e+00 1.450982811869116151e+00 1.540679596014095099e+00 1.604512450343182461e+00 1.634358553362860844e+00 2.039485226116374950e+00 2.083531616009090204e+00 2.160624692578798633e+00 2.322692856099435765e+00 2.335216221851599716e+00 2.447245721837568500e+00 2.633644470362177525e+00 2.645428798253996572e+00 2.767022949331288562e+00 2.845052969676029608e+00 2.860315298454504163e+00 3.079024099074682663e+00 3.936171721654085687e+00 3.939163167354538864e+00 3.980695957823859210e+00 4.122741586432523420e+00 4.208009100988033602e+00 4.212279383768273711e+00 4.380414264099370847e+00 4.642918891492917588e+00 4.649114986864199217e+00 5.110170164440009266e+00 5.352209505832871805e+00 5.413626864302915287e+00 5.464057727939650277e+00 5.467488655238280870e+00 5.710619803609841227e+00 5.720260973993856801e+00 5.762108615270232548e+00 5.904249029751238886e+00 5.928611936204635668e+00 6.052531216614074339e+00 6.061402296723879424e+00 6.202572966139527466e+00 6.221324778841514025e+00 6.288385681179024189e+00 6.654538354373713105e+00 6.670581953728535574e+00 6.785321047921209825e+00 7.380222339335171355e+00 7.395175085432801332e+00 7.522235062885060053e+00 7.588989029491052918e+00 7.891334362652204781e+00 8.049617786183237200e+00 8.843861144603772928e+00 8.954334523657381695e+00 9.005430614479710272e+00 1.418421828481020164e+01 1.451839733165871493e+01 1.453009534499690503e+01 1.468611582329856979e+01 1.474072189358681584e+01 1.535733173882628222e+01 1.537530170625970705e+01 1.542779162655126868e+01 1.545062286371283022e+01 1.546685319790226742e+01 1.547395273995653575e+01 1.552998991485322655e+01 1.564704433619399460e+01 1.566162178336023558e+01 1.573687313107202712e+01 1.598238444843524064e+01 1.661293613705523242e+01 1.663379452982250939e+01
1.392669499696164159e+00 1.447137892939555304e+00 1.460093711679830708e+00 1.544244511877321813e+00 1.597634052189666809e+00 1.639942800482098395e+00 2.038672724612680565e+00 2.079652752505773528e+00 2.161653601332941488e+00 2.317164768056079183e+00 2.341123871629589015e+00 2.448989162641647788e+00 2.627085613059702229e+00 2.651355164618209859e+00 2.764649757373249361e+00 2.836104105595409930e+00 2.870134613534691237e+00 3.073353309490262752e+00 3.935969755690749139e+00 3.944810071152757391e+00 3.983563471645156451e+00 4.126106399231075805e+00 4.201168447942722928e+00 4.220548430207668567e+00 4.381591737120700714e+00 4.628939029844921116e+00 4.644682593581944907e+00 5.112767822846836729e+00 5.356336279287568836e+00 5.412988882631911025e+00 5.458200965470302535e+00 5.474911814900789153e+00 5.678893597538749560e+00 5.720485174239697379e+00 5.775427059252968398e+00 5.911052997339739434e+00 5.955347985136985045e+00 6.041006593211078801e+00 6.069568632869712488e+00 6.178490455218368815e+00 6.257958679510131184e+00 6.290222944891193713e+00 6.643207399033665972e+00 6.673326047117399185e+00 6.778014534591219054e+00 7.298982982698619892e+00 7.392833486027763357e+00 7.540020831493015940e+00 7.668796170760576736e+00 7.881968873857446489e+00 8.059409579798236578e+00 8.833452300498851884e+00 8.942494173941707203e+00 8.991798252248791812e+00 1.418967478958292361e+01 1.451537582239801516e+01 1.454361563073917196e+01 1.467977069002017210e+01 1.473743904409991501e+01 1.534422485853296259e+01 1.538584161677888318e+01 1.541647555683083581e+01 1.544268707768799942e+01 1.546947112572123295e+01 1.549604800580133102e+01 1.553688759507990191e+01 1.563596126072882697e+01 1.564277190634709491e+01 1.578559949422845321e+01 1.598248274320701157e+01 1.660401246527748498e+01 1.662711368016026015e+01
1.390379195965155912e+00 1.465759672471696140e+00 1.484525102482141756e+00 1.557431053883558292e+00 1.587776120698005444e+00 1.650739499052380932e+00 2.035695508408038368e+00 2.068012161601449073e+00 2.162320958110347302e+00 2.313599254703857078e+00 2.348299467973424814e+00 2.454063146282979613e+00 2.617110500792583228e+00 2.660204086418433977e+00 2.757659383600380654e+00 2.824033141877847708e+00 2.883180276193879177e+00 3.056916008027795062e+00 3.941162114831163965e+00 3.955860418178644089e+00 3.991711469939332790e+00 4.135811094870299520e+00 4.195998863805700196e+00 4.230607060331341707e+00 4.383609675953432649e+00 4.596368163601609602e+00 4.623762031037106368e+00 5.120825000150371231e+00 5.366061060602214994e+00 5.412013389183349510e+00 5.454250735591021915e+00 5.489294311299991236e+00 5.623092193106396408e+00 5.704974820537141333e+00 5.806032581852988095e+00 5.933190879426350151e+00 6.011314350017289421e+00 6.033026608600807528e+00 6.075524710360684644e+00 6.157023987364005357e+00 6.292669242439054678e+00 6.311336592510779830e+00 6.617201625339163229e+00 6.673118350162536849e+00 6.756926709737333780e+00 7.221002764572494570e+00 7.299575494641786122e+00 7.647166313736788901e+00 7.777149497453530458e+00 7.856851411146288378e+00 8.087329210684901071e+00 8.803211511708751047e+00 8.907634947089734467e+00 8.951991425526310664e+00 1.420572852391925878e+01 1.451719319277575337e+01 1.457125364010067692e+01 1.466269559508179654e+01 1.472857246211143867e+01 1.532498481969417448e+01 1.537105757656815364e+01 1.540126345431094990e+01 1.542859722176745585e+01 1.549762570575716936e+01 1.553647167599311274e+01 1.556009547459494335e+01 1.562084130048101116e+01 1.563116626042521773e+01 1.586201668663952624e+01 1.598561863931475990e+01 1.657971904302998922e+01 1.660609815135208578e+01
1.396734236507332305e+00 1.477411367274836573e+00 1.518456286995456095e+00 1.565325275497063684e+00 1.605453086096046977e+00 1.665047406066790803e+00 2.027266221671406576e+00 2.050024017134207011e+00 2.155296761742495182e+00 2.321498722817438409e+00 2.354444624266397668e+00 2.461658013257534972e+00 2.608470527894405588e+00 2.668547956958795542e+00 2.746197048820761211e+00 2.813265440858759625e+00 2.891075527402420242e+00 3.030790876859949634e+00 3.953246276380635749e+00 3.970225836215686588e+00 4.003849805982975241e+00 4.150972326707659477e+00 4.195959891435007805e+00 4.240234547065402815e+00 4.382741460584688831e+00 4.550528272438372213e+00 4.586061514275071360e+00 5.135353682363851924e+00 5.375923245262674399e+00 5.412165862628337543e+00 5.458154836424617962e+00 5.515746368136936972e+00 5.562526935005395856e+00 5.675968166377760582e+00 5.849967104705227072e+00 5.964918170933764863e+00 6.018721059869135637e+00 6.072004057246204844e+00 6.096501383936333340e+00 6.139284683872236137e+00 6.302225723632519205e+00 6.356627311902509625e+00 6.581833133267775082e+00 6.663438722544669623e+00 6.724136663341484521e+00 7.165922684819232558e+00 7.216693885073454773e+00 7.752060234178561160e+00 7.814724951786598872e+00 7.900671620059918077e+00 8.129305318807546143e+00 8.755941335397199765e+00 8.851640506482013393e+00 8.889302815135090796e+00 1.423150189236894470e+01 1.452330883749123203e+01 1.460530358529843653e+01 1.464062501871929634e+01 1.471854860511059826e+01 1.527563604292213029e+01 1.534068426001081775e+01 1.538603719825340477e+01 1.545848150968942569e+01 1.552430001265485338e+01 1.557208167090780115e+01 1.559303204444008273e+01 1.562462428346003662e+01 1.563811449260652786e+01 1.591700192002223346e+01 1.601053289390064194e+01 1.654460571081433784e+01 1.657058980379695612e+01
1.417200468211645692e+00 1.486911417737970753e+00 1.549732758877093719e+00 1.567574398738197816e+00 1.648896909252434373e+00 1.690006205900520975e+00 2.004190855430907803e+00 2.031901417670522569e+00 2.134314830350880321e+00 2.342718842124788647e+00 2.363482173234985773e+00 2.470065325419758651e+00 2.603163212808175864e+00 2.674717289737892134e+00 2.730299860288646130e+00 2.803917371690380023e+00 2.889593393314028980e+00 2.995590942141756141e+00 3.971461052257924784e+00 3.986864857277275132e+00 4.017963389725046852e+00 4.170704421462539280e+00 4.201912368653706764e+00 4.249349872275788087e+00 4.375160895847029607e+00 4.495748720885556438e+00 4.534964730050547566e+00 5.158237484132426331e+00 5.382552005970779874e+00 5.416457657924637736e+00 5.465838071187968161e+00 5.505615692084758983e+00 5.561415423909965128e+00 5.640596518281529193e+00 5.902707079274387425e+00 5.998327340757728443e+00 6.015828277624327036e+00 6.064896916670917904e+00 6.122502698614271210e+00 6.171180595831723181e+00 6.315201908618279347e+00 6.387735511407629296e+00 6.544290879517062010e+00 6.637009802059810504e+00 6.682250197973119477e+00 7.138518490081245282e+00 7.169823580012848474e+00 7.715509566780271555e+00 7.914343378503406079e+00 8.007835345301211660e+00 8.180123985091459105e+00 8.695755366445078849e+00 8.777455670417456446e+00 8.809200501797789684e+00 1.426572916609338648e+01 1.452716883982238727e+01 1.459983557163247347e+01 1.465866098226512726e+01 1.471621730454982391e+01 1.519286064365054933e+01 1.533776942772222895e+01 1.537397364459602045e+01 1.549969692400139110e+01 1.554299053413240550e+01 1.556388859567303129e+01 1.563063338043774664e+01 1.565838741585767657e+01 1.568198816466767553e+01 1.592472714589200145e+01 1.607504814922872782e+01 1.650295278251695663e+01 1.652322388000122189e+01
1.452230638888972303e+00 1.503440912085502790e+00 1.556423746761851357e+00 1.596982181059107830e+00 1.684851666716951302e+00 1.738552317530301705e+00 1.964294932886859524e+00 2.013988251063397517e+00 2.099693355136167838e+00 2.369546645696621656e+00 2.380384250471748064e+00 2.476563857035331662e+00 2.603055058359310170e+00 2.676574554758216706e+00 2.710512678852710522e+00 2.796284551076923641e+00 2.876751403322918677e+00 2.951697014618393844e+00 3.993333741086313005e+00 4.004598460716554342e+00 4.031363071067928239e+00 4.194329321397803234e+00 4.213766445125622262e+00 4.257981493400958328e+00 4.359293364347771593e+00 4.436887346272873067e+00 4.475408212478352077e+00 5.191370936749659215e+00 5.382645273772761030e+00 5.428830545403823926e+00 5.440920267126770682e+00 5.493992356715056147e+00 5.591820360845701110e+00 5.637032128258555375e+00 5.958286328947599131e+00 5.997910680605128775e+00 6.026957815730024315e+00 6.054383433977891471e+00 6.110554090498207636e+00 6.239959970334808759e+00 6.331666742780146073e+00 6.398881228501908325e+00 6.514231528069935884e+00 6.593274520286589002e+00 6.634164532915537649e+00 7.142850854850192555e+00 7.164846500349133507e+00 7.628744097524145396e+00 8.047167156667491383e+00 8.113956370536916651e+00 8.235109905992766599e+00 8.627170930264794535e+00 8.689544879096581909e+00 8.718625375907198105e+00 1.430694671604009294e+01 1.452166597564860417e+01 1.456471656385766167e+01 1.470502518443357509e+01 1.473057187538065804e+01 1.510346372616234234e+01 1.534151648736415119e+01 1.536630241629407223e+01 1.550657563355012236e+01 1.555842933144581153e+01 1.558792092780292471e+01 1.564966265047107008e+01 1.571696203126595925e+01 1.573110181499728633e+01 1.591074595891904764e+01 1.614950422930111884e+01 1.645822579661916407e+01 1.646943083683682119e+01
1.492928801340618783e+00 1.523985238930015029e+00 1.556832815243316182e+00 1.644084785497189394e+00 1.715953828095116540e+00 1.801090517487152320e+00 1.912813977762053197e+00 1.992180935174114875e+00 2.054051674271474948e+00 2.391838550118193574e+00 2.406081066714089278e+00 2.476654236364366213e+00 2.610577622528110986e+00 2.673016422366381928e+00 2.688884090803576932e+00 2.791917227544645996e+00 2.854280297925380516e+00 2.900906917139632224e+00 4.014819897060264431e+00 4.021551409389670262e+00 4.040979746705390063e+00 4.220860464633152453e+00 4.231210553403426111e+00 4.266499105232829159e+00 4.337075490856141080e+00 4.379736659038935720e+00 4.413496534772676227e+00 5.234981681930845454e+00 5.373259413657200945e+00 5.399131138419489773e+00 5.452471670278524307e+00 5.506411556723966427e+00 5.564673847044352861e+00 5.712935173109634945e+00 5.967603858681663098e+00 5.999823287838984776e+00 6.013067273696375281e+00 6.074787136197826065e+00 6.106019962517355459e+00 6.295094569564287923e+00 6.348559040719504942e+00 6.390532398394993763e+00 6.497460257043369936e+00 6.547746393562663414e+00 6.583834155937825727e+00 7.177406082194260684e+00 7.191452678346045069e+00 7.524332205902881654e+00 8.182837331708711304e+00 8.216457830415606622e+00 8.290821439347112687e+00 8.553657539406570365e+00 8.595718908360904464e+00 8.623989586405828689e+00 1.435360066213976005e+01 1.450513029010244814e+01 1.452604215270970656e+01 1.475148753327424522e+01 1.476320682505641457e+01 1.501308164802627765e+01 1.534812382470490810e+01 1.536446877120242327e+01 1.547072931270734664e+01 1.560441986607757947e+01 1.562041702066583149e+01 1.566778450184612304e+01 1.576747837974074251e+01 1.577530358243253161e+01 1.588696222152870519e+01 1.622017948315594182e+01 1.641156831312762421e+01 1.641836928586611322e+01
1.527583078319328491e+00 1.539212351367262199e+00 1.555250078999437013e+00 1.708526699601163878e+00 1.747509396247904467e+00 1.842435682028920274e+00 1.877331004854962071e+00 1.966737603971724369e+00 1.999397654018203019e+00 2.412934498937154171e+00 2.426408693571127539e+00 2.464561687985785454e+00 2.627415735370847383e+00 2.664735322808079676e+00 2.669200223775557657e+00 2.794072176833626742e+00 2.828000811432165751e+00 2.848253362583110349e+00 4.030616011661537712e+00 4.034760666952331931e+00 4.044186280903652175e+00 4.246308148294731133e+00 4.254937453295393190e+00 4.274963922756384704e+00 4.314557188222394757e+00 4.332311689651289655e+00 4.356800038176445788e+00 5.286475437539589706e+00 5.355398151476920887e+00 5.368116076247129165e+00 5.481355647016540544e+00 5.515373820906443569e+00 5.539597993457594072e+00 5.803841311939017977e+00 5.930303482139311022e+00 5.951644126451540728e+00 6.058831700231422701e+00 6.093921650511037846e+00 6.102861931558710928e+00 6.333901195619640490e+00 6.358474203492006538e+00 6.370972729598698869e+00 6.493671420433893005e+00 6.517475697449814476e+00 6.538023899057828991e+00 7.230775332921632881e+00 7.238588595719928520e+00 7.409018037941382140e+00 8.309420098309193037e+00 8.320117356208116988e+00 8.344843333779659034e+00 8.475597768127432374e+00 8.508165801865549938e+00 8.530480027373608110e+00 1.440399414807210121e+01 1.448122422693202438e+01 1.448803756723730096e+01 1.479573199094278912e+01 1.480388117367838596e+01 1.492381654602998076e+01 1.536044024761021376e+01 1.536955711125760260e+01 1.542931874746645526e+01 1.564608454428039863e+01 1.565127618779510144e+01 1.567832447470364343e+01 1.580438593992958651e+01 1.580834478436343460e+01 1.585622489940775814e+01 1.628431911075120908e+01 1.636797267148520518e+01 1.637609174332927253e+01
1.548692794616115753e+00 1.548813942662929932e+00 1.549481498245233402e+00 1.774563374602667887e+00 1.774733806066255415e+00 1.775798976414068031e+00 1.941231903413435322e+00 1.941532289195861516e+00 1.941707452319014093e+00 2.431513374840400310e+00 2.435699170402675584e+00 2.438145626015616685e+00 2.650270113499480384e+00 2.652955640269962778e+00 2.653405672342740829e+00 2.801885310303684928e+00 2.806761573358611539e+00 2.806952152198948003e+00 4.036509703987404052e+00 4.039526968394717699e+00 4.040034883659026299e+00 4.267538036071314878e+00 4.268534416794978803e+00 4.270922973828157332e+00 4.313053711107111887e+00 4.314904781418035462e+00 4.315631908464830246e+00 5.339682326379837640e+00 5.340358436306843259e+00 5.340771666991361855e+00 5.513654082020945424e+00 5.513838251963203874e+00 5.516276133778223567e+00 5.897452600319988747e+00 5.897858259846431750e+00 5.899101995315978897e+00 6.095847845103646634e+00 6.096133455205728247e+00 6.096208187384904775e+00 6.352256645297523541e+00 6.353248899041892273e+00 6.355888379779896624e+00 6.502571091535153336e+00 6.504282918233133870e+00 6.506162585288628009e+00 7.290211274626672733e+00 7.291341877753418466e+00 7.297320679870744620e+00 8.391092070202400777e+00 8.391119630529676243e+00 8.393883803364621699e+00 8.442473907059174110e+00 8.444166143220146026e+00 8.448379923113069623e+00 1.445343970903478414e+01 1.445451439838067031e+01 1.445604478435737583e+01 1.483724523771585169e+01 1.483811030368053530e+01 1.483891077742729614e+01 1.538265024681837545e+01 1.538326899692689587e+01 1.538549428883945858e+01 1.567483074548142774e+01 1.567500712229559134e+01 1.567519460137971343e+01 1.582061734069083592e+01 1.582422471161581434e+01 1.582557455633233623e+01 1.633973653688742544e+01 1.634049077037505882e+01 1.634147810899175823e+01
1.534379260898293351e+00 1.548250973197729863e+00 1.555245328220878687e+00 1.693470641634716500e+00 1.783126890548534904e+00 1.810411554367731046e+00 1.908630559279916872e+00 1.927012082447463026e+00 2.000687912095656440e+00 2.402274707374197682e+00 2.440702761398632514e+00 2.453819937022644115e+00 2.636936423437656440e+00 2.640047587794882578e+00 2.674545007760896098e+00 2.790671425927617744e+00 2.803421983031368470e+00 2.837135210437816468e+00 4.030065351171047361e+00 4.032903014013200504e+00 4.041305348123190200e+00 4.248344162598860052e+00 4.258101676613146758e+00 4.283434005974931402e+00 4.303146074952752365e+00 4.334119645891195916e+00 4.346111832756103688e+00 5.311876891229814213e+00 5.328061877717185091e+00 5.381509109770133747e+00 5.481308942646735183e+00 5.500535826360120062e+00 5.554863348505270082e+00 5.855101052217507984e+00 5.875498529200012143e+00 5.974008604169608105e+00 6.076063033710338956e+00 6.082479878097224457e+00 6.115530001931602122e+00 6.337756833192528028e+00 6.350218232408754382e+00 6.366037437309440605e+00 6.494118295742111968e+00 6.508254546651611960e+00 6.526126368948476753e+00 7.193217884631023296e+00 7.343338011480976313e+00 7.348023460090808534e+00 8.319390442430199428e+00 8.350397130644326538e+00 8.363779005109540421e+00 8.435426351491408070e+00 8.478501871888116881e+00 8.543889238124179997e+00 1.442747146904502387e+01 1.443365185588407051e+01 1.450184301448299884e+01 1.476583594444308645e+01 1.486675488403481360e+01 1.487435605136132288e+01 1.534022140881990204e+01 1.540588030423814203e+01 1.541355124797114939e+01 1.565114249877126795e+01 1.568088587697549485e+01 1.568146699020799062e+01 1.579538650387026699e+01 1.582749853939823659e+01 1.582915861384675082e+01 1.631380080895683804e+01 1.632836557526326970e+01 1.638321067074610582e+01
1.509898821066479879e+00 1.535973634063471538e+00 1.558804481919219276e+00 1.605183628698530374e+00 1.761671040552837741e+00 1.794185597907159480e+00 1.908334722176472154e+00 1.933606168815113824e+00 2.037869445767263699e+00 2.371800530868280354e+00 2.435417003859859708e+00 2.469220949692538802e+00 2.618325688791390160e+00 2.623721548873567677e+00 2.685810371062546498e+00 2.792555465824449801e+00 2.818576375456204097e+00 2.871412505572357610e+00 4.011940601741680545e+00 4.021151055115629092e+00 4.041661566539266559e+00 4.230062305160193326e+00 4.242832379480905303e+00 4.289751060012830131e+00 4.325705027702102079e+00 4.363799505448286986e+00 4.384919421841175335e+00 5.287769816639960929e+00 5.322968783355237932e+00 5.410153251004184760e+00 5.438829700751766083e+00 5.470925633228461926e+00 5.607668691563461039e+00 5.834611963450662131e+00 5.865315078367094870e+00 6.035544438285063151e+00 6.047319288322495545e+00 6.071505142195793070e+00 6.120567916457332558e+00 6.315311902356995688e+00 6.352649323034217588e+00 6.369041650167615032e+00 6.493019879382768700e+00 6.516869090275209331e+00 6.553700783536862140e+00 7.107777988847874262e+00 7.392102353822376237e+00 7.405021948531060438e+00 8.247989423279092236e+00 8.268038558255289772e+00 8.306399620282059360e+00 8.461897449839117513e+00 8.522305495161912603e+00 8.622862879330973840e+00 1.440293546956216986e+01 1.441249809468187415e+01 1.454155792057904151e+01 1.469837107307084878e+01 1.488448439891834951e+01 1.489982455283090701e+01 1.529996233758519075e+01 1.543497125683030902e+01 1.544950391961460134e+01 1.561811457039314632e+01 1.567913921632579566e+01 1.568047111762369106e+01 1.576371125170486209e+01 1.581431489537260937e+01 1.582039529497330754e+01 1.629405183631327958e+01 1.632775913769648213e+01 1.641421267903105274e+01
1.454071453390221258e+00 1.499773716593574724e+00 1.539716927647511335e+00 1.563361563284922262e+00 1.713386016744969043e+00 1.763996535426606060e+00 1.902130554695648623e+00 1.957130832985325863e+00 2.046738203576149218e+00 2.343210550724727614e+00 2.423494285386335267e+00 2.481338875520352261e+00 2.593923943554126588e+00 2.602505567482249482e+00 2.687728549834177638e+00 2.814055344761135835e+00 2.845172819398991582e+00 2.906494631355676983e+00 3.985869047099831253e+00 4.010799605218294595e+00 4.045157869423084307e+00 4.215640018551498613e+00 4.230150487293382611e+00 4.301419323015988283e+00 4.357906391976342775e+00 4.398287243661743062e+00 4.425058150689996417e+00 5.269977084375494059e+00 5.322921917797813762e+00 5.383844178327966468e+00 5.425830408538186767e+00 5.441842709235649167e+00 5.668767371920490739e+00 5.836156355116474792e+00 5.864617640694496536e+00 6.006098190494904010e+00 6.066551515750636447e+00 6.089842849703232197e+00 6.108097593096620592e+00 6.298278935663100597e+00 6.352969762122008923e+00 6.367686456546510776e+00 6.495442098987858515e+00 6.529170675887353781e+00 6.581809412870138765e+00 7.048225595683671685e+00 7.432485699349143715e+00 7.457616210699876902e+00 8.173516065671410757e+00 8.198650784248318502e+00 8.256211507402046124e+00 8.474771617245146160e+00 8.546531410709874876e+00 8.676406120088767437e+00 1.438117765454332186e+01 1.439314626097981886e+01 1.456198598685501722e+01 1.464322665125057910e+01 1.489154761301112906e+01 1.491226317653888245e+01 1.526553244004956333e+01 1.546754680849127439e+01 1.548612394352500843e+01 1.557702920560676851e+01 1.566870786218134803e+01 1.567292947776668122e+01 1.573181432251446132e+01 1.578566068001076950e+01 1.580030002672247136e+01 1.628296153623332643e+01 1.633576626176961000e+01 1.643098542392127825e+01
1.351097957177786579e+00 1.450026223784894430e+00 1.513222651425969012e+00 1.556694560861853649e+00 1.659041664027403273e+00 1.727435967832240182e+00 1.889428197339573456e+00 1.965002002813687421e+00 2.034419021862560850e+00 2.315927625207599760e+00 2.405853850859648091e+00 2.488749223313090564e+00 2.563302248617817636e+00 2.577414945378197597e+00 2.684195314383969411e+00 2.852399312038880197e+00 2.877898776968200067e+00 2.940588455998627726e+00 3.962369265027082754e+00 4.001109164397693263e+00 4.053414872231949850e+00 4.205098948285106886e+00 4.219960180243981895e+00 4.313038239807890584e+00 4.396444519649526761e+00 4.434308019114335586e+00 4.464888460590695551e+00 5.259082574454974512e+00 5.314700082023152028e+00 5.340614051717840205e+00 5.411749245608548975e+00 5.439171067659623660e+00 5.728889622512516766e+00 5.852045870193361310e+00 5.867630758277457836e+00 5.968249102150531726e+00 6.072010395585639486e+00 6.074015200236098089e+00 6.131199819953093488e+00 6.289849219095735577e+00 6.345434499295905084e+00 6.368131807354199481e+00 6.505453088127544525e+00 6.543125698954939118e+00 6.606158180850022710e+00 7.015642709835098856e+00 7.459218367544447226e+00 7.501331008446380899e+00 8.090542782637932362e+00 8.155875284978568729e+00 8.217628039937086015e+00 8.469719251288443829e+00 8.549341007150083271e+00 8.702968786732226292e+00 1.436237403861595396e+01 1.437598985587528233e+01 1.453949049417892603e+01 1.461989487121255138e+01 1.488943727990264598e+01 1.491241349421671458e+01 1.524102437562591028e+01 1.549395610925618172e+01 1.550566481929394946e+01 1.553829430849832782e+01 1.564863951025688671e+01 1.566262816000600999e+01 1.570222133924894869e+01 1.574906624574770042e+01 1.577366510219955309e+01 1.628015866411079315e+01 1.634843982788497385e+01 1.643219939858811784e+01
1.233626020841033455e+00 1.390870133357564598e+00 1.485618312207177771e+00 1.536924202229737579e+00 1.611654835153742304e+00 1.685004606569946883e+00 1.863997813526648839e+00 1.939475505286789581e+00 2.023402037075206827e+00 2.288495915985388596e+00 2.384130496032967006e+00 2.489264345070804740e+00 2.527501378738813198e+00 2.550084958655265854e+00 2.676166120547180505e+00 2.899893270850540272e+00 2.915861087104633764e+00 2.973682294121085423e+00 3.946301360044551565e+00 3.993246599299415944e+00 4.064199828094998246e+00 4.198503117824784248e+00 4.212458690146227092e+00 4.320227805816029942e+00 4.439441611776563157e+00 4.469801636247319188e+00 4.503453265604552058e+00 5.249314815982497606e+00 5.284202641924326649e+00 5.325055301035162891e+00 5.412408668296269987e+00 5.441118771812357480e+00 5.769487303506764420e+00 5.867122233351435234e+00 5.873277560729426305e+00 5.939388646862534316e+00 6.037505701361929766e+00 6.091480167284846203e+00 6.160859358063578206e+00 6.290752571143863214e+00 6.332579709365500520e+00 6.369174690499869840e+00 6.523893303319877823e+00 6.558010201252376881e+00 6.623998975220695584e+00 7.005524343699022438e+00 7.467227051475682664e+00 7.531237058225291214e+00 8.008420010205126616e+00 8.136413876137773116e+00 8.193703952517241262e+00 8.443654324589250137e+00 8.532610877657511139e+00 8.702810448774185303e+00 1.434667993795861207e+01 1.436132546468861904e+01 1.449026567953321809e+01 1.460911105650998998e+01 1.487984893419660004e+01 1.490220282819160857e+01 1.522963038765193744e+01 1.545983449241957430e+01 1.550484912329545040e+01 1.553890242751115380e+01 1.561880274475884356e+01 1.564800049815373129e+01 1.568136381858373696e+01 1.571219677797542325e+01 1.574977918639535446e+01 1.628518976063651280e+01 1.636280397875948722e+01 1.641739145130019395e+01
1.112929139055842453e+00 1.319451559478948877e+00 1.449668190686452141e+00 1.500555770107272924e+00 1.576260477539967120e+00 1.637179124875260294e+00 1.808569845020955080e+00 1.898913964023637879e+00 2.016880943643438950e+00 2.261160135816268735e+00 2.361016175466311484e+00 2.475948640864693573e+00 2.492756371950122229e+00 2.522807168518421683e+00 2.662108769032715205e+00 2.943652395220261564e+00 2.965638167954088633e+00 3.007026290428669313e+00 3.939518863846608987e+00 3.987744822753381158e+00 4.072787742267000688e+00 4.192306073453338833e+00 4.211615376071679684e+00 4.321309139691215329e+00 4.484332031561467424e+00 4.504224805451193525e+00 4.540031542527781738e+00 5.230690559186549571e+00 5.263534105180496248e+00 5.331978939257207450e+00 5.400070041082991601e+00 5.471847777808959812e+00 5.763529407369189173e+00 5.863963271933241295e+00 5.873563821760656722e+00 5.942320366130388720e+00 6.029624913611088211e+00 6.118656922617796035e+00 6.184740962904379913e+00 6.303144460783093983e+00 6.317592648554503754e+00 6.369285319110876031e+00 6.543488452528820609e+00 6.574920650094785657e+00 6.634021394746604017e+00 7.012436037896377705e+00 7.454295618886982666e+00 7.543033528702331125e+00 7.929639093379106995e+00 8.138874836817988623e+00 8.183840806186267969e+00 8.395720197511980842e+00 8.501730510966298837e+00 8.678394174010593431e+00 1.433425875089617385e+01 1.434940747340494127e+01 1.443903531013711294e+01 1.458587057867500825e+01 1.486412090666007835e+01 1.488381504540015321e+01 1.523186949170793270e+01 1.540156316900193367e+01 1.548168946832734783e+01 1.553568746773396114e+01 1.558264376562216569e+01 1.561926319111993955e+01 1.565959157646439515e+01 1.569090290757995376e+01 1.573907852086162684e+01 1.629753961471883628e+01 1.637326776953818452e+01 1.639190453732039288e+01
9.929230020726040884e-01 1.235994734463941480e+00 1.401402679581831956e+00 1.460654303393732700e+00 1.540576266288908647e+00 1.583643511935157067e+00 1.712927325796786304e+00 1.869923714113180591e+00 2.005836657254409072e+00 2.235216097653526468e+00 2.339412051552525185e+00 2.437970335538744315e+00 2.469857639273754568e+00 2.498107314279667701e+00 2.640244064038723693e+00 2.984726512029565626e+00 3.021388467840785186e+00 3.043108967318002733e+00 3.941636974361582446e+00 3.984516041489511551e+00 4.075753037028715831e+00 4.182207376305292712e+00 4.219259478495392734e+00 4.315773237577326782e+00 4.528056913585830401e+00 4.539510940902514946e+00 4.574125388645298607e+00 5.214626025580661128e+00 5.254522057105205590e+00 5.349564453435675659e+00 5.388315799409704177e+00 5.523886652192525837e+00 5.714325076526011848e+00 5.840971728485610193e+00 5.877044702055968628e+00 5.970467874207429304e+00 6.046018879518160638e+00 6.149487570275048220e+00 6.209792294342562080e+00 6.300131746848617098e+00 6.329706644877413524e+00 6.369107078393918542e+00 6.556247590623144106e+00 6.593380938060945162e+00 6.636456487168029383e+00 7.033040169458454116e+00 7.422953791311346805e+00 7.535142007710819989e+00 7.855280425606443018e+00 8.151978101716460756e+00 8.178818062497043684e+00 8.330410651686733559e+00 8.468432889032420974e+00 8.635749429410086719e+00 1.432529714853117575e+01 1.434048077415430633e+01 1.439069208509852160e+01 1.454822202982706969e+01 1.484307883175052112e+01 1.485924929357439339e+01 1.524490035890165984e+01 1.534246930029204314e+01 1.544325165987995518e+01 1.550762338152528841e+01 1.554549200284911947e+01 1.557972585063657078e+01 1.562836413474096808e+01 1.568379871673501569e+01 1.573709568107762813e+01 1.630714108386931471e+01 1.634696128736308296e+01 1.640012846861876383e+01
8.757415220962703195e-01 1.141180680757708066e+00 1.344939106220176761e+00 1.421493790104804811e+00 1.488755980734185247e+00 1.524669192310099897e+00 1.596964546115766437e+00 1.850026383153212661e+00 1.988159429990271176e+00 2.211765603875601283e+00 2.321338687315389393e+00 2.393638627569507182e+00 2.444878545230972033e+00 2.474755796575188072e+00 2.610052920605355986e+00 3.027660192114029147e+00 3.069095562842330871e+00 3.089902907272718657e+00 3.950771121552959286e+00 3.983000713076843002e+00 4.073533012007599652e+00 4.168641501130351479e+00 4.228071813071936802e+00 4.303669478774842183e+00 4.567514053315237632e+00 4.579228586063365469e+00 4.605676430099483909e+00 5.210263798857859285e+00 5.257585884426027256e+00 5.327489949797006297e+00 5.429951867949212918e+00 5.583310656560792395e+00 5.658008194126635360e+00 5.817741353324122677e+00 5.883199958468889434e+00 6.004391228806846392e+00 6.051489305436975386e+00 6.178855697469297859e+00 6.246223641412329997e+00 6.287054447318306316e+00 6.352237661901620314e+00 6.380119250269332021e+00 6.561528305839069652e+00 6.604978380291810502e+00 6.634724446092991279e+00 7.065750760178817202e+00 7.379049869737306366e+00 7.509617693709795816e+00 7.785956151346129950e+00 8.128452702553449427e+00 8.174224762061809813e+00 8.261153006442768287e+00 8.455819490883556000e+00 8.588214380652992475e+00 1.431998435246584123e+01 1.433478092832980089e+01 1.434637690366694684e+01 1.449984773776121649e+01 1.481713211887334580e+01 1.483021297713100495e+01 1.526052895840279611e+01 1.529073137269899085e+01 1.540073524163176799e+01 1.546502092926538730e+01 1.550479188490173499e+01 1.553239251770646234e+01 1.559999271175123248e+01 1.567408693422107113e+01 1.572898902312536329e+01 1.625959536223192359e+01 1.636142018217081429e+01 1.642055332919741772e+01
7.624356444294060342e-01 1.035935529163501512e+00 1.284514656831684976e+00 1.368425579353502064e+00 1.405254180531861907e+00 1.462998389950843192e+00 1.499244810270621953e+00 1.836308670855264724e+00 1.964758052273447353e+00 2.191374711098133421e+00 2.307447477939401637e+00 2.348767932152805216e+00 2.418709637143469315e+00 2.449594075242607971e+00 2.572570348031349319e+00 3.072501099908322431e+00 3.108083191808085566e+00 3.145979067917905603e+00 3.964272804190831501e+00 3.982440099551488810e+00 4.068474929558309583e+00 4.151617528917715738e+00 4.230539349944843153e+00 4.285390819287832720e+00 4.606454740537334835e+00 4.619037615428704058e+00 4.635966449636709008e+00 5.216547953411692085e+00 5.271306785000467343e+00 5.298426991012759935e+00 5.496868539260617581e+00 5.583630509751148274e+00 5.676545642019078741e+00 5.801061156157859777e+00 5.890295214106099131e+00 6.019506855168725856e+00 6.049640444977918641e+00 6.203272866086634529e+00 6.269450725918074951e+00 6.304661098356978854e+00 6.352456993845759570e+00 6.416943527414492365e+00 6.560613099025074391e+00 6.599082418259880178e+00 6.636111378839174790e+00 7.108845955426851049e+00 7.329152519527474929e+00 7.470676333502932920e+00 7.722061265527949914e+00 8.046110535253538032e+00 8.132547090021851943e+00 8.202891859131755226e+00 8.481967392548167339e+00 8.561090183680212462e+00 1.430593778100137925e+01 1.431892819576155951e+01 1.433273355954986172e+01 1.444533185709396150e+01 1.478662911377682221e+01 1.479797729786502281e+01 1.523193968704348755e+01 1.529010956191440052e+01 1.536184914848859684e+01 1.542111337181156827e+01 1.545874471496206226e+01 1.548130001191492688e+01 1.557519117874603864e+01 1.565487255960439761e+01 1.570781431650596893e+01 1.618259464114619561e+01 1.639717216473712114e+01 1.644521659007752845e+01
6.532139961722304156e-01 9.215755618082434042e-01 1.197775195750736543e+00 1.268440524042421691e+00 1.347173954799476103e+00 1.400224432866492341e+00 1.433359915792038919e+00 1.827713295742297461e+00 1.937860048673862634e+00 2.174159085514457246e+00 2.296401898709174993e+00 2.305924840258088082e+00 2.393711407803424951e+00 2.422198208136526976e+00 2.529864077239634135e+00 3.117963756123215191e+00 3.145776716311579957e+00 3.202270255209245242e+00 3.977856229529127319e+00 3.983731068175628831e+00 4.062593785243183042e+00 4.130757202601266442e+00 4.223028089928643425e+00 4.261589197250870598e+00 4.646182782719175286e+00 4.652111953806932654e+00 4.669439666595108562e+00 5.213493674424450219e+00 5.276169602234230815e+00 5.314696262163366214e+00 5.539497947212224993e+00 5.583059476958617928e+00 5.747082096377292615e+00 5.797021131166973262e+00 5.895885674382247643e+00 5.979924942681821065e+00 6.077792114795633971e+00 6.214269000650438635e+00 6.277059643672982858e+00 6.340999950288183307e+00 6.361774142966741152e+00 6.458100265176206278e+00 6.553663491153822740e+00 6.579019902352078120e+00 6.638314267665115231e+00 7.158728663493223010e+00 7.279728773284877441e+00 7.422812912839908073e+00 7.663993898325893284e+00 7.936283490500014359e+00 8.040096848749458402e+00 8.128109625717277353e+00 8.537247736807676901e+00 8.575902472194609771e+00 1.427044661347953358e+01 1.432148723477083152e+01 1.433449069305502555e+01 1.438895740963216952e+01 1.475233670389497931e+01 1.476309650149475061e+01 1.519290686681515723e+01 1.529552122051068430e+01 1.533648795637984108e+01 1.538554818464511165e+01 1.540977967798481707e+01 1.543027583456233920e+01 1.555340981714052795e+01 1.562443252100338142e+01 1.567286294638805799e+01 1.609240829287183416e+01 1.643759694105957081e+01 1.647325947982192318e+01
5.476748997849530953e-01 7.998174582010014744e-01 1.048836784684035628e+00 1.209533268315807319e+00 1.293132658647159650e+00 1.346505044513350624e+00 1.377489543850510811e+00 1.823386694580293010e+00 1.910314778021227955e+00 2.159936000180818549e+00 2.262102388644080087e+00 2.291614448715384889e+00 2.370825276966752604e+00 2.393747658253161603e+00 2.484385383439454476e+00 3.162316282867003281e+00 3.182566756024714838e+00 3.256538490997446633e+00 3.978974290375798084e+00 3.996795184219538388e+00 4.057151282366367795e+00 4.105876896517199448e+00 4.205926307521277607e+00 4.233205157263129514e+00 4.673690840165917848e+00 4.689227484265643398e+00 4.705160995589241502e+00 5.182532589858650063e+00 5.309426533953176985e+00 5.359784305761355228e+00 5.516593771896479481e+00 5.665578563923954647e+00 5.777582799813554715e+00 5.842129338235130476e+00 5.893631865126467417e+00 5.930376600705364432e+00 6.104041962744625849e+00 6.213973830789188746e+00 6.293323284305985865e+00 6.336971879177942135e+00 6.410834944955147385e+00 6.497025351172825758e+00 6.540332563359377183e+00 6.551147472548098705e+00 6.638522601572367066e+00 7.202670349039003383e+00 7.244125081153105938e+00 7.370528377640170881e+00 7.612220932714873101e+00 7.819139447589256164e+00 7.926944898561316677e+00 8.017435207646595785e+00 8.605581236516576027e+00 8.623620798436906654e+00 1.423934702920153939e+01 1.432387732742436626e+01 1.433825702596667817e+01 1.434097773841619983e+01 1.471533251911954387e+01 1.472563283180458349e+01 1.516473395406700142e+01 1.527904244856242677e+01 1.531702247971764486e+01 1.535929596128171148e+01 1.537284659788518049e+01 1.538844059758472405e+01 1.553447208953189040e+01 1.558445517862171670e+01 1.562625170092584170e+01 1.599312803086539425e+01 1.647842129229089281e+01 1.650310508854168035e+01
4.449211540324560787e-01 6.725689608669787045e-01 8.838541541706111948e-01 1.171303073511375414e+00 1.240117140904016813e+00 1.303449215912567016e+00 1.326148733774032085e+00 1.822476521832721685e+00 1.884960094256890706e+00 2.148404431495221534e+00 2.223764661398116349e+00 2.287053311516940024e+00 2.350379493527541275e+00 2.365837148222383224e+00 2.438597300221872377e+00 3.203802027612940861e+00 3.217484512016247855e+00 3.307512531231843855e+00 3.976553717351456907e+00 4.011221268637459758e+00 4.052837524740552588e+00 4.077391514143791973e+00 4.181981776303626219e+00 4.201575533486343161e+00 4.693641908741307489e+00 4.726636791662778947e+00 4.738322917464890871e+00 5.147272067551442731e+00 5.362509569028188317e+00 5.416561802890845101e+00 5.505572501833557730e+00 5.730102738870940904e+00 5.789057916677614379e+00 5.847249264147458270e+00 5.901051736976926421e+00 5.942118979263754319e+00 6.122993353870483269e+00 6.213468449231738688e+00 6.307771356301950405e+00 6.331514182850598083e+00 6.456728302219481463e+00 6.517386024145515933e+00 6.520111599988759998e+00 6.533710137811108432e+00 6.638028496014353408e+00 7.188321929523464604e+00 7.269952257033044596e+00 7.323013447282640698e+00 7.567156319167862577e+00 7.705289222755951073e+00 7.806431753304607923e+00 7.885298721605789041e+00 8.676396677750757291e+00 8.684781951985845794e+00 1.421280249446081889e+01 1.428038668043686421e+01 1.434317596499236380e+01 1.435122917524662611e+01 1.467649199659977555e+01 1.468577024540582698e+01 1.515018070102793679e+01 1.526136367869549026e+01 1.528943893011219934e+01 1.531413548819370796e+01 1.533500110398067839e+01 1.539607535090314627e+01 1.551828343498107898e+01 1.553819047615981752e+01 1.557160967202843693e+01 1.588844056299127594e+01 1.651673539995340434e+01 1.653268629879515572e+01
3.433009872376517890e-01 5.415884497297448474e-01 7.166941601310378163e-01 1.147397753520668751e+00 1.199558629593737491e+00 1.266089763593142514e+00 1.280212896262747480e+00 1.824021060618412182e+00 1.864044742697111623e+00 2.139278244447986310e+00 2.189895899567339654e+00 2.284477428264480636e+00 2.332304218390150563e+00 2.340311491013858269e+00 2.394927128340594624e+00 3.240806133531580979e+00 3.249251722170420464e+00 3.353734058039141264e+00 3.973087109652405857e+00 4.024176032143348181e+00 4.045551145126791148e+00 4.051123415558154583e+00 4.154740265863803295e+00 4.168521106888527505e+00 4.710164645905435599e+00 4.758952819376225385e+00 4.766858511492486628e+00 5.116757522573756489e+00 5.420597449245750710e+00 5.479561565538547008e+00 5.512258478066498490e+00 5.698591708129909783e+00 5.805064608227384682e+00 5.867598696218043308e+00 5.909946947414064233e+00 6.014842839179563860e+00 6.135114601140593038e+00 6.217421097337807012e+00 6.314402746741148320e+00 6.328305442098164590e+00 6.479041040912740357e+00 6.487034614440181812e+00 6.502013822354969719e+00 6.566360190557833043e+00 6.638316187527690815e+00 7.166976708600519608e+00 7.256547777400095711e+00 7.334978441313229069e+00 7.528930783769516744e+00 7.600119480904552915e+00 7.686543248092264413e+00 7.747815755432110763e+00 8.742757235333119326e+00 8.746558696760754259e+00 1.419087831195649940e+01 1.423572818876841417e+01 1.436016991401199761e+01 1.436679716618324854e+01 1.463641253791033492e+01 1.464405358613003649e+01 1.515064049335562224e+01 1.524839566387551848e+01 1.526559742039755108e+01 1.527440753778997795e+01 1.530076814169256672e+01 1.541119950740536382e+01 1.548905176176067400e+01 1.550317331578307289e+01 1.551561874338732139e+01 1.578240499029601729e+01 1.655041454200507900e+01 1.655991286609483026e+01
2.396305376667957343e-01 4.082511691204049331e-01 5.488709776826006248e-01 1.139654914683968734e+00 1.174727591933241166e+00 1.232970710663244818e+00 1.241413400311325743e+00 1.826887080676703246e+00 1.848787390432553801e+00 2.132337746313306415e+00 2.161912902497208577e+00 2.283502938310983943e+00 2.315211396659138998e+00 2.320325963720711204e+00 2.355889581572834235e+00 3.271838407477472899e+00 3.276421250108666250e+00 3.393371158568274204e+00 3.969202063486443777e+00 4.015345079172858433e+00 4.035710528818673204e+00 4.049758392656605643e+00 4.127659429285821524e+00 4.136310808865004240e+00 4.723296349618196999e+00 4.784902752233062273e+00 4.789659842389115241e+00 5.093290487068080630e+00 5.458548346547134500e+00 5.538583359814748697e+00 5.554027330210270286e+00 5.631383341621726935e+00 5.811283723516880606e+00 5.861038769905737134e+00 5.980607380489144198e+00 6.076166066294122814e+00 6.151487050081188457e+00 6.226476906096665154e+00 6.314612815622671071e+00 6.324234608571649652e+00 6.442314719994516992e+00 6.455022614438894024e+00 6.523639399717406029e+00 6.597201662171337411e+00 6.639893608662726265e+00 7.161059457523997196e+00 7.221183985804635164e+00 7.373452264215197616e+00 7.494022078141279408e+00 7.506038266566635642e+00 7.571072098893466773e+00 7.625379444467448309e+00 8.799589353409608350e+00 8.801212144889559497e+00 1.417364953744059974e+01 1.419892886068494775e+01 1.438244667593186676e+01 1.438747883292073304e+01 1.459563044548145783e+01 1.460135978034929494e+01 1.516608671627230898e+01 1.523119454691452646e+01 1.524152096748587937e+01 1.525836517991955610e+01 1.528019325989333943e+01 1.541638771877106429e+01 1.544254284724566517e+01 1.545849811215857628e+01 1.549752360793872974e+01 1.567977196502861226e+01 1.657794388407069874e+01 1.658296803343308667e+01
1.257185778601937476e-01 2.734704838610418354e-01 3.807681963233968125e-01 1.145776172313859975e+00 1.163474723258702381e+00 1.205243927790372593e+00 1.210618158901075603e+00 1.829890568034502785e+00 1.839193352033719808e+00 2.127437198654839268e+00 2.141001248802933965e+00 2.284101999244200876e+00 2.299638479993653561e+00 2.307174143170596103e+00 2.324116376267437722e+00 3.295462333819684009e+00 3.297442864444460664e+00 3.424242994812074503e+00 3.965594336435317224e+00 3.988460696546216600e+00 4.046198280146986015e+00 4.051481358867952132e+00 4.103518227771512095e+00 4.107430334778545244e+00 4.732771451488520853e+00 4.803872278651851069e+00 4.806136947514191071e+00 5.077210130101502017e+00 5.471793298275110295e+00 5.539269555376354681e+00 5.617904117125123165e+00 5.634620309216123779e+00 5.809696985385270906e+00 5.833448608369953270e+00 6.055831179063939196e+00 6.101859241153161584e+00 6.196022259370874252e+00 6.241300266696203636e+00 6.311971764902272852e+00 6.316844626439422683e+00 6.402238394361656759e+00 6.412887321408039298e+00 6.539853945249751277e+00 6.623193034629594855e+00 6.642277846192062185e+00 7.174056154722408429e+00 7.203898920268492212e+00 7.401701675039412009e+00 7.412317118042380137e+00 7.437141753490390528e+00 7.493769978053222758e+00 7.540499554252111380e+00 8.843029019569309312e+00 8.843639593316503067e+00 1.416117927877098204e+01 1.417165435254695360e+01 1.440963602161151336e+01 1.441325107847518794e+01 1.455482386010661777e+01 1.455879148193580974e+01 1.519393738148764861e+01 1.521294276876438012e+01 1.521704523389188246e+01 1.526616221065285828e+01 1.527536848880991904e+01 1.538560901730135022e+01 1.539340963599985201e+01 1.544676758379090664e+01 1.549113179655195438e+01 1.558684371227009358e+01 1.659827791116270745e+01 1.660043051129799707e+01
-7.375277267900311184e-02 1.374811665252400061e-01 2.139971248048729846e-01 1.158161614152202423e+00 1.162974849494207374e+00 1.184821418200812326e+00 1.187336043734261493e+00 1.832061583613479039e+00 1.834288464661043339e+00 2.124503841009576899e+00 2.128071960921504857e+00 2.286456309459596881e+00 2.290660444286176656e+00 2.297646978403006468e+00 2.302001616281680541e+00 3.310331283902918642e+00 3.310823071655683236e+00 3.444049053251544201e+00 3.962742914669394878e+00 3.970043399027153974e+00 4.056371061934505029e+00 4.057061878489522933e+00 4.083536469883196851e+00 4.084409823408543971e+00 4.738441465778231887e+00 4.815443573937980837e+00 4.816060268798749711e+00 5.068012872416439940e+00 5.477056544018514828e+00 5.498461954157979115e+00 5.688000497121996624e+00 5.693317614062772591e+00 5.790147845136594640e+00 5.795843395778320861e+00 6.104780973591164894e+00 6.111297279815762984e+00 6.253878855866840780e+00 6.267877388198402677e+00 6.307781851444332233e+00 6.310930183460232712e+00 6.358847266144119992e+00 6.364546227301119075e+00 6.548680156399005803e+00 6.640049233786587735e+00 6.644924271651295733e+00 7.207112439890020816e+00 7.214896679945014490e+00 7.329506028486343361e+00 7.336641336829806903e+00 7.417620547429760514e+00 7.479523201164163027e+00 7.493591096718447808e+00 8.870260777026437893e+00 8.870426942038870166e+00 1.415305811644556044e+01 1.415546513149541674e+01 1.444129344463622822e+01 1.444385555717823522e+01 1.451487625036760143e+01 1.451755787070908177e+01 1.520048279297465399e+01 1.520165818311190620e+01 1.522673809865020189e+01 1.528409338314547838e+01 1.528558168754088875e+01 1.534536723753814691e+01 1.534696263588136844e+01 1.544969899558832971e+01 1.548809516639372141e+01 1.551448437359385757e+01 1.661073567295036568e+01 1.661129945737426894e+01
-3.660731524719670351e-04 -2.764049865657288558e-04 7.650412594721312028e-08 1.170945111646596093e+00 1.170945111648548087e+00 1.171040830332112481e+00 1.171040830335108529e+00 1.832840443983612788e+00 1.832840443985169765e+00 2.123524369595036099e+00 2.123696832744614849e+00 2.290868130629851063e+00 2.290868130631332988e+00 2.290917995212568670e+00 2.290917995217369718e+00 3.315422658293320168e+00 3.315422658295116953e+00 3.450901819041266805e+00 3.960650161550167692e+00 3.964466350708148568e+00 4.066382285721015677e+00 4.066382285724235324e+00 4.069512926300594025e+00 4.069512926301721123e+00 4.740319952632771283e+00 4.819352593206267521e+00 4.819352593206733815e+00 5.065042816903842393e+00 5.479083618622637708e+00 5.482327859168019124e+00 5.747138796528791893e+00 5.747138796530234295e+00 5.750018336121859086e+00 5.750018336122327156e+00 6.117395701255458285e+00 6.117395701258696583e+00 6.301728222482920749e+00 6.301728222484952013e+00 6.312185107298510012e+00 6.312185107299407072e+00 6.315535343914059574e+00 6.315535343915402500e+00 6.551471255639753188e+00 6.643794812498096114e+00 6.648120867518461097e+00 7.259044217898980023e+00 7.259044217908048324e+00 7.260096166095967085e+00 7.260096166099947901e+00 7.421069239555803776e+00 7.477756743539844209e+00 7.478253700538965987e+00 8.879556471987354982e+00 8.879556471988706789e+00 1.414858272686714180e+01 1.415175915800804951e+01 1.447623044469173514e+01 1.447623044469355236e+01 1.447934732106946143e+01 1.447934732107320244e+01 1.519640781361849591e+01 1.519640781362459592e+01 1.524340981178888477e+01 1.530883995995793434e+01 1.530883995996146396e+01 1.531195174693579908e+01 1.531195174694157757e+01 1.545089739137329232e+01 1.548436317016348340e+01 1.548734305310037662e+01 1.661495854981559361e+01 1.661495854982018372e+01
1.635707501504617967e-01 1.636027353808456875e-01 2.852438753853088205e-01 1.058381311012038140e+00 1.058473262943813831e+00 1.264295866062071561e+00 1.264402720921249168e+00 1.680988055612080645e+00 1.956633426129803954e+00 2.127813244183940800e+00 2.127975108912177227e+00 2.268892057015260200e+00 2.268934070208563636e+00 2.307163043121632118e+00 2.307215141892368315e+00 3.288469560418033844e+00 3.341017591138560672e+00 3.445738603735092553e+00 3.962251374042047747e+00 3.966048097964858243e+00 4.042119432133628010e+00 4.045344917106198146e+00 4.090693379077145586e+00 4.093743713987889166e+00 4.742034981474110289e+00 4.801348821984738002e+00 4.836984979811859375e+00 5.119139720107114933e+00 5.483304532841236423e+00 5.486550835590332298e+00 5.687741208235465251e+00 5.690766826797688083e+00 5.810313607183193341e+00 5.813012765263517068e+00 6.069865011820042788e+00 6.124425202954281389e+00 6.237994429611441127e+00 6.241157774330755359e+00 6.307554085760215479e+00 6.320387611059313571e+00 6.383293803347084072e+00 6.386881380793196783e+00 6.541021267623780666e+00 6.638299309441630491e+00 6.642609348077009201e+00 7.224887648512289928e+00 7.226059639930300094e+00 7.297159972838248798e+00 7.298074325645772298e+00 7.453827370208686354e+00 7.473173030860803756e+00 7.474301568492503378e+00 8.665591644224070578e+00 9.052684184354314212e+00 1.415527672726862818e+01 1.415845176235224301e+01 1.441679963198544456e+01 1.441992632884268666e+01 1.453118254557933930e+01 1.453429051684427975e+01 1.513494692903641514e+01 1.518955735813982422e+01 1.525741658341678431e+01 1.527432165664797203e+01 1.527743338080420976e+01 1.534430947372777609e+01 1.534741381720168008e+01 1.548100750676953119e+01 1.548413519123170268e+01 1.553086302835174415e+01 1.650165865604856918e+01 1.670168098932464673e+01
3.259291886023155671e-01 3.259887882244077439e-01 5.632339141938333960e-01 9.303315990527981638e-01 9.304255442654985053e-01 1.334646463030869645e+00 1.334767738431952067e+00 1.503000586516349601e+00 2.049525114887491117e+00 2.140342175949450976e+00 2.140474957676116841e+00 2.242438490514034211e+00 2.242466013517247170e+00 2.317717337255499555e+00 2.317767943191204161e+00 3.263642209023622787e+00 3.363581739333127540e+00 3.432909078515849366e+00 3.967057210729783012e+00 3.970798304687864544e+00 4.020110860592681412e+00 4.023441699738400601e+00 4.111882685376170521e+00 4.114871531829493279e+00 4.746131909038146190e+00 4.784822244150720216e+00 4.851965602768090413e+00 5.264645804113242455e+00 5.496052559298784779e+00 5.499304192923179180e+00 5.633783055076225565e+00 5.636911605348672083e+00 5.875692171840658951e+00 5.878214545303885430e+00 5.974990872641579465e+00 6.115114567911814625e+00 6.163742517924807096e+00 6.166745163580078959e+00 6.337123746002766289e+00 6.344116075491318618e+00 6.449060174926438016e+00 6.452836428373599276e+00 6.512482188311911280e+00 6.621794352131015415e+00 6.626056619706309547e+00 7.197610724405687499e+00 7.198876646074793051e+00 7.336440491645207729e+00 7.337209619554688089e+00 7.459331168649747212e+00 7.459713903508549571e+00 7.553735414295536188e+00 8.422086564146022525e+00 9.178873401467638971e+00 1.417502996773569635e+01 1.417820093989902830e+01 1.435695553362750942e+01 1.436009243146196290e+01 1.457678704056536212e+01 1.457988769027582698e+01 1.508268114213073297e+01 1.511354021031553607e+01 1.524427030774131175e+01 1.524740416698412382e+01 1.530886903869893878e+01 1.537822258790016861e+01 1.538132014866017983e+01 1.547168854372740832e+01 1.547477593843493082e+01 1.568253675319930807e+01 1.636363473708816230e+01 1.676198537630779128e+01
4.856938119182636626e-01 4.857741179978914414e-01 7.902449107732807398e-01 7.903407688220237537e-01 8.278635541830142719e-01 1.300357117205884538e+00 1.378546578053126970e+00 1.378679563399068941e+00 2.107747614248727697e+00 2.160084065692793764e+00 2.160176516104244548e+00 2.213679851319675596e+00 2.213700717383621619e+00 2.323348768482242477e+00 2.323396174294761529e+00 3.245707806609999135e+00 3.383064234857401154e+00 3.417033730319891660e+00 3.975103186435957170e+00 3.978759935958767535e+00 4.001474862977055125e+00 4.004917148856885767e+00 4.126465652762683511e+00 4.129415813361241305e+00 4.751966507749372681e+00 4.770916361866265554e+00 4.862059328299124239e+00 5.460073565988338373e+00 5.517519940141688117e+00 5.520790324584893938e+00 5.586767895925133232e+00 5.589958993660019360e+00 5.837189695828528535e+00 5.941364227399780873e+00 5.943870943453285705e+00 6.092032806231834741e+00 6.094949157047872212e+00 6.105884170883983053e+00 6.360794915224212254e+00 6.379099338276532194e+00 6.472021065953588170e+00 6.507146466831882137e+00 6.511085574003538490e+00 6.594275642892675648e+00 6.598459220088408905e+00 7.179917370979194580e+00 7.181243577908778875e+00 7.374365154739359163e+00 7.374992901081505181e+00 7.437585535504339873e+00 7.437991648070141792e+00 7.712651734429223360e+00 8.166807102552732900e+00 9.255298177654104563e+00 1.420687586459627916e+01 1.421004045670349392e+01 1.430012847576270296e+01 1.430327545332469974e+01 1.460753703562859229e+01 1.461063277186212339e+01 1.504858586100669626e+01 1.506130315121406227e+01 1.522326910310257908e+01 1.522640922237711081e+01 1.534309823746893109e+01 1.540888975212143031e+01 1.541198160769151571e+01 1.545627836592998783e+01 1.545936347129345378e+01 1.585507810968827513e+01 1.620514618140790830e+01 1.679719799616458076e+01
6.411696194974286778e-01 6.411712236276068122e-01 6.412618962788577681e-01 6.412635001680082603e-01 1.074573983395650467e+00 1.074645042086032509e+00 1.393489738533957523e+00 1.393627178868682703e+00 2.127674958263188643e+00 2.185313015047642526e+00 2.185313845369258878e+00 2.185363606986794327e+00 2.185364437462554044e+00 2.325074819420384742e+00 2.325120466303126410e+00 3.239108468245957440e+00 3.400473589750654391e+00 3.400474952851971100e+00 3.986510076878119868e+00 3.986510396488877284e+00 3.990063821900715624e+00 3.990064138547394279e+00 4.131679054860229350e+00 4.134616018374923208e+00 4.760032504461797487e+00 4.760033802635759592e+00 4.865625252474147011e+00 5.547804341957445651e+00 5.547804541437038495e+00 5.551020683178426118e+00 5.551020879195752933e+00 5.661094383364349447e+00 5.661102642300126497e+00 5.988971400692332026e+00 5.992920435351174469e+00 6.040764454080061796e+00 6.045531375069007396e+00 6.102087955486216408e+00 6.366606970989795222e+00 6.425814180652289487e+00 6.425819077573462046e+00 6.555893722962880865e+00 6.555893953489321468e+00 6.559969045121075482e+00 6.559969275044837289e+00 7.173776854670205871e+00 7.175123912952365401e+00 7.408717938006640580e+00 7.408717983944098862e+00 7.409220478403540255e+00 7.409220524593612467e+00 7.922673595877681940e+00 7.922678631860314624e+00 9.280862792191790334e+00 1.424926344823278335e+01 1.424926353532574552e+01 1.425241984936287309e+01 1.425241993657963135e+01 1.461848570565341632e+01 1.462157969859997841e+01 1.503992228414901611e+01 1.503992425266062050e+01 1.521563766487753178e+01 1.521878053102810036e+01 1.535509781745005675e+01 1.543516813439991608e+01 1.543516821688806573e+01 1.543825562396392215e+01 1.543825570667236668e+01 1.603277656969818210e+01 1.603277779695425309e+01 1.680873753632969070e+01
6.060916466477137554e-01 6.409666557893975991e-01 6.490115269276571786e-01 6.700896188941490861e-01 1.086304541690491510e+00 1.091180220088958874e+00 1.393077550678861742e+00 1.396574889913075879e+00 2.120366884518990691e+00 2.179078266234351524e+00 2.186064919875031265e+00 2.190388130523841070e+00 2.197403329271829797e+00 2.327948793086639157e+00 2.330960385088095776e+00 3.234636544102320155e+00 3.394800427023449085e+00 3.396323099614921848e+00 3.973907952382525366e+00 3.982670601027178847e+00 4.000365299869575786e+00 4.008512722492039160e+00 4.131539701244085983e+00 4.137950536410538227e+00 4.757430963184416939e+00 4.758960991792857698e+00 4.860931256570666825e+00 5.491967841715252874e+00 5.524072797029393023e+00 5.528583769787219993e+00 5.576802337274268773e+00 5.696496845439660284e+00 5.708396807043498278e+00 5.942805214010357773e+00 5.947758701829775951e+00 6.065372365911203545e+00 6.069825241708008079e+00 6.119422902202321879e+00 6.366010147643947015e+00 6.420987142888655796e+00 6.424183307687923339e+00 6.530705255092920325e+00 6.541021880211620676e+00 6.576596710801829282e+00 6.579746618988336238e+00 7.180256787075578018e+00 7.196259456147702238e+00 7.353253581974104947e+00 7.368894074925907312e+00 7.461453877225068254e+00 7.483587372826312034e+00 7.917923019647145289e+00 7.920231569121725101e+00 9.269630586066341493e+00 1.422413890711290918e+01 1.422943828220408768e+01 1.427808647181793944e+01 1.428116812321851725e+01 1.461678666884733246e+01 1.461848748944282939e+01 1.504000692117049098e+01 1.504516378348393069e+01 1.522158711950819665e+01 1.522831775590499959e+01 1.536033430076928852e+01 1.541823961824957223e+01 1.542320875368187316e+01 1.545607394621704245e+01 1.546376286459040372e+01 1.603283333209935435e+01 1.603649319241685234e+01 1.680325390193534218e+01
5.504363935156560972e-01 6.525712334229338829e-01 6.702957882150466506e-01 7.101043887649965969e-01 1.119158212877737313e+00 1.132803307749932431e+00 1.393383029251400673e+00 1.406212041975090754e+00 2.102278853147576232e+00 2.177989223612030401e+00 2.189600687052688510e+00 2.202389107840319049e+00 2.214743838364040762e+00 2.337077655371921470e+00 2.346747707620595591e+00 3.221719117970775592e+00 3.379707083668912926e+00 3.382829474595990593e+00 3.963469012507832012e+00 3.982966212368442172e+00 4.017214534894406164e+00 4.036614563654589816e+00 4.131080016462337134e+00 4.147470522519087766e+00 4.751579629151371442e+00 4.753701144753080143e+00 4.846954885775742738e+00 5.420068882135618438e+00 5.473868240541572838e+00 5.500788337841446385e+00 5.603593769960175663e+00 5.758792398808680879e+00 5.781238326296485930e+00 5.865953303254939577e+00 5.882667081104629325e+00 6.071403115250006088e+00 6.088740142325770321e+00 6.170770239383866596e+00 6.365075425063348113e+00 6.410094800910751012e+00 6.415597172891913225e+00 6.501422090233639040e+00 6.523887200418225341e+00 6.593483678946217452e+00 6.598877728490148087e+00 7.199413977048042312e+00 7.250621570473412270e+00 7.314584016581308745e+00 7.352549354053768305e+00 7.520663680600571332e+00 7.575727485940395134e+00 7.907210984563923795e+00 7.911628967603199669e+00 9.236475029756689992e+00 1.420558366103207781e+01 1.421068433249524254e+01 1.430683624057579806e+01 1.431830682394241627e+01 1.460906443256646803e+01 1.461379031238344162e+01 1.504732685882586374e+01 1.505406316227833585e+01 1.523184440887929370e+01 1.526266528695604485e+01 1.537433323069740432e+01 1.540329288138391028e+01 1.542331291158702911e+01 1.547616387631351564e+01 1.549913888248251226e+01 1.603437565369655360e+01 1.604802508043542630e+01 1.678693290756920220e+01
4.953306438112347054e-01 6.799598352660650713e-01 7.079253755376191393e-01 7.623109752885520729e-01 1.165760965047586417e+00 1.189328108118592908e+00 1.398632456266174273e+00 1.423775060358979161e+00 2.078237645337234873e+00 2.180358494449869511e+00 2.195562054067396129e+00 2.221038636653365650e+00 2.236825936654047275e+00 2.351120906554717394e+00 2.370700123425034000e+00 3.201775980063524596e+00 3.356392962257984003e+00 3.361030987222090705e+00 3.954700945178360794e+00 3.987837972302510803e+00 4.037346033946735524e+00 4.072150623275494929e+00 4.130302689518530634e+00 4.161688469204920970e+00 4.742397265137203277e+00 4.744125093531116555e+00 4.824021991015016830e+00 5.356498549962745770e+00 5.420121081091640924e+00 5.476483383686428397e+00 5.631129819396178071e+00 5.748249096418929227e+00 5.809691342019294602e+00 5.829222193298948085e+00 5.878984106232010731e+00 6.064673448021148161e+00 6.092019179981995158e+00 6.226558201795012515e+00 6.365030118962510031e+00 6.394265822416040024e+00 6.400105204638636636e+00 6.468770586937439226e+00 6.509782199261763047e+00 6.607721416711336282e+00 6.615802812901677044e+00 7.230227453630760692e+00 7.260565826155761293e+00 7.346492749236158915e+00 7.376548048446234240e+00 7.583438263091349718e+00 7.674916168877421896e+00 7.894176996069217189e+00 7.904018976838317556e+00 9.183004311595981406e+00 1.419092086444750223e+01 1.420007377036056972e+01 1.433786842194621691e+01 1.436073838073509101e+01 1.459468252617132755e+01 1.461274495116095729e+01 1.506210206650491301e+01 1.506733650008277792e+01 1.524844555138085056e+01 1.531457646579545440e+01 1.538273482067029363e+01 1.540137803094869007e+01 1.543778329347115097e+01 1.549642271581160458e+01 1.553557490521656170e+01 1.603915384252695020e+01 1.607050915832396853e+01 1.676015897351198447e+01
4.760792080659239089e-01 7.234204756054856134e-01 7.613605551939066629e-01 8.243206537903804421e-01 1.217285867790395937e+00 1.258548848011971311e+00 1.411446746482521331e+00 1.451482279573246936e+00 2.050525637646251731e+00 2.183550808827778411e+00 2.205876774150903330e+00 2.246243830396017493e+00 2.263596924137172728e+00 2.368217649662887059e+00 2.400701574213179423e+00 3.176925427811643221e+00 3.326422756976604944e+00 3.332108150664842672e+00 3.946866954696564012e+00 3.994913543520334454e+00 4.059704061532472430e+00 4.111751253014403140e+00 4.129533134459745902e+00 4.178406279145693070e+00 4.727404592156564611e+00 4.732579410615143090e+00 4.792718440395676183e+00 5.307132423622219264e+00 5.370944773368618641e+00 5.453538861979261299e+00 5.639987611951386981e+00 5.667949609025061619e+00 5.753170548016514729e+00 5.883859104960848185e+00 5.935667398778659454e+00 6.052240411134309994e+00 6.081926346626844726e+00 6.274161025263935265e+00 6.359960130885754737e+00 6.376101238817962091e+00 6.386412512022596744e+00 6.434710649044708575e+00 6.499239559510867181e+00 6.619404941298084211e+00 6.630390176603104813e+00 7.231551018846497314e+00 7.271743753412965638e+00 7.400313814639620347e+00 7.472200563143206686e+00 7.645140844803934854e+00 7.743281500480422075e+00 7.887319843225132132e+00 7.930010222511551632e+00 9.111850939679856154e+00 1.417846456716987369e+01 1.420024674263633990e+01 1.437093886103614970e+01 1.440839149360434668e+01 1.457617095217926284e+01 1.461778124599083206e+01 1.508116186863380825e+01 1.508931875289794355e+01 1.527058525261099931e+01 1.536797037881658134e+01 1.538093940650307623e+01 1.542506500273415959e+01 1.546113158428466150e+01 1.551553007049076527e+01 1.556583502603391622e+01 1.604990265069374900e+01 1.610754433211735659e+01 1.672355669570870162e+01
5.202338658273070182e-01 7.816229474378556530e-01 8.278369240378216087e-01 8.933613701281444275e-01 1.272075345087574583e+00 1.338155850742752229e+00 1.431961472023991488e+00 1.490750175549896861e+00 2.020058913254260791e+00 2.186078239835954840e+00 2.221478833010218423e+00 2.277659421527149508e+00 2.294933572080929629e+00 2.386202889933636495e+00 2.434898617380828689e+00 3.149650044381789193e+00 3.291344152331177941e+00 3.297181605257813342e+00 3.939424916668508470e+00 4.002447088547524068e+00 4.082829797976925690e+00 4.126262010615245224e+00 4.154220116549750763e+00 4.195138290118981317e+00 4.706320980344412597e+00 4.719666785718847457e+00 4.754007083205340045e+00 5.274145115822243213e+00 5.329412944066310942e+00 5.432344712482524152e+00 5.542831663824652644e+00 5.692998557836891571e+00 5.699231301880199219e+00 5.932321685412515144e+00 5.970285126007303766e+00 6.034621990385565127e+00 6.062566420825275415e+00 6.304377964637770226e+00 6.337315914694842789e+00 6.351606005675125566e+00 6.399223024422938444e+00 6.404815870886412021e+00 6.491880582783717379e+00 6.628529709632469569e+00 6.643201857662355714e+00 7.204992313654402736e+00 7.321291215065688363e+00 7.468501074273909524e+00 7.590726257589763826e+00 7.692071566514090186e+00 7.743071393935744062e+00 7.899723203804286165e+00 8.029433159953224930e+00 9.026610713096287597e+00 1.416931821632692490e+01 1.421058611458960819e+01 1.440577769622026771e+01 1.446152862777140946e+01 1.455472701209814801e+01 1.463149796644591305e+01 1.510471414605675378e+01 1.512010165801791928e+01 1.529693996908452114e+01 1.535718486018547324e+01 1.544603259006481721e+01 1.545427289246072711e+01 1.548681636572377407e+01 1.553208748807601403e+01 1.558597786085694636e+01 1.606915060444766041e+01 1.616096695098285707e+01 1.667797252982290246e+01
6.238859353998822410e-01 8.515758495664903505e-01 9.036808452701826644e-01 9.665995260671912392e-01 1.333161110502553148e+00 1.420494554841159829e+00 1.463963524012281248e+00 1.540475677051927894e+00 1.987107037067118886e+00 2.187929964506861502e+00 2.241284699582755113e+00 2.314659634474052652e+00 2.330293653024851697e+00 2.403009060510291395e+00 2.471796868235908384e+00 3.122424099494558014e+00 3.252348949248088150e+00 3.257462495193269358e+00 3.931958458708294302e+00 4.009314779574729037e+00 4.104957128566311120e+00 4.123739989264090688e+00 4.192235342832703715e+00 4.209989976302715320e+00 4.680048993034442439e+00 4.704634833256898574e+00 4.710543186779980296e+00 5.257013610197488696e+00 5.299123522805238018e+00 5.410883547938259319e+00 5.450931114837961111e+00 5.648151269830605337e+00 5.729050574041866462e+00 5.958421622882831947e+00 5.980175391606390001e+00 6.012541975356064938e+00 6.037612169218028235e+00 6.302136064773557145e+00 6.316364880602862719e+00 6.329994513417606328e+00 6.377722674675888825e+00 6.433324017297090691e+00 6.487212294684443492e+00 6.634981027938009923e+00 6.655447197048627750e+00 7.181791812826881838e+00 7.377080571469502246e+00 7.547854461557800043e+00 7.663406486732417200e+00 7.726732599901700027e+00 7.744523554587745551e+00 7.951521717527250566e+00 8.163828477841219566e+00 8.931794984148917038e+00 1.416378823313131718e+01 1.423071712262217403e+01 1.444208544027215346e+01 1.451955926935079511e+01 1.453230290227026344e+01 1.465504002308180453e+01 1.513455876938137479e+01 1.515674657586404628e+01 1.532539285352533653e+01 1.534587598089966498e+01 1.548262099464194641e+01 1.549035004781474534e+01 1.552534592042511008e+01 1.555163268118296926e+01 1.559709348253183947e+01 1.609784152082624331e+01 1.622895330750004206e+01 1.662446257308906894e+01
7.608754757707560934e-01 9.294820470777629406e-01 9.852475915428653419e-01 1.041131528686804808e+00 1.398670315175474022e+00 1.482244989266574775e+00 1.532203915392316818e+00 1.598151635675034266e+00 1.951618747182688018e+00 2.189086546391104449e+00 2.263653253877680793e+00 2.356397546825423017e+00 2.368610676644620661e+00 2.416944734156696306e+00 2.510295979781482778e+00 3.097352979649668381e+00 3.209329446198619262e+00 3.215215718845860327e+00 3.924184128225959967e+00 4.014823672986270076e+00 4.117798177333494181e+00 4.126347473782879582e+00 4.215161487575551647e+00 4.230577626881427911e+00 4.649803802321515356e+00 4.660375196240159390e+00 4.693127954656412193e+00 5.250001335033513961e+00 5.287004021701068091e+00 5.354998058287391061e+00 5.408196242997753700e+00 5.607295619351526206e+00 5.765458457631856604e+00 5.932935635128234075e+00 5.974077792389252295e+00 6.001808127468718723e+00 6.010013620341799090e+00 6.269402750898591670e+00 6.294509241646399467e+00 6.327347581174722180e+00 6.360541808837279376e+00 6.469196800873667108e+00 6.486372188299725394e+00 6.638806436006299272e+00 6.668273830491020959e+00 7.161395291041989353e+00 7.436713657950303258e+00 7.591632215767235792e+00 7.643112887963622981e+00 7.738219825392581797e+00 7.860530360966757613e+00 8.043393255221090499e+00 8.307000058973668999e+00 8.832900902996801307e+00 1.416190964711710976e+01 1.425995657911675174e+01 1.447915140910504839e+01 1.450663535037974050e+01 1.458593529271998079e+01 1.468830885300287648e+01 1.517056721283394793e+01 1.519686820039132336e+01 1.533105763215172601e+01 1.535975220179363987e+01 1.548553401170465094e+01 1.551289833448701927e+01 1.555882415177255140e+01 1.560057176305988769e+01 1.560781584384094423e+01 1.613436297268639308e+01 1.630667175555871395e+01 1.656430962622368241e+01
9.048076759435593752e-01 1.011784116934594691e+00 1.070038876762414048e+00 1.113985541471308016e+00 1.452668871078577784e+00 1.550829816692093521e+00 1.622451400533478694e+00 1.661805857348545246e+00 1.913488355671688401e+00 2.189292000397127236e+00 2.286966550453586322e+00 2.401699603525539128e+00 2.408010429325794899e+00 2.427437436062875431e+00 2.549575828758309015e+00 3.075841755745356565e+00 3.161473622985581322e+00 3.173246143011217324e+00 3.915971315649001916e+00 4.018609244691947247e+00 4.112117487306572450e+00 4.141467701263334078e+00 4.219057177861447627e+00 4.257193019394580169e+00 4.609751990103528207e+00 4.619755131445535845e+00 4.681748642527895576e+00 5.245054783786050834e+00 5.283920305116262206e+00 5.301977137520654360e+00 5.397455275887706350e+00 5.575161685394421696e+00 5.803489624182033069e+00 5.874867064615455270e+00 5.938738330142371069e+00 5.978666937093370493e+00 6.004636360052870714e+00 6.232653494994380594e+00 6.271661926904713802e+00 6.326114816583229938e+00 6.348238394693672682e+00 6.479519573721659320e+00 6.512317889375595747e+00 6.640409005248640639e+00 6.682107119497935344e+00 7.142964821276800436e+00 7.497895846612453674e+00 7.522697041050201427e+00 7.701382015288658067e+00 7.740846003306172562e+00 7.988717034112659654e+00 8.159455866573001259e+00 8.449956241838144422e+00 8.736975192932520784e+00 1.416360832635295353e+01 1.429716078527010659e+01 1.447992337824340048e+01 1.451869475879840721e+01 1.465621992704338616e+01 1.473029582499372303e+01 1.521177694924430135e+01 1.523775121782054498e+01 1.532061370363551589e+01 1.539132244327633536e+01 1.546303843503643627e+01 1.553718437720093704e+01 1.558028717701890287e+01 1.560621007448442299e+01 1.567341263825901443e+01 1.617483346887667039e+01 1.638825084388538045e+01 1.649919964078697987e+01
1.034445225559483150e+00 1.096532017700913908e+00 1.157918213944767905e+00 1.182194753383509767e+00 1.487648364928039646e+00 1.649691514532898973e+00 1.709697707165001024e+00 1.732703406397741563e+00 1.873040163393810520e+00 2.188307141282440860e+00 2.309874910972191664e+00 2.429553274831156351e+00 2.448846827029899753e+00 2.451904127923631549e+00 2.588806900142876177e+00 3.058341572439261302e+00 3.109937595170633617e+00 3.132344420197247459e+00 3.907348539000356613e+00 4.020614887180000707e+00 4.103547841901378668e+00 4.151895508288433234e+00 4.214464774353317011e+00 4.277405858164702757e+00 4.563870525508971987e+00 4.589607474703118584e+00 4.673800642345103284e+00 5.224011577411157070e+00 5.249352353274460370e+00 5.334923932803329549e+00 5.393574108178947668e+00 5.551785257191756529e+00 5.796598271526391066e+00 5.842697695564450733e+00 5.896091131857912337e+00 5.946836211821801221e+00 5.995305501903440693e+00 6.193214276499455551e+00 6.252257147599414644e+00 6.322990921196478986e+00 6.337738738567217922e+00 6.477886581410601252e+00 6.548400080815744317e+00 6.640505347678999470e+00 6.696560778586672313e+00 7.125567283349287351e+00 7.437613031229573402e+00 7.558703280747332443e+00 7.725787026255257928e+00 7.773899705355455936e+00 8.103406060806754851e+00 8.286114170541948099e+00 8.585654601714331591e+00 8.656479169253785244e+00 1.416873739572799273e+01 1.434070956899312677e+01 1.445437498427724243e+01 1.455665200223882572e+01 1.473046316754384044e+01 1.477934556636078156e+01 1.525669783370868871e+01 1.527513292959442026e+01 1.531211702928288432e+01 1.542258188378212935e+01 1.543142901387275501e+01 1.555284538292899299e+01 1.559810775176253372e+01 1.561389643725504506e+01 1.573713073231489901e+01 1.621441088586442092e+01 1.642858754856773373e+01 1.647100567050273412e+01
1.134839031713727131e+00 1.183824535472042250e+00 1.242533259483922903e+00 1.250218250762808347e+00 1.512889578211658481e+00 1.759858243856514903e+00 1.784822686621733379e+00 1.813946493941284821e+00 1.834744296685478782e+00 2.186205047318307226e+00 2.331500103490759646e+00 2.431604595849837569e+00 2.488653727457819542e+00 2.498521894981161839e+00 2.626811938108954969e+00 3.044213454140528796e+00 3.055937880965671205e+00 3.093455482565421022e+00 3.898492336144131709e+00 4.021092664370567782e+00 4.092984208955988912e+00 4.156221141432435928e+00 4.201882647345495769e+00 4.290600263590555130e+00 4.525183575367519140e+00 4.563794599095153615e+00 4.669905596296643147e+00 5.180994904572229665e+00 5.257503451473891865e+00 5.383254933720459157e+00 5.395046321828687930e+00 5.536393575271857159e+00 5.708159291096877475e+00 5.848975475230737686e+00 5.879777948067690829e+00 5.914950345787896246e+00 5.977579183500361992e+00 6.151048720363300859e+00 6.235834368252459292e+00 6.318053413759421311e+00 6.327452010921467362e+00 6.473891062850691824e+00 6.582850293561761212e+00 6.640135120298982230e+00 6.710657126344353074e+00 7.107922655441297088e+00 7.348335641917331351e+00 7.617201688098788281e+00 7.733890114708996677e+00 7.817086167344013070e+00 8.183812597882978324e+00 8.413037130470220504e+00 8.596044206373971264e+00 8.723211983316570439e+00 1.417709464822606691e+01 1.438850600629306342e+01 1.442845465071711253e+01 1.459394567639588480e+01 1.480604122220925589e+01 1.483330104398260829e+01 1.528864064269594003e+01 1.530593553584012234e+01 1.532087110066588842e+01 1.539479956305606301e+01 1.545483191651762134e+01 1.555811336968709213e+01 1.561399107133271080e+01 1.562561816041068141e+01 1.579430730419065476e+01 1.624854946233643460e+01 1.636041581034551839e+01 1.654557344089091231e+01
1.210197838067927245e+00 1.267187756206297200e+00 1.294412570049725986e+00 1.341074996081541570e+00 1.531808543869072281e+00 1.773506601442854880e+00 1.852693674674098956e+00 1.888800321368474755e+00 1.899987844321366470e+00 2.183816393790572796e+00 2.351504979009213958e+00 2.430453349762143223e+00 2.524468239094702415e+00 2.545541385566115089e+00 2.661834548326332150e+00 3.000114960747843895e+00 3.032503337721128123e+00 3.058057720153270598e+00 3.889707697592728941e+00 4.020590550784874928e+00 4.081519709713340660e+00 4.154422898181970858e+00 4.182168219764770711e+00 4.297871974217530422e+00 4.497193149439704385e+00 4.543535703785310353e+00 4.669824928749585879e+00 5.149897769302619110e+00 5.273881231401346348e+00 5.400439369441234483e+00 5.442394958378005576e+00 5.527300161703084136e+00 5.616647620779091632e+00 5.798566474885332944e+00 5.885847119715212905e+00 5.910350902571528842e+00 5.959435772792356367e+00 6.106535666645630300e+00 6.221204983953970924e+00 6.311637813399185504e+00 6.317126406247407289e+00 6.466125282902880578e+00 6.614839476650666406e+00 6.640672211580206152e+00 6.723144232318582603e+00 7.087442643314182611e+00 7.261977222062454551e+00 7.671941311049282675e+00 7.747225068701983908e+00 7.851180678603602914e+00 8.206486938038496604e+00 8.530085335244065092e+00 8.595264985017452730e+00 8.842030852432388954e+00 1.418843521099310045e+01 1.440256388943701893e+01 1.443797732501962017e+01 1.462924248658314319e+01 1.487907007488350075e+01 1.488971359603657341e+01 1.528222734739308208e+01 1.533437414557624479e+01 1.535342712859177894e+01 1.537129421501639648e+01 1.548436431921241052e+01 1.555847048371311914e+01 1.563026091827374309e+01 1.563484475260154305e+01 1.584195358514791963e+01 1.627273162598946143e+01 1.629589104876639638e+01 1.661289068228172994e+01
1.272094206777128589e+00 1.328718980609893130e+00 1.348322581673210285e+00 1.422332573665036737e+00 1.544319401223809951e+00 1.730875986280103973e+00 1.909638620447884794e+00 1.962969177291952194e+00 2.009298460355565030e+00 2.184121982503280268e+00 2.369935999005940985e+00 2.428321497310121480e+00 2.555536025050080262e+00 2.589618822673707577e+00 2.691538987693570473e+00 2.944478887500536324e+00 3.019999454128257543e+00 3.029054917500355604e+00 3.881409180067114661e+00 4.019918647827401159e+00 4.070704196926577367e+00 4.146937642334561858e+00 4.158378731102433612e+00 4.300906878879746209e+00 4.480875139470377633e+00 4.528763280666394664e+00 4.672563116611194722e+00 5.130973719124486188e+00 5.293670887104864775e+00 5.407997107257052072e+00 5.506174908106230781e+00 5.522230115318520483e+00 5.533770444593967497e+00 5.745128135288225302e+00 5.863184300755191813e+00 5.914623855652600071e+00 5.963099218041742589e+00 6.060577821980858815e+00 6.207722902639488893e+00 6.304261727744022714e+00 6.307360549680584683e+00 6.453213487079833222e+00 6.640415380364470543e+00 6.646823740765801070e+00 6.732800206423308786e+00 7.058046366883107936e+00 7.189787834358257967e+00 7.721632400899006043e+00 7.767762809932494683e+00 7.875683447031049056e+00 8.176769499571983957e+00 8.613614069521760896e+00 8.655269253885000680e+00 8.946982256654617771e+00 1.420248237853251183e+01 1.437688737105810688e+01 1.448608504918148121e+01 1.466120709823763413e+01 1.494192811509376817e+01 1.494847251367576746e+01 1.527299125383093781e+01 1.531017856069725269e+01 1.538134197421630489e+01 1.540358892862439077e+01 1.551139595717102360e+01 1.556017547947421420e+01 1.563747165394933347e+01 1.564708737832197727e+01 1.587465799798405719e+01 1.623782641444184449e+01 1.628992081934028135e+01 1.666992960942256019e+01
1.324775993822520981e+00 1.359746018275259205e+00 1.412622968137378088e+00 1.485993172913803617e+00 1.551271960784640136e+00 1.687975128314549655e+00 1.960571800537150189e+00 2.017980086142379115e+00 2.097080275472731792e+00 2.199021761429588828e+00 2.386763132989463188e+00 2.426538385103882423e+00 2.579938996357203695e+00 2.629330655522710281e+00 2.713342011277358079e+00 2.891246366667037826e+00 3.000662649754392675e+00 3.013582928137518824e+00 3.874099401154464495e+00 4.020093647407419368e+00 4.061670871989864651e+00 4.129433911674679436e+00 4.140766144686936379e+00 4.301411592527042416e+00 4.474808175882677652e+00 4.518154079769352904e+00 4.676731213914179897e+00 5.124056668422202421e+00 5.303360225020798069e+00 5.413173172301574354e+00 5.476101828398029170e+00 5.516876818191737364e+00 5.574646639085321986e+00 5.690005019431812805e+00 5.850530256868875512e+00 5.898327240206710620e+00 5.983982295569718168e+00 6.014583625893696883e+00 6.195596237691900932e+00 6.296620682270822833e+00 6.299073393632204088e+00 6.435266332948415879e+00 6.646808131330585567e+00 6.671343223256680943e+00 6.738655985336436949e+00 7.013336816695551867e+00 7.144249785966066746e+00 7.765102462630981250e+00 7.794795063044532846e+00 7.891930428056070035e+00 8.123525158451284867e+00 8.666974815797907183e+00 8.738142587321531707e+00 9.033586135235918135e+00 1.421893774760193629e+01 1.435158567501025573e+01 1.452937660798374964e+01 1.468838633137580985e+01 1.499216406748521635e+01 1.500351181812449752e+01 1.526311380840051513e+01 1.528203813124396682e+01 1.539718140596850127e+01 1.544916725539627578e+01 1.553480982575553959e+01 1.556642715245119390e+01 1.563268149256691864e+01 1.566544525613832484e+01 1.588354998107136318e+01 1.620315205590001995e+01 1.629294228484814155e+01 1.671523862441083352e+01
1.364905502216282374e+00 1.385150989490764761e+00 1.465475779870460959e+00 1.517364386176589308e+00 1.565021480332835724e+00 1.649683390146494899e+00 2.001196869090838160e+00 2.054788219999645893e+00 2.132944448857517106e+00 2.248418217289359422e+00 2.401191231542556981e+00 2.425622626438773022e+00 2.595832970347819568e+00 2.663681417823589026e+00 2.725123243094738967e+00 2.844699393150613709e+00 2.984383904048062419e+00 3.003278733211337315e+00 3.868327297945806542e+00 4.022226094254010675e+00 4.053896645768566565e+00 4.108955248010760286e+00 4.129597751978106857e+00 4.300785834884304215e+00 4.476170852522174393e+00 4.509884554539101309e+00 4.680915447800485296e+00 5.129559768767757433e+00 5.276725894120008142e+00 5.425872796065966952e+00 5.467705676245675050e+00 5.509923307651182434e+00 5.619436189326537878e+00 5.648726874628569483e+00 5.849915156123817184e+00 5.883460638306782009e+00 5.970138178216582325e+00 6.001110159832443003e+00 6.185795837414883813e+00 6.289955283274191622e+00 6.292685154160426286e+00 6.415075442435542286e+00 6.653206019413234529e+00 6.693737986916218574e+00 6.740125348468441580e+00 6.963366017668135122e+00 7.122013738116306669e+00 7.801209858271432651e+00 7.824735127146345448e+00 7.903512789548129192e+00 8.064860178479809960e+00 8.708404120514011026e+00 8.803211898103571187e+00 9.098259904918249319e+00 1.423749057058559941e+01 1.432683124343659742e+01 1.456414727044346868e+01 1.470928146079441845e+01 1.503213827343882869e+01 1.504442668082911361e+01 1.524878220121349592e+01 1.526590599314355856e+01 1.540807373482773457e+01 1.548981379485435816e+01 1.555335128561276470e+01 1.557623743912015968e+01 1.562074924672056220e+01 1.568967769468272344e+01 1.586304727794704483e+01 1.619548294056208348e+01 1.628571628421552475e+01 1.674798637071609875e+01
1.380849312448077848e+00 1.420519567260399407e+00 1.482460394047151464e+00 1.534893912357304435e+00 1.585025652919207939e+00 1.618964693157288970e+00 2.028081089107104606e+00 2.073622972776994366e+00 2.141374628579331141e+00 2.299974524000699017e+00 2.411353132389495890e+00 2.425330625714892996e+00 2.602780102581080168e+00 2.691408704488344572e+00 2.726220447399778646e+00 2.811452086411280860e+00 2.975309462230162350e+00 2.995675441188185406e+00 3.864609791004372852e+00 4.027243629820583593e+00 4.045214854627245060e+00 4.096604490642808294e+00 4.120948213531512749e+00 4.300021358805485860e+00 4.481516449420695380e+00 4.502703197527645251e+00 4.683941019190571708e+00 5.148219813215777485e+00 5.227783955188963994e+00 5.455768828487755684e+00 5.483148776671642466e+00 5.499934047337900367e+00 5.573617475344816441e+00 5.683140207280446887e+00 5.858294649499935502e+00 5.877584155796144572e+00 5.930284317900585300e+00 6.010297454026163777e+00 6.179565821744388288e+00 6.285403479012659389e+00 6.288538211701546921e+00 6.398391446130319515e+00 6.659050066729969686e+00 6.711604095893444644e+00 6.737171590791394493e+00 6.925992130341535713e+00 7.111992225359392350e+00 7.828683766073092798e+00 7.846451665206349624e+00 7.920991170421207705e+00 8.008516732823579787e+00 8.734608363586367830e+00 8.843715412421019550e+00 9.138228422534380613e+00 1.425782021533417954e+01 1.430283047250228456e+01 1.458683731684842222e+01 1.472250734020031437e+01 1.505846441593930862e+01 1.506863033748408576e+01 1.523490841027605391e+01 1.526032617772486155e+01 1.541432991750673587e+01 1.552260014520158826e+01 1.556472462981139060e+01 1.558444616516302794e+01 1.560518523294145155e+01 1.572466659056314953e+01 1.582091121747743401e+01 1.620710406820620619e+01 1.627139570314121286e+01 1.676775050835787795e+01
1.384599937666163738e+00 1.448343551243107541e+00 1.465846608143642760e+00 1.559497119035958779e+00 1.579790554452643603e+00 1.609684692902385805e+00 2.037685526458238527e+00 2.078806555305109161e+00 2.143399758082714879e+00 2.320470588686950997e+00 2.415088935752023769e+00 2.425239962910163527e+00 2.604026341434311220e+00 2.706369156820873201e+00 2.721240293485747586e+00 2.799095368280537954e+00 2.972563170974403590e+00 2.992750661942585211e+00 3.863324205458175786e+00 4.034475837405736343e+00 4.036371612067886971e+00 4.093109263350995342e+00 4.117464357756576376e+00 4.299702320222210439e+00 4.485476536004815884e+00 4.498551044874107063e+00 4.685038653814894261e+00 5.174520890133288198e+00 5.189095096471699975e+00 5.474512372540004002e+00 5.489498797714847278e+00 5.513117923493915384e+00 5.530993113498516855e+00 5.699160995074527669e+00 5.861415360450977552e+00 5.887985068246385012e+00 5.904104099368372438e+00 6.012886886642728967e+00 6.177497807810003572e+00 6.283749555928006103e+00 6.287098863091324041e+00 6.391816977934621669e+00 6.661509646555674458e+00 6.720952477454946283e+00 6.732927457808472127e+00 6.912261214409782362e+00 7.109048929672576733e+00 7.842883188433265929e+00 7.849232423722731333e+00 7.950332429313152538e+00 7.965533679779309040e+00 8.743528585148423460e+00 8.857434913727932013e+00 9.151748593415431898e+00 1.427823400817225696e+01 1.428120156758278547e+01 1.459474350609827908e+01 1.472704342077152795e+01 1.506783499255053016e+01 1.507636663696761481e+01 1.522974735563239612e+01 1.525882017902502419e+01 1.541637980375031169e+01 1.553912438827244458e+01 1.556617070441143724e+01 1.558725519574787199e+01 1.559687827196577992e+01 1.576597045002673703e+01 1.577570134023584103e+01 1.621753996886581106e+01 1.626128343728339587e+01 1.677435371651848328e+01
1.385590193824950189e+00 1.453557289476869130e+00 1.473400825060011465e+00 1.555921378352937090e+00 1.584699913598019094e+00 1.609991051258786721e+00 2.035612557707032977e+00 2.075300373058353465e+00 2.147536742837389490e+00 2.315575265142327144e+00 2.416585127490431528e+00 2.428736144433873534e+00 2.603977652791759745e+00 2.695510166703305455e+00 2.728691120489848299e+00 2.800922583854561054e+00 2.962998168565085244e+00 2.997673651759100277e+00 3.866383054092038307e+00 4.024972674858266153e+00 4.049098688099181942e+00 4.087465939595923636e+00 4.127742245884263639e+00 4.299028015088733667e+00 4.467348799845259677e+00 4.507549389062891265e+00 4.678371411013898751e+00 5.173906683805865825e+00 5.193077138722890673e+00 5.458256890476117285e+00 5.470884453266203096e+00 5.537582235983741441e+00 5.561184802599354882e+00 5.687951784610721262e+00 5.859262353354093733e+00 5.880337124146712391e+00 5.920408153640891236e+00 6.016545094753532830e+00 6.171330328709649038e+00 6.280963899886518043e+00 6.292886254265251722e+00 6.400666746628954407e+00 6.621235976334953754e+00 6.713163854108588069e+00 6.731490132456639408e+00 6.923256961032810075e+00 7.149424207064175363e+00 7.779253374406607691e+00 7.856217589040244142e+00 7.962825782698044641e+00 8.006063222741317986e+00 8.732210459478647380e+00 8.853010976087121620e+00 9.140686346351829528e+00 1.428280027391626561e+01 1.428624467223776406e+01 1.459318654683615435e+01 1.472681209540895786e+01 1.505325711041638392e+01 1.506948897286939726e+01 1.523472301972822862e+01 1.526682005630500605e+01 1.542303598941909648e+01 1.553706108374665718e+01 1.556922804145565209e+01 1.557816573132969928e+01 1.562599305594316590e+01 1.576332364235841155e+01 1.577626585784696900e+01 1.621894155722804243e+01 1.625755850926121227e+01 1.676714094921188902e+01
1.388068526086898347e+00 1.464258213881506343e+00 1.498217225926183449e+00 1.551814427838798416e+00 1.593804335414778617e+00 1.612490669182429004e+00 2.027550008891408684e+00 2.067567504556377056e+00 2.158863809765109387e+00 2.302129624501254135e+00 2.419863105176171203e+00 2.439508617596840345e+00 2.604138169702624239e+00 2.676704752214611904e+00 2.737328539246986381e+00 2.805440030627860182e+00 2.945084974718411797e+00 3.001680853750267719e+00 3.875484461619767007e+00 4.018454192045451734e+00 4.062179278212804334e+00 4.084745625070696384e+00 4.147162255614703419e+00 4.297195949266968462e+00 4.439749928740083007e+00 4.508536900892276655e+00 4.658432383000966404e+00 5.174253100308691344e+00 5.203611168880316384e+00 5.428549593593413825e+00 5.459273106627846595e+00 5.574398551033210580e+00 5.620459003679932231e+00 5.662418872100553280e+00 5.848781423876053154e+00 5.871980450579201261e+00 5.948143172359263708e+00 6.029645561213942351e+00 6.161730269626618295e+00 6.278885635013071287e+00 6.303959591687331887e+00 6.417910625796606539e+00 6.533905772276360047e+00 6.694700589197004170e+00 6.724193824456201618e+00 6.947945499842002270e+00 7.246489660696067148e+00 7.711751558440017362e+00 7.792905977557921915e+00 8.035648484512529777e+00 8.053348441397119473e+00 8.700748739238983731e+00 8.838428795806294147e+00 9.108243719659821380e+00 1.429625376795625336e+01 1.430108207651182006e+01 1.458874444937156234e+01 1.472629642557391172e+01 1.501889040126758168e+01 1.504434545110019350e+01 1.524660666547725008e+01 1.529277304319373343e+01 1.544199936316460686e+01 1.553804296982554689e+01 1.556712962985910664e+01 1.559464269679476089e+01 1.566649922480593204e+01 1.575725462883930561e+01 1.577704449394201092e+01 1.622346336922066712e+01 1.624760584801860475e+01 1.674588830153863128e+01
1.393262665975573356e+00 1.477288666951910079e+00 1.531695927450045680e+00 1.555120645674444857e+00 1.606147023666097073e+00 1.620231591666198900e+00 2.011254633582203244e+00 2.058474625430833260e+00 2.173309496298871490e+00 2.285125682771071975e+00 2.423834688098780443e+00 2.456897037081254620e+00 2.605010024168453064e+00 2.654915855813483994e+00 2.742102426396410664e+00 2.810108916543700097e+00 2.925014780453667029e+00 2.998645463506326880e+00 3.890370773443282637e+00 4.015959625572873115e+00 4.065529488995156981e+00 4.099431136059179970e+00 4.169214187590043252e+00 4.294647347779821267e+00 4.410945907720348558e+00 4.495412047057008920e+00 4.625717108050444892e+00 5.178633535998996784e+00 5.219677139061873916e+00 5.405918688087242074e+00 5.446360064524015776e+00 5.616637439411428012e+00 5.631564808182110582e+00 5.695520597539917240e+00 5.816107785970735300e+00 5.874523345737162394e+00 5.979559199307266759e+00 6.048819583315470538e+00 6.162648740505789924e+00 6.279348157659004670e+00 6.318504799396815308e+00 6.400563705240529977e+00 6.469266575040091283e+00 6.667258843326720807e+00 6.710482399423794320e+00 6.982560664063252709e+00 7.367070179648804285e+00 7.650319960501007266e+00 7.712957795209176126e+00 8.094366743228645689e+00 8.119476489640476302e+00 8.654344412307894530e+00 8.812011185856020390e+00 9.056636167993135089e+00 1.431802484638246220e+01 1.432478695815829539e+01 1.458192324649496463e+01 1.472587399926687013e+01 1.497333943339005202e+01 1.500291848408210171e+01 1.526445480974211932e+01 1.533542478102261342e+01 1.547050768916876962e+01 1.554749110499927589e+01 1.557375546630516538e+01 1.561578588589823369e+01 1.569880231522793856e+01 1.575269102774406527e+01 1.577885030824568169e+01 1.622840697839628987e+01 1.623856824218818318e+01 1.671172504771375955e+01
1.406007356439390898e+00 1.490372876068428720e+00 1.556905598453057760e+00 1.570197631170081154e+00 1.629913588692493587e+00 1.636427397703026587e+00 1.988001895584484258e+00 2.046284368113844288e+00 2.176477524168046962e+00 2.279477201788881136e+00 2.428761261577674802e+00 2.479428103711901699e+00 2.605772721758903288e+00 2.632100881403814707e+00 2.740928521930510176e+00 2.811937810853184949e+00 2.904799813063936309e+00 2.986642433629145277e+00 3.910525598537064607e+00 4.017199883288198770e+00 4.066261106861289498e+00 4.124094021970702073e+00 4.192336016497320017e+00 4.291753838600391724e+00 4.382987634569069257e+00 4.469324253935568869e+00 4.581701029952181869e+00 5.189985235947979447e+00 5.240929336424892782e+00 5.389836412815736999e+00 5.432338703931396395e+00 5.589424074519730112e+00 5.678955665337071856e+00 5.749667584920969077e+00 5.786778722666577224e+00 5.890582717291675152e+00 6.011437416969951819e+00 6.062130591308476646e+00 6.179892583888805468e+00 6.279269484766961007e+00 6.318929934715739272e+00 6.337644895482168472e+00 6.473087575943099026e+00 6.632042371927913571e+00 6.690582946658857111e+00 7.026797033977869589e+00 7.484861010555528438e+00 7.602264982287480599e+00 7.630148463277491189e+00 8.132624500604798357e+00 8.200919908307643169e+00 8.598315772048982453e+00 8.774393858102875754e+00 8.989492743753764614e+00 1.434730471553352338e+01 1.435594126441001173e+01 1.457317768565934024e+01 1.472578161416546472e+01 1.492210810291762790e+01 1.495066721416130306e+01 1.528980784310597407e+01 1.539012750885864556e+01 1.550506892377713442e+01 1.556539922882314819e+01 1.558554439157662230e+01 1.563638111780941564e+01 1.570402486049795598e+01 1.575224364841457358e+01 1.578776479871611294e+01 1.622129458801907376e+01 1.624970709198245444e+01 1.666643425140034651e+01
1.430107418741808800e+00 1.505523881839373024e+00 1.576153240221026985e+00 1.586246239127118374e+00 1.654725314277438075e+00 1.675101580721326089e+00 1.960097318837325631e+00 2.028783553557948593e+00 2.152108784704555688e+00 2.300710705856059413e+00 2.435213582857497450e+00 2.505832928504665436e+00 2.595877828743821336e+00 2.618400801723910654e+00 2.731299828134000407e+00 2.809484161671405023e+00 2.885254217427423828e+00 2.964744264984521926e+00 3.935094440732106680e+00 4.021263147597348819e+00 4.068712362695064755e+00 4.152171845495719715e+00 4.216062442261602428e+00 4.288495133119112346e+00 4.356262033063266870e+00 4.433980532033407584e+00 4.529096937612139051e+00 5.211132395956203922e+00 5.266706376116662369e+00 5.379589939326287151e+00 5.418777190499537433e+00 5.554509358560586918e+00 5.679349486019356519e+00 5.753559702262991848e+00 5.854737272719263252e+00 5.915170560082864348e+00 6.039974391616701688e+00 6.063348908313153984e+00 6.191040159155141609e+00 6.246279802253857483e+00 6.306915822375641412e+00 6.354593783493895032e+00 6.480569506521339562e+00 6.590736795679833726e+00 6.664339342104775632e+00 7.078952498997288956e+00 7.504482353574732478e+00 7.534378706245992596e+00 7.671402331011233144e+00 8.165622250723840736e+00 8.276894479780835923e+00 8.538572351782582004e+00 8.729123773954698962e+00 8.911715158843477980e+00 1.438298034804609138e+01 1.439274577981050207e+01 1.456279059445138380e+01 1.472585609443412302e+01 1.486903393031616183e+01 1.489279453356520655e+01 1.532370695310656572e+01 1.545193471355628390e+01 1.554264749281600722e+01 1.558790312914376486e+01 1.559823036300834787e+01 1.565355564809525468e+01 1.569242360958213922e+01 1.574543183814665070e+01 1.579645554504791782e+01 1.622192917533908840e+01 1.626861717661572371e+01 1.661229068991468694e+01
1.463351305552173187e+00 1.524128848298543559e+00 1.585441861601823543e+00 1.614210930364030183e+00 1.686237480901417340e+00 1.719889794997871757e+00 1.929748410778474366e+00 2.005604540071959985e+00 2.108894874625797389e+00 2.338632131484795984e+00 2.443227026848435735e+00 2.534897166747984709e+00 2.568988323590962519e+00 2.618666052333338268e+00 2.711542560453875872e+00 2.804561677881892034e+00 2.865905509086037029e+00 2.933150956691857214e+00 3.962781675414737137e+00 4.026781089736623187e+00 4.071589135174537688e+00 4.181173763680209099e+00 4.240401253550129645e+00 4.284347806318034024e+00 4.330630996868965354e+00 4.394852978542045818e+00 4.471830965272568292e+00 5.243867897889552765e+00 5.295954041796803402e+00 5.375157989289419902e+00 5.407999902295514971e+00 5.517786877417607982e+00 5.612418627850606967e+00 5.812321822269841398e+00 5.924744757261136030e+00 5.942801951811625294e+00 6.045896686232488548e+00 6.066817365754446634e+00 6.147865705016449134e+00 6.273019610280534231e+00 6.330505526869099064e+00 6.371004265996077720e+00 6.482774552891595654e+00 6.545289142983783393e+00 6.630687974794687634e+00 7.136382500415578534e+00 7.445184433379266054e+00 7.464451379652961904e+00 7.801995185325580451e+00 8.191722045570948296e+00 8.334045699500169491e+00 8.489275017557835312e+00 8.682473508412499541e+00 8.829143260000979154e+00 1.442335914302447364e+01 1.443277136540445937e+01 1.455105649946065860e+01 1.472553776549068161e+01 1.481721211399297289e+01 1.483378885011121717e+01 1.536695774477107079e+01 1.551564825619970556e+01 1.558026122014511294e+01 1.560367956274497381e+01 1.560998477916361971e+01 1.566529532698249483e+01 1.568147580541131703e+01 1.573380025417259453e+01 1.578815855682254821e+01 1.623870099931235345e+01 1.629067991616609135e+01 1.655183410343704509e+01
1.498901118991169401e+00 1.541129110404068081e+00 1.584862029876059397e+00 1.661317452214759793e+00 1.723525554473426480e+00 1.760700397936511896e+00 1.901537940994190379e+00 1.978260570797068851e+00 2.056008131914055070e+00 2.381727073444962706e+00 2.451872186608389903e+00 2.535918328501572283e+00 2.565763055495226652e+00 2.619624251057701692e+00 2.682944627865134990e+00 2.801342768115366866e+00 2.846246602708349283e+00 2.893879957398522773e+00 3.991601093697517477e+00 4.032349068113978419e+00 4.071401259068974099e+00 4.209225481823132498e+00 4.265358494852459437e+00 4.278565690081085116e+00 4.306491727915224388e+00 4.358897370822409911e+00 4.415011075382521355e+00 5.287953088040499239e+00 5.327479374285159608e+00 5.376917495316582141e+00 5.402118514354957490e+00 5.479622324542293477e+00 5.539010063811619311e+00 5.873166096482274057e+00 5.962693970494705731e+00 5.988340946913501384e+00 6.020328484140099690e+00 6.080970995801817658e+00 6.115225817281364051e+00 6.316699156061027942e+00 6.367805476204698500e+00 6.383619045398526204e+00 6.479272752324630069e+00 6.498439868715566448e+00 6.587638777768274778e+00 7.196152039417017754e+00 7.378290267776184130e+00 7.409443817053410264e+00 7.938429998087976891e+00 8.207302371060666957e+00 8.329283575540552320e+00 8.494493803088571937e+00 8.642648371667840834e+00 8.747884651978825588e+00 1.446520717903826991e+01 1.447223801527569265e+01 1.453856634931892522e+01 1.472414459789140295e+01 1.477011128551167296e+01 1.477858229725148043e+01 1.542002602605608530e+01 1.557429460088380679e+01 1.559803452564293202e+01 1.560504039473241811e+01 1.562752704746847066e+01 1.567293801419566002e+01 1.568307548640126647e+01 1.572110298545816853e+01 1.576150535437107081e+01 1.627058720020829341e+01 1.631367696514568522e+01 1.648761355402264428e+01
1.531594553613434551e+00 1.553130313334511792e+00 1.576509430004895407e+00 1.717587017960385154e+00 1.756695166594084201e+00 1.785133540734305413e+00 1.893593446490092980e+00 1.951327558917017813e+00 1.996702788659433292e+00 2.423845302021470971e+00 2.459066580934127000e+00 2.499840562279560086e+00 2.595266485129681833e+00 2.618156266027683365e+00 2.649721040075086798e+00 2.804550461809061535e+00 2.827790439498696795e+00 2.851125265337302928e+00 4.018416797447585509e+00 4.036976394054212491e+00 4.063007768869741909e+00 4.235287831433389272e+00 4.270572786255323550e+00 4.278690386102850240e+00 4.297435610412184914e+00 4.333771544746154447e+00 4.364825047459528484e+00 5.340749075946848556e+00 5.360178060340297534e+00 5.385344952479655944e+00 5.402289703797202414e+00 5.441867544869186446e+00 5.464466300750831174e+00 5.928973320956930415e+00 5.974601087487291018e+00 5.993295294047904065e+00 6.039314553950368314e+00 6.086397345962637040e+00 6.095705762918210091e+00 6.359455951859047218e+00 6.390151765975191189e+00 6.416401649679648322e+00 6.447379484171219310e+00 6.476739584469672018e+00 6.534037100591152836e+00 7.255385298233659519e+00 7.330244999832676633e+00 7.357652653024041811e+00 8.071003562010545807e+00 8.208173940266860313e+00 8.268662497916034582e+00 8.549336758996178176e+00 8.617231399388128210e+00 8.673319376110404377e+00 1.450110568658531385e+01 1.450451929851759658e+01 1.452631625209313171e+01 1.472124627345711900e+01 1.473318354516221795e+01 1.473549898233311950e+01 1.548241095269560219e+01 1.557856575544348665e+01 1.558246309063212287e+01 1.563379867314884386e+01 1.566275651377702438e+01 1.567815597610511880e+01 1.569045761111543591e+01 1.570858617332050500e+01 1.572381163521971992e+01 1.631189479690294419e+01 1.633611764170731462e+01 1.642195497981394325e+01
1.559253949687823049e+00 1.559777019483580940e+00 1.559959603330107747e+00 1.767942457923936894e+00 1.768012562712704572e+00 1.768375787142660860e+00 1.934497668239600454e+00 1.934555145782342889e+00 1.935770935840954277e+00 2.460685520873667098e+00 2.461180694093576538e+00 2.461994312178281241e+00 2.613570159949480498e+00 2.616856227512205813e+00 2.622083858744604257e+00 2.810505354869975658e+00 2.814074847023774861e+00 2.818155172528804542e+00 4.038711137151148378e+00 4.040396008094554681e+00 4.042607624477732919e+00 4.259536287038347524e+00 4.259972736785052838e+00 4.261967300786184687e+00 4.324171140389853285e+00 4.325239954576443502e+00 4.327641657742285375e+00 5.390706482051229820e+00 5.391962781145315908e+00 5.393626360303776401e+00 5.406232474812192379e+00 5.408167222368917670e+00 5.408390375509189774e+00 5.972725751354986734e+00 5.972849491532286947e+00 5.973752726356002185e+00 6.080350173509168954e+00 6.081113536513973017e+00 6.082239108628840540e+00 6.394142598453703030e+00 6.396227078649273423e+00 6.397915863093773581e+00 6.470529845398878876e+00 6.470646632110157448e+00 6.473587070870942206e+00 7.305066015122537948e+00 7.311497821430567257e+00 7.312798810473908340e+00 8.192907192118459747e+00 8.193256089454271418e+00 8.194258380402930086e+00 8.608676757379601696e+00 8.609168929685509397e+00 8.614037676592030124e+00 1.451543329023817819e+01 1.451714184724364465e+01 1.451791101951909013e+01 1.471717828638433012e+01 1.471724105896764989e+01 1.471746591073219967e+01 1.555151952295127948e+01 1.555174581675712808e+01 1.555179262202300272e+01 1.567401975623057986e+01 1.567580644741446783e+01 1.567649992314672502e+01 1.569661467581113889e+01 1.569739928965128684e+01 1.569746140447854543e+01 1.635681250772144679e+01 1.635690111403026847e+01 1.635741431356105124e+01
1.532216600647219318e+00 1.558350814177396515e+00 1.580404239170519309e+00 1.719904240133312445e+00 1.751459610413028445e+00 1.802305498948615803e+00 1.882489910825132728e+00 1.934198553297084233e+00 1.999519486652806988e+00 2.425536863935172871e+00 2.460427626074147334e+00 2.490000504357277489e+00 2.590110433935648437e+00 2.619806505150725329e+00 2.642212084780781733e+00 2.791759099039893055e+00 2.820212155108027030e+00 2.839917614362895915e+00 4.014280537214019340e+00 4.043442731236656762e+00 4.054126933191167126e+00 4.245462792258031470e+00 4.253685616040590034e+00 4.284086879874312359e+00 4.305847687597974094e+00 4.328852190828954782e+00 4.358341278171414146e+00 5.331064059858357851e+00 5.371563318689911881e+00 5.408276077086555667e+00 5.418152718429668724e+00 5.426031548918568426e+00 5.453021528005010055e+00 5.954330112607295611e+00 5.958343218588615819e+00 5.993507733559108708e+00 6.062239440250952960e+00 6.066496300484494952e+00 6.107941522030874815e+00 6.357787185145127751e+00 6.398961781523582637e+00 6.422008090287628868e+00 6.426431929456877690e+00 6.476165594860649577e+00 6.522831029268897574e+00 7.282502013190796042e+00 7.308133588576736450e+00 7.354889005975275396e+00 8.110966043412204840e+00 8.160983896563951845e+00 8.287769805976518356e+00 8.561099283894805012e+00 8.607402789623558093e+00 8.665345395658579974e+00 1.450658184799024042e+01 1.450770247569088767e+01 1.451169094143860505e+01 1.471475075374168640e+01 1.472842479233850632e+01 1.473211931443935363e+01 1.551639046007911027e+01 1.551911378421966425e+01 1.561496325568349164e+01 1.564206369385761164e+01 1.566776615558478625e+01 1.568040570410112799e+01 1.568511436605187370e+01 1.570753938848935860e+01 1.572460588676916515e+01 1.629557324883335667e+01 1.637467974267557125e+01 1.639586902334489693e+01
1.493321495747986560e+00 1.550053477685142234e+00 1.600418493613506410e+00 1.657900697908976984e+00 1.716485720222530986e+00 1.822975648354087763e+00 1.835542206603927307e+00 1.937925402981303336e+00 2.057832816530422715e+00 2.388815793616608119e+00 2.454541178108606392e+00 2.510084979809221295e+00 2.569228748066812340e+00 2.616300492332682914e+00 2.662949285408865219e+00 2.777877366375954171e+00 2.829603098098781189e+00 2.874076616050150079e+00 3.984287056295779283e+00 4.046741253299940055e+00 4.055143050567457053e+00 4.231212625590599963e+00 4.245330309226313936e+00 4.303731107985809601e+00 4.310029430604779499e+00 4.344910414376671248e+00 4.391329894756060170e+00 5.276838772328198424e+00 5.340824832899129682e+00 5.415010317339221224e+00 5.440093240740728753e+00 5.455237318622497611e+00 5.506834398630514826e+00 5.924733374459377089e+00 5.946010588520518780e+00 5.993341298519914595e+00 6.034088081210210674e+00 6.053661580632759609e+00 6.129491953801136539e+00 6.324334912910229534e+00 6.372141981166425495e+00 6.422328005296135345e+00 6.436452538896513254e+00 6.487224329959585312e+00 6.570757941969933569e+00 7.271156128149684150e+00 7.319519466207532687e+00 7.402537342436173340e+00 8.024365879931453449e+00 8.117953442257441310e+00 8.359131009469306761e+00 8.517789705516957355e+00 8.604007770416043144e+00 8.711855454083684336e+00 1.447876126425261134e+01 1.448164832986223516e+01 1.450597700575154647e+01 1.471079604036032329e+01 1.475477274435193031e+01 1.476231961208623211e+01 1.548089711471776297e+01 1.548507363284398508e+01 1.560653068724592352e+01 1.565088219237858702e+01 1.565993381530698336e+01 1.566358532987977625e+01 1.567403959239877764e+01 1.573750978302050285e+01 1.575499057791045132e+01 1.623447453197910306e+01 1.638826936372328191e+01 1.642809452880697307e+01
1.440726759038383209e+00 1.533276717118575716e+00 1.579385798564902021e+00 1.629072349296928124e+00 1.673420929438279581e+00 1.788880772656514573e+00 1.836049309910990912e+00 1.937300619313957473e+00 2.096738593913845428e+00 2.352527491062081477e+00 2.443195469368513617e+00 2.521141218590547073e+00 2.549509463853257607e+00 2.612090633351725977e+00 2.675036226906919001e+00 2.779035918350178047e+00 2.847851327866988136e+00 2.909416615229255321e+00 3.955155559867374659e+00 4.046502126790953113e+00 4.053616713067469846e+00 4.219174427394822402e+00 4.233920105504602738e+00 4.314900255819295261e+00 4.332135770127210073e+00 4.373393680279430207e+00 4.426005432506358694e+00 5.234137169711122972e+00 5.314550596721723252e+00 5.418978875027337772e+00 5.458256632649617579e+00 5.485921880521790861e+00 5.564324143514658871e+00 5.886448757690588174e+00 5.934013096844378055e+00 5.967186416716532271e+00 6.004306186966778647e+00 6.047855528000907199e+00 6.146263407143950808e+00 6.298308883766313926e+00 6.350611501870754516e+00 6.433925059579891581e+00 6.439322725136842784e+00 6.502505969005645703e+00 6.611934776162502914e+00 7.277437683403192636e+00 7.342614292297483303e+00 7.446232066385467085e+00 7.935491879719016595e+00 8.067821159939565945e+00 8.404789157303973468e+00 8.487601544040526136e+00 8.594994368259262885e+00 8.744167220654656347e+00 1.444387018845195136e+01 1.444807591914127620e+01 1.450119388610754179e+01 1.470542234382606850e+01 1.478346044978875895e+01 1.479331253173309868e+01 1.544815455588128117e+01 1.545264809201025358e+01 1.557262631828022847e+01 1.562590287753890728e+01 1.563748842028017272e+01 1.564667432068193875e+01 1.569473721379034004e+01 1.576504815511690083e+01 1.579585537582907406e+01 1.617925607262731091e+01 1.639626428982175099e+01 1.645166300693077588e+01
1.372659045139322798e+00 1.504581122116699587e+00 1.513564209155945584e+00 1.611317865721002551e+00 1.658855932385044918e+00 1.750313360219209580e+00 1.835785521983401836e+00 1.927742315727049238e+00 2.109175070704142563e+00 2.318243652684841560e+00 2.426890455072097552e+00 2.519287982756587940e+00 2.533638514895045546e+00 2.607740369239496925e+00 2.672975490347692773e+00 2.801664656937858489e+00 2.874946036920859260e+00 2.942626610910989537e+00 3.930099112296614017e+00 4.044563552403062090e+00 4.054991189964281872e+00 4.209153595710294127e+00 4.221730361169040435e+00 4.319686005847288790e+00 4.364247752797952629e+00 4.407874151885294189e+00 4.461475678203999706e+00 5.205075715784555968e+00 5.293988017264536161e+00 5.416504990620600424e+00 5.467602975780009977e+00 5.518677607346248237e+00 5.623818691425471528e+00 5.843692070626789636e+00 5.914389125014770876e+00 5.923513927049579131e+00 5.986162211285053658e+00 6.051018917980660383e+00 6.160703000216550151e+00 6.281072783791624481e+00 6.341749772515036021e+00 6.433763505777180924e+00 6.454357109321836816e+00 6.514500609419892285e+00 6.645846923628433878e+00 7.299046462332603014e+00 7.373501927756050733e+00 7.483579084771816881e+00 7.846109819829821141e+00 8.012748562470529023e+00 8.425113157897277105e+00 8.471884950374333201e+00 8.577125777186539679e+00 8.759394175025411400e+00 1.440749907427007948e+01 1.441246992997578147e+01 1.449742135999443526e+01 1.469878591146764890e+01 1.480535064065634643e+01 1.481598781845285018e+01 1.542127359976666057e+01 1.542531957646716201e+01 1.554014313027415461e+01 1.559286729174104558e+01 1.560488130907310911e+01 1.563014652192236298e+01 1.569954505452359683e+01 1.577749419244377016e+01 1.583923726707482160e+01 1.614129603961525206e+01 1.639740673158734907e+01 1.646529321519603428e+01
1.291118737157448182e+00 1.442645169345315947e+00 1.470480224753378584e+00 1.556007721650658038e+00 1.667106543779290906e+00 1.726722554740779181e+00 1.826632199056908101e+00 1.906745249569545830e+00 2.092844325406559847e+00 2.288391942670286561e+00 2.406263883536440495e+00 2.500484791444115285e+00 2.526071893250954936e+00 2.603160742416433582e+00 2.658085089465388684e+00 2.842600859410440162e+00 2.909206681221708113e+00 2.971698568834349352e+00 3.910911616749241926e+00 4.046057315065541005e+00 4.058567839866737970e+00 4.200868131588087806e+00 4.209925610256654238e+00 4.320236148117613695e+00 4.400392265850125106e+00 4.444103453052217212e+00 4.496659741043885106e+00 5.191122426953702629e+00 5.280180761237550868e+00 5.404348885662038526e+00 5.464055631607848795e+00 5.551565901811995829e+00 5.680069619655739643e+00 5.803316736566126011e+00 5.866584087862319663e+00 5.906698645697328054e+00 5.979461914849085957e+00 6.062523495698739495e+00 6.176180290496069425e+00 6.271733489962779906e+00 6.339411437529999915e+00 6.427699343775931773e+00 6.476503714425161817e+00 6.520497251652247250e+00 6.672745544827452413e+00 7.332397998271046546e+00 7.409127702751472810e+00 7.511733688256408747e+00 7.757872605274236832e+00 7.954359178613491288e+00 8.432215863394116440e+00 8.460230697357111751e+00 8.548674979528403384e+00 8.755596099435326352e+00 1.437195656829787360e+01 1.437740315772831856e+01 1.449482402421593008e+01 1.469108552232404641e+01 1.481384708912618642e+01 1.482536244295367567e+01 1.540193775812477917e+01 1.540643543078847166e+01 1.550822197342239228e+01 1.555715529580728074e+01 1.556682971824986339e+01 1.561276953527403855e+01 1.569345662875354641e+01 1.577846421103412844e+01 1.585227673921336944e+01 1.613990249361800267e+01 1.639070262616353801e+01 1.646822455486826087e+01
1.201712037036564595e+00 1.375210893681113600e+00 1.421869906886836121e+00 1.493905331958404137e+00 1.645702337591437470e+00 1.736393842075243610e+00 1.810168102660216105e+00 1.873138750193579005e+00 2.050784675934427259e+00 2.264264571910800772e+00 2.382336347488570816e+00 2.477435408917619153e+00 2.515942900861735332e+00 2.596816441890652083e+00 2.634699367863807318e+00 2.894254008887908736e+00 2.948049241206897264e+00 2.996508350791780018e+00 3.898274415569634499e+00 4.047491977820623532e+00 4.068860425451567231e+00 4.193919819524675852e+00 4.199224160634866365e+00 4.316917428499386311e+00 4.437546961929642819e+00 4.480288185380608468e+00 4.530500959045162368e+00 5.192851485793931410e+00 5.273896410663769352e+00 5.381862274665536461e+00 5.446371912958018591e+00 5.577884103886255218e+00 5.711359887600854890e+00 5.780861812758019802e+00 5.841980310573188007e+00 5.893416378164985758e+00 5.986959213003119729e+00 6.080259941407292423e+00 6.195409891051597562e+00 6.268147702303546787e+00 6.339214640644329712e+00 6.419277031914979226e+00 6.500824495492572019e+00 6.520254916900166009e+00 6.692987899072979197e+00 7.373576920207447039e+00 7.447003207403163572e+00 7.528021548137845187e+00 7.672834565644151006e+00 7.893885059778551927e+00 8.420314928287874423e+00 8.454735606397957071e+00 8.514235186822730839e+00 8.731766149708210634e+00 1.433829524032979030e+01 1.434418287318899310e+01 1.449359649167995201e+01 1.468253952183757605e+01 1.480498381286411202e+01 1.481967588910470646e+01 1.538904581284941386e+01 1.539535453094303641e+01 1.547518199207226530e+01 1.552488814765313840e+01 1.552740571236391354e+01 1.559468799090348767e+01 1.567871403022385302e+01 1.576851034774170124e+01 1.582624334962563140e+01 1.618013979865983387e+01 1.637561195958170046e+01 1.646021850835724010e+01
1.110024903444942534e+00 1.305046719392226606e+00 1.362973281590926566e+00 1.426899532904557955e+00 1.609652084966966878e+00 1.752560417578050478e+00 1.790914873268341756e+00 1.829846208250653250e+00 1.990611020352972771e+00 2.244892711397818541e+00 2.356753560887127286e+00 2.453301389167506397e+00 2.501924117800430114e+00 2.584068930892859939e+00 2.608147775479332520e+00 2.950741414347279434e+00 2.987918153254020659e+00 3.019757229245831898e+00 3.892014034639728948e+00 4.046113581626676670e+00 4.086697107468066470e+00 4.187604944281208219e+00 4.190654072270355357e+00 4.309608827835712752e+00 4.474579780500500981e+00 4.515604179610812174e+00 4.562192589379477248e+00 5.209431904765890131e+00 5.275410388828910335e+00 5.352236286695443823e+00 5.417335215420718164e+00 5.587163514713296308e+00 5.701676868944055343e+00 5.776997111710321597e+00 5.867652750881845236e+00 5.888803238941957119e+00 6.009401987758472785e+00 6.102066411134368984e+00 6.219170039256773030e+00 6.268523382967329027e+00 6.339519735542561207e+00 6.408562865221426819e+00 6.513224893397121740e+00 6.526504353861590779e+00 6.706819124959374712e+00 7.418241409007802822e+00 7.483258619689640234e+00 7.530902447456425008e+00 7.595785916056175147e+00 7.832402233378348733e+00 8.373632617204592066e+00 8.429020291783883678e+00 8.516887815179481791e+00 8.687966106295636592e+00 1.430709378767333106e+01 1.431354189056380299e+01 1.449395130097937745e+01 1.467335205688976174e+01 1.477956418460815691e+01 1.479893601112084056e+01 1.537384824970312103e+01 1.538376611349919010e+01 1.544550333013487986e+01 1.548828305116153992e+01 1.550835862556501787e+01 1.557642940956428568e+01 1.565587777468543074e+01 1.574644507480192068e+01 1.578025179132679767e+01 1.624291724061920661e+01 1.635254440803526421e+01 1.644161163774349532e+01
1.020046005262897681e+00 1.230410550548490134e+00 1.295091540156846355e+00 1.354458396557012723e+00 1.569877042026809555e+00 1.728474497450833036e+00 1.762866623119906162e+00 1.815377900960009727e+00 1.922709988917551849e+00 2.228844611367119644e+00 2.331377471967849946e+00 2.428000266810874663e+00 2.485118111576794853e+00 2.555474281162247951e+00 2.588136207362103036e+00 3.006810530963624384e+00 3.022119889733539289e+00 3.050171956632756753e+00 3.891338313919119329e+00 4.042691942033266983e+00 4.106863957729165016e+00 4.181493122486244829e+00 4.185283120894768949e+00 4.298069633164470993e+00 4.511698719451812778e+00 4.549689757160670922e+00 4.591341678272535809e+00 5.236367925847364546e+00 5.283001117271310498e+00 5.325412255277293561e+00 5.383276646316477176e+00 5.579611125657613080e+00 5.676770359270190802e+00 5.794500596826855698e+00 5.873895028837227805e+00 5.932703679748577485e+00 6.044635557149363514e+00 6.126103811571289803e+00 6.246214613031922269e+00 6.272312863851693621e+00 6.340555931295847714e+00 6.395435014653616967e+00 6.502283423966298770e+00 6.550020812529573355e+00 6.714439178546611764e+00 7.453336629201428032e+00 7.495238205354283423e+00 7.523651291136674857e+00 7.556445263000957091e+00 7.771322502608518867e+00 8.304156159692244188e+00 8.363561567676883968e+00 8.562481680568444276e+00 8.627508573026346994e+00 1.427877868685883023e+01 1.428589931606657792e+01 1.449610756931775413e+01 1.466360853956415333e+01 1.474182550979286077e+01 1.476491838275026680e+01 1.534160864785409295e+01 1.535733467270161512e+01 1.543529172947635608e+01 1.545869297372566642e+01 1.550800059806017828e+01 1.555883608471929236e+01 1.562485217812159455e+01 1.570743646836353946e+01 1.573517391572511848e+01 1.630151835092056700e+01 1.633292714913409682e+01 1.641381994478115658e+01
9.342784033316303693e-01 1.149980733679556000e+00 1.220225767189898169e+00 1.275797925589294612e+00 1.527833906168418299e+00 1.667818326209685731e+00 1.714902634538596038e+00 1.814215456334953958e+00 1.877104330355903183e+00 2.215342687101401253e+00 2.307636209058922194e+00 2.401023881508485225e+00 2.466564961133744127e+00 2.515824701190179979e+00 2.570629003481479380e+00 3.040090795589778683e+00 3.067750464236095542e+00 3.091869958747237135e+00 3.895076312831495802e+00 4.037669484841385881e+00 4.122759448738454680e+00 4.174975350091659543e+00 4.184737764386718517e+00 4.282051990910714423e+00 4.549894333783385036e+00 4.582442277661216146e+00 4.618007376903187300e+00 5.248874016387662600e+00 5.296469418660468165e+00 5.326827789260562440e+00 5.354836264650419508e+00 5.567568429720131995e+00 5.648766931019181925e+00 5.827625570314619807e+00 5.875501680079122657e+00 5.984723129012332166e+00 6.089114655389259667e+00 6.150782802259645798e+00 6.270970563325056091e+00 6.283227541941980299e+00 6.343993342710555261e+00 6.379855195164940262e+00 6.487084239834613797e+00 6.571538933827280715e+00 6.716145814134668157e+00 7.417262383612985843e+00 7.491730323873817987e+00 7.528293151967308638e+00 7.583167474644157302e+00 7.714098105388803361e+00 8.215498214084332673e+00 8.282459577890080027e+00 8.536158250333325981e+00 8.640075700027646022e+00 1.425373566810443648e+01 1.426150466665222538e+01 1.450027458377869749e+01 1.465264636168339685e+01 1.469722271981807360e+01 1.472085646457660246e+01 1.529616333989114096e+01 1.531531067460374373e+01 1.543580127520325718e+01 1.544205565623487431e+01 1.551975159335416521e+01 1.554365334309959756e+01 1.558539062257232644e+01 1.565717764286920044e+01 1.569454779262709110e+01 1.627673917968302320e+01 1.636564521075570511e+01 1.640262481365368785e+01
8.539255603059228150e-01 1.062873388273327224e+00 1.140613147849824482e+00 1.191682086088483361e+00 1.482629289310414489e+00 1.597574994834845441e+00 1.660219548133732514e+00 1.754697195858496928e+00 1.895697218885671331e+00 2.204105401956461208e+00 2.286265676905435029e+00 2.372176477184316123e+00 2.447015667547512319e+00 2.472211888784041633e+00 2.549964195991494265e+00 3.061327045939973068e+00 3.120754372878236538e+00 3.137649502048660111e+00 3.901914936533221745e+00 4.031280369049967227e+00 4.130174304675620078e+00 4.165923491854519156e+00 4.189882255767722441e+00 4.261389789782096926e+00 4.590022661117027170e+00 4.613947926638697794e+00 4.642577941260873864e+00 5.231642658501384879e+00 5.305559879557437242e+00 5.349160296603564291e+00 5.373781587999806320e+00 5.558553628664562041e+00 5.623451223389861475e+00 5.862103958218523481e+00 5.884344537529984542e+00 6.024570739126464680e+00 6.138016607131764779e+00 6.174720440594018811e+00 6.284294607108463104e+00 6.308842527728468319e+00 6.351369128023346633e+00 6.363375933483249369e+00 6.468993943539526725e+00 6.589825064145393263e+00 6.712435558080422027e+00 7.358932942754972117e+00 7.462417323042774164e+00 7.551472618884284671e+00 7.619348253960403383e+00 7.674612026097592299e+00 8.111055864256627501e+00 8.191530576971935318e+00 8.439992418762738424e+00 8.718588707303272400e+00 1.423232737143632143e+01 1.424054635174488226e+01 1.450661792854081611e+01 1.463198743989016037e+01 1.465783903329537630e+01 1.467067167934619398e+01 1.524751693452666323e+01 1.526738930988251575e+01 1.542016892278297213e+01 1.544776757193173822e+01 1.552164071022043501e+01 1.554107104774722359e+01 1.554319202840688874e+01 1.560853984525940952e+01 1.565113411459203618e+01 1.623423437847355899e+01 1.632649019098723642e+01 1.646702878349731947e+01
7.788643102542245344e-01 9.701751435822266734e-01 1.058737500048601010e+00 1.105264211918331130e+00 1.432386245869295971e+00 1.534483482101853369e+00 1.594151837687761919e+00 1.686471643953698862e+00 1.927886252600189421e+00 2.195041298286404263e+00 2.267430607637514139e+00 2.341855122963322433e+00 2.424007532226090333e+00 2.430486309769875231e+00 2.525252035435309406e+00 3.083653250740377771e+00 3.170612173385038535e+00 3.184063831623107799e+00 3.910611249959566660e+00 4.023767805632166628e+00 4.131441243804251151e+00 4.153129990070643984e+00 4.195428154986041491e+00 4.236130324503603717e+00 4.631218471415234461e+00 4.644945990011832393e+00 4.665561067322143707e+00 5.216056592036137474e+00 5.293935891137509842e+00 5.390290774376198968e+00 5.432218758696996552e+00 5.555086788062026493e+00 5.603134329237422051e+00 5.887019345672456438e+00 5.903594661768667429e+00 6.045808635234264372e+00 6.184056528794582341e+00 6.198793551078651376e+00 6.297773485434188245e+00 6.333984093568851392e+00 6.341697527407610835e+00 6.372423777291663427e+00 6.449429948275419378e+00 6.603999171994158424e+00 6.704023937780779541e+00 7.308100402470750545e+00 7.423626563503589182e+00 7.533029146965259493e+00 7.652403421493294999e+00 7.682433763353811784e+00 7.994773310466613658e+00 8.095309147270528527e+00 8.329651480404651309e+00 8.805698790477098470e+00 1.421489117499042898e+01 1.422322124948431998e+01 1.451513869772010601e+01 1.458678528291596699e+01 1.461489527361418439e+01 1.464419155006759077e+01 1.520069796408981055e+01 1.521947033837302854e+01 1.540737797443716062e+01 1.544683485755981422e+01 1.548108444331653111e+01 1.552286060957151292e+01 1.555549322424823977e+01 1.556422980932820899e+01 1.560671118440723681e+01 1.618933434060103949e+01 1.627722478816756180e+01 1.653321801650002598e+01
7.079391268996829689e-01 8.780783399490181829e-01 9.775248603182953300e-01 1.020395501962304996e+00 1.377801088489313264e+00 1.483010311877044574e+00 1.519168761876819707e+00 1.622107622641417501e+00 1.961159694214818838e+00 2.188074467559313785e+00 2.250952466457284196e+00 2.311040123277708691e+00 2.381465281599766559e+00 2.409067823778938688e+00 2.496884298923791157e+00 3.108070619871972085e+00 3.217019048828334782e+00 3.228852564874915565e+00 3.920156186037338397e+00 4.015424477297504069e+00 4.130140234028695900e+00 4.136376449278190925e+00 4.195553771716116209e+00 4.207273781563283244e+00 4.666372255214707110e+00 4.679537519209974405e+00 4.688548106273237259e+00 5.211983885986803955e+00 5.290311305114299145e+00 5.443159319012339736e+00 5.497244165901012281e+00 5.560188455544375685e+00 5.589360975390452069e+00 5.906415815983863560e+00 5.922894831354970968e+00 6.045191410772654095e+00 6.207424539931745144e+00 6.238469708121691326e+00 6.306615686705014490e+00 6.322724906195275274e+00 6.365225866611375238e+00 6.395124385274000289e+00 6.431246902006545696e+00 6.613370766402373313e+00 6.691780739201139916e+00 7.269777481182077672e+00 7.380382099700482534e+00 7.485022173488348862e+00 7.685560399961401501e+00 7.712771651228738534e+00 7.872130678332096565e+00 7.999878011319030868e+00 8.211100187276581863e+00 8.895492371993311664e+00 1.420174018734857846e+01 1.420976895564865750e+01 1.452362160270973490e+01 1.453764604577136055e+01 1.456028876603980571e+01 1.463578935516934720e+01 1.515834088588122697e+01 1.517486685449177486e+01 1.539701445596194596e+01 1.542529278748861188e+01 1.544286053951745252e+01 1.550462826777230596e+01 1.552212759089035465e+01 1.555984278084602046e+01 1.557636944355142994e+01 1.614610360832766034e+01 1.622563703905426635e+01 1.659445729852124529e+01
6.416245298537870401e-01 7.973255354854782428e-01 9.002183578508596851e-01 9.395953328452344433e-01 1.323204444637686938e+00 1.421149769037131971e+00 1.460278089680354219e+00 1.562355455599332643e+00 1.993654037720471894e+00 2.183070716273729506e+00 2.236482717315300128e+00 2.281125679232203218e+00 2.338830139580109879e+00 2.390475984746268434e+00 2.465831350715597114e+00 3.134043057676507260e+00 3.260000218403932060e+00 3.270228799895114502e+00 3.929866764158466363e+00 4.006591900069334855e+00 4.114014846896117739e+00 4.130141224184092685e+00 4.171651665042876544e+00 4.192713496290781272e+00 4.692607890054925512e+00 4.704173817468141117e+00 4.724942689033171384e+00 5.222712685998931903e+00 5.299399025573239719e+00 5.499036573849815035e+00 5.547723463156176038e+00 5.573251585200235780e+00 5.603515219663641744e+00 5.918377689857768686e+00 5.938409737121637555e+00 6.023633567541255118e+00 6.216428995494414522e+00 6.281649146283883489e+00 6.284166159192356105e+00 6.339044027108177382e+00 6.390894493892775863e+00 6.404840353750677728e+00 6.432458033000088449e+00 6.617612732119463104e+00 6.676598610985174709e+00 7.246346644020738026e+00 7.336004950878111330e+00 7.433832320357722345e+00 7.704265902489165541e+00 7.716857616022903876e+00 7.774427396107947530e+00 7.916057940321894471e+00 8.091488376056398479e+00 8.983500711754864199e+00 1.419316555019158343e+01 1.420048246403799119e+01 1.448458785093631640e+01 1.450225006067108602e+01 1.454289246726250973e+01 1.462971599666173006e+01 1.512206232602466294e+01 1.513566195503306488e+01 1.537300144706340888e+01 1.539458911431793275e+01 1.542542928887656117e+01 1.546643551845384579e+01 1.548403715487721755e+01 1.554946488853119035e+01 1.557089233637157832e+01 1.610818895737961398e+01 1.617550230124675537e+01 1.664930703924385114e+01
5.876514750203366555e-01 7.350838879998216058e-01 8.300315770077900668e-01 8.644429771755390846e-01 1.271113257867528157e+00 1.338526751907597623e+00 1.430316783248278378e+00 1.508527123144455695e+00 2.024718325088449955e+00 2.179828645150199140e+00 2.223576146406680110e+00 2.253716176241201463e+00 2.299382614975947980e+00 2.373181674857401280e+00 2.433478128531691098e+00 3.160332129480627916e+00 3.299016670218228864e+00 3.307121022363685547e+00 3.939397175538492668e+00 3.997679719647143859e+00 4.089900844642657241e+00 4.128767570517072549e+00 4.136514932126686084e+00 4.182519795554497044e+00 4.714161403727302080e+00 4.721345584653161787e+00 4.764431385568689059e+00 5.249592345173985208e+00 5.321701817995343475e+00 5.530233419370200743e+00 5.567605459939554358e+00 5.607069945183964066e+00 5.670026279782255152e+00 5.905937321450166699e+00 5.960277487713984357e+00 5.986854847763383169e+00 6.214395877504258259e+00 6.253361857783037436e+00 6.323208316479165703e+00 6.360293365295586199e+00 6.389287213206611860e+00 6.422017422275461129e+00 6.456424216811583960e+00 6.616952115457829464e+00 6.659245400945756899e+00 7.238203206642154441e+00 7.294076707775672297e+00 7.388843573271312692e+00 7.596596259039649190e+00 7.710825685280433106e+00 7.761692878628171144e+00 7.870440342626499941e+00 7.984241804693034794e+00 9.065704540841455383e+00 1.418943498037717355e+01 1.419570349843560031e+01 1.443663187311378238e+01 1.444990665447143563e+01 1.455764361100715654e+01 1.462530034957388203e+01 1.509278148496671434e+01 1.510313553457416269e+01 1.532956880399087929e+01 1.538418821216888865e+01 1.539814453503099223e+01 1.543429830072445519e+01 1.544855652347948194e+01 1.553928343734144235e+01 1.556058997006618227e+01 1.607828525671349595e+01 1.613039661579142603e+01 1.669689248072561938e+01
5.591070857935600547e-01 6.906049455246978663e-01 7.696981400829584485e-01 7.967395253611705419e-01 1.220555931307562458e+00 1.257209411223821016e+00 1.411110419017972184e+00 1.463694411000762141e+00 2.053910610302329243e+00 2.178111949960706450e+00 2.211666922424736281e+00 2.230481321415763940e+00 2.264386698885587190e+00 2.357565348254811788e+00 2.401565567085592434e+00 3.185322525788052417e+00 3.333160132602389414e+00 3.338846592822799053e+00 3.948686515232746164e+00 3.989248147562062918e+00 4.064826484597626965e+00 4.098004157707889838e+00 4.130184653920718318e+00 4.169679761505004301e+00 4.731406444430458436e+00 4.735340056217944849e+00 4.799337164746642515e+00 5.292515364061224581e+00 5.356420907838653100e+00 5.540750275800611746e+00 5.566209452534951474e+00 5.685640009990041932e+00 5.744168297636701226e+00 5.872157672375280413e+00 5.927032246832991902e+00 5.994840289719755688e+00 6.197754970594484547e+00 6.222065309424712254e+00 6.358603425988592406e+00 6.375565178940353128e+00 6.385658632271801416e+00 6.449947664209394027e+00 6.479774902134081138e+00 6.612103219667742060e+00 6.640275745461854839e+00 7.239205642186335332e+00 7.262506324022961479e+00 7.355401008130322715e+00 7.473702443962133124e+00 7.660764570744415636e+00 7.725562980723239548e+00 7.874383593908961032e+00 7.918137942280570662e+00 9.138483115524980605e+00 1.419078372380956843e+01 1.419580714755976381e+01 1.439136746829553992e+01 1.440036425099317974e+01 1.457448713112382954e+01 1.462232992609730076e+01 1.507074920401759321e+01 1.507786698614407683e+01 1.529108335103562055e+01 1.534041007660313838e+01 1.539240519250838446e+01 1.541724954716710805e+01 1.542055495485633543e+01 1.552450543568677865e+01 1.554128364659765715e+01 1.605730093640270795e+01 1.609317596798232941e+01 1.673658187165469613e+01
5.614553965561303039e-01 6.605544559556177919e-01 7.208425350890506067e-01 7.389312476265854635e-01 1.170119805290539272e+00 1.185044640004218497e+00 1.399715117098598860e+00 1.430485495904930238e+00 2.080629265099815495e+00 2.177708004540519049e+00 2.200235062532124974e+00 2.212852195871712446e+00 2.234858835880389805e+00 2.344196994605536766e+00 2.372180271999105194e+00 3.207249427591789548e+00 3.361393736772563923e+00 3.364785853569089547e+00 3.957886320506787570e+00 3.982199204627265399e+00 4.041055451097165019e+00 4.062097183281985657e+00 4.130642837133629897e+00 4.156355101695925036e+00 4.744342663605187305e+00 4.746196518773687423e+00 4.827753742870934062e+00 5.349911118885748884e+00 5.401885786012964985e+00 5.546437552378393754e+00 5.566124869551838827e+00 5.768528340924723885e+00 5.812336623474682717e+00 5.827105933016961892e+00 5.864450845594823214e+00 6.022931990512065070e+00 6.165492517918434778e+00 6.190382705574823952e+00 6.371506138219771742e+00 6.388695936814602128e+00 6.400694407584701651e+00 6.479404069736506067e+00 6.500129611346160630e+00 6.603848539446969035e+00 6.620078570477570423e+00 7.218289052495634905e+00 7.270808715138622702e+00 7.334170697025460761e+00 7.367190506855554766e+00 7.592225872795419939e+00 7.648007679322746277e+00 7.892590518986345671e+00 7.904594093570650237e+00 9.198671066428673271e+00 1.419739587003675574e+01 1.420117906421698883e+01 1.434953010798228767e+01 1.435511851867710575e+01 1.459145108239732558e+01 1.462056230107626220e+01 1.505554259527327154e+01 1.505976711016094249e+01 1.525995387328297603e+01 1.529220873306801209e+01 1.538765237207763015e+01 1.540065000365946801e+01 1.541371233053610901e+01 1.550435894896798494e+01 1.551534615151900276e+01 1.604424756042743638e+01 1.606528896968371356e+01 1.676790362327338713e+01
5.861120304858213892e-01 6.428783194951216418e-01 6.835083408382687242e-01 6.938496633926004575e-01 1.122335549774615693e+00 1.127856309154922076e+00 1.394665217054470219e+00 1.408970662427635689e+00 2.103738845687175729e+00 2.178521591215111020e+00 2.190291961166382695e+00 2.200514515704144358e+00 2.211559582195552487e+00 2.333795819517876957e+00 2.347796715641308207e+00 3.224404422949622262e+00 3.382656626334826555e+00 3.384219332365662858e+00 3.967312793427336448e+00 3.978048992665526029e+00 4.020279437330843919e+00 4.030070861544075456e+00 4.131278196308641348e+00 4.144845299927903071e+00 4.753198744528122965e+00 4.753917409651915449e+00 4.848625261335246961e+00 5.418559986782117477e+00 5.455469457885151030e+00 5.550051220273735986e+00 5.566611773315691458e+00 5.755973023203344141e+00 5.780166717462168258e+00 5.867505781236432405e+00 5.888537068070083258e+00 6.047236260246770634e+00 6.123796665675087070e+00 6.154049366329743087e+00 6.368943910737350222e+00 6.409459769812949403e+00 6.414013128035972677e+00 6.508686498434309797e+00 6.518651789697450738e+00 6.592502892549131133e+00 6.599075506464568974e+00 7.194754261071754975e+00 7.254219940968778424e+00 7.313530211157359240e+00 7.346748950176931636e+00 7.524336745373146229e+00 7.558956769033250644e+00 7.908928971966807886e+00 7.911297018626816779e+00 9.243650930510922237e+00 1.420938183318726367e+01 1.421218241941132376e+01 1.431164177362563628e+01 1.431501132726957515e+01 1.460642235387803822e+01 1.461970743598334366e+01 1.504616954421820729e+01 1.504814069802046106e+01 1.523716175118074823e+01 1.525202702582635794e+01 1.537055638557720805e+01 1.540703907269500128e+01 1.541381622444386856e+01 1.548096896923654775e+01 1.548673255001031279e+01 1.603706809231741559e+01 1.604663203512524916e+01 1.679051205150202719e+01
6.167713422152240055e-01 6.366251383979983913e-01 6.568373333256704028e-01 6.629738083362237688e-01 1.087247800276974763e+00 1.089122496073874791e+00 1.393504605679148467e+00 1.397276358765858983e+00 2.120885897159322298e+00 2.180759914418285650e+00 2.184636360783314135e+00 2.191469054646430159e+00 2.194970497720309943e+00 2.327142611845498088e+00 2.331268858775336295e+00 3.235346923567473887e+00 3.395942818993942680e+00 3.396343398137792846e+00 3.977430277929285829e+00 3.978979531504919009e+00 4.003149017137550558e+00 4.004644970216078903e+00 4.131693753355539123e+00 4.137157435563421970e+00 4.758324169594327024e+00 4.758532593740592453e+00 4.861351579050426253e+00 5.491947693098599537e+00 5.511765321926811900e+00 5.551969183534150254e+00 5.565333107057607975e+00 5.695005485981054605e+00 5.706348127709845564e+00 5.943808105816108522e+00 5.950843931843290413e+00 6.057547794222435833e+00 6.077566210534707025e+00 6.116581604490250790e+00 6.367246237370101980e+00 6.421793264524081835e+00 6.422757162353110338e+00 6.535322452707968743e+00 6.537536443116762186e+00 6.577089400141789000e+00 6.578510530720127036e+00 7.179291157816630964e+00 7.196523334230914948e+00 7.353958913214431625e+00 7.368746819226779543e+00 7.462238343667342733e+00 7.477407720723704188e+00 7.919220299433932020e+00 7.919428977539768155e+00 9.271455955607834198e+00 1.422679242303028779e+01 1.422907449353375675e+01 1.427819819264105483e+01 1.428058615408436616e+01 1.461653524776421875e+01 1.461978611145426399e+01 1.504134327016215167e+01 1.504188559185811869e+01 1.522317715732746635e+01 1.522534779886048639e+01 1.535902868446694036e+01 1.541935629038318645e+01 1.542152032510522375e+01 1.545717113680199439e+01 1.545980576511612625e+01 1.603369878990482533e+01 1.603616345215644046e+01 1.680416971037115914e+01
6.411696194974286778e-01 6.411712236276068122e-01 6.412618962788577681e-01 6.412635001680082603e-01 1.074573983395650467e+00 1.074645042086032509e+00 1.393489738533957523e+00 1.393627178868682703e+00 2.127674958263188643e+00 2.185313015047642526e+00 2.185313845369258878e+00 2.185363606986794327e+00 2.185364437462554044e+00 2.325074819420384742e+00 2.325120466303126410e+00 3.239108468245957440e+00 3.400473589750654391e+00 3.400474952851971100e+00 3.986510076878119868e+00 3.986510396488877284e+00 3.990063821900715624e+00 3.990064138547394279e+00 4.131679054860229350e+00 4.134616018374923208e+00 4.760032504461797487e+00 4.760033802635759592e+00 4.865625252474147011e+00 5.547804341957445651e+00 5.547804541437038495e+00 5.551020683178426118e+00 5.551020879195752933e+00 5.661094383364349447e+00 5.661102642300126497e+00 5.988971400692332026e+00 5.992920435351174469e+00 6.040764454080061796e+00 6.045531375069007396e+00 6.102087955486216408e+00 6.366606970989795222e+00 6.425814180652289487e+00 6.425819077573462046e+00 6.555893722962880865e+00 6.555893953489321468e+00 6.559969045121075482e+00 6.559969275044837289e+00 7.173776854670205871e+00 7.175123912952365401e+00 7.408717938006640580e+00 7.408717983944098862e+00 7.409220478403540255e+00 7.409220524593612467e+00 7.922673595877681940e+00 7.922678631860314624e+00 9.280862792191790334e+00 1.424926344823278335e+01 1.424926353532574552e+01 1.425241984936287309e+01 1.425241993657963135e+01 1.461848570565341632e+01 1.462157969859997841e+01 1.503992228414901611e+01 1.503992425266062050e+01 1.521563766487753178e+01 1.521878053102810036e+01 1.535509781745005675e+01 1.543516813439991608e+01 1.543516821688806573e+01 1.543825562396392215e+01 1.543825570667236668e+01 1.603277656969818210e+01 1.603277779695425309e+01 1.680873753632969070e+01
1.384599937666163738e+00 1.448343551243107541e+00 1.465846608143642760e+00 1.559497119035958779e+00 1.579790554452643603e+00 1.609684692902385805e+00 2.037685526458238527e+00 2.078806555305109161e+00 2.143399758082714879e+00 2.320470588686950997e+00 2.415088935752023769e+00 2.425239962910163527e+00 2.604026341434311220e+00 2.706369156820873201e+00 2.721240293485747586e+00 2.799095368280537954e+00 2.972563170974403590e+00 2.992750661942585211e+00 3.863324205458175786e+00 4.034475837405736343e+00 4.036371612067886971e+00 4.093109263350995342e+00 4.117464357756576376e+00 4.299702320222210439e+00 4.485476536004815884e+00 4.498551044874107063e+00 4.685038653814894261e+00 5.174520890133288198e+00 5.189095096471699975e+00 5.474512372540004002e+00 5.489498797714847278e+00 5.513117923493915384e+00 5.530993113498516855e+00 5.699160995074527669e+00 5.861415360450977552e+00 5.887985068246385012e+00 5.904104099368372438e+00 6.012886886642728967e+00 6.177497807810003572e+00 6.283749555928006103e+00 6.287098863091324041e+00 6.391816977934621669e+00 6.661509646555674458e+00 6.720952477454946283e+00 6.732927457808472127e+00 6.912261214409782362e+00 7.109048929672576733e+00 7.842883188433265929e+00 7.849232423722731333e+00 7.950332429313152538e+00 7.965533679779309040e+00 8.743528585148423460e+00 8.857434913727932013e+00 9.151748593415431898e+00 1.427823400817225696e+01 1.428120156758278547e+01 1.459474350609827908e+01 1.472704342077152795e+01 1.506783499255053016e+01 1.507636663696761481e+01 1.522974735563239612e+01 1.525882017902502419e+01 1.541637980375031169e+01 1.553912438827244458e+01 1.556617070441143724e+01 1.558725519574787199e+01 1.559687827196577992e+01 1.576597045002673703e+01 1.577570134023584103e+01 1.621753996886581106e+01 1.626128343728339587e+01 1.677435371651848328e+01
1.386868555699770411e+00 1.445955527697182497e+00 1.464369181430333899e+00 1.552074304647420133e+00 1.586139630696878688e+00 1.614150630895414551e+00 2.035492520626076107e+00 2.081541058535754107e+00 2.144738224154981499e+00 2.318819886442861300e+00 2.404769499153363022e+00 2.431931848660161322e+00 2.605701631588278389e+00 2.695512333158636586e+00 2.731806789320012641e+00 2.801474521332004031e+00 2.951683966778694046e+00 3.013133472094631227e+00 3.866598713056382142e+00 4.020794819769391459e+00 4.037353229224113882e+00 4.097857043024749402e+00 4.122583670034255299e+00 4.295462051791141711e+00 4.453188791682272551e+00 4.532107683780616902e+00 4.683628765184999487e+00 5.155261516055357873e+00 5.216026073704708388e+00 5.457311083615679514e+00 5.468150572424358202e+00 5.512794337817009449e+00 5.590476514002960862e+00 5.681872807394171332e+00 5.849176130535654217e+00 5.875049097980876489e+00 5.931902536425882388e+00 6.008742132246819523e+00 6.177102573337513114e+00 6.278470265223060842e+00 6.287005434259698156e+00 6.357027640743674546e+00 6.658092955819993719e+00 6.709429774228786059e+00 6.744604347989175963e+00 6.963460037650300194e+00 7.123898908341502967e+00 7.766849863957419942e+00 7.909205212239152516e+00 7.943524804743188561e+00 7.955203927306252254e+00 8.743371700913966649e+00 8.871304427399227421e+00 9.142031756063122572e+00 1.424611367666697781e+01 1.431957132176398595e+01 1.459882420789885060e+01 1.471492137032964997e+01 1.498532217999961169e+01 1.516208896077958457e+01 1.524292211759495785e+01 1.526615383776953649e+01 1.541777462180958835e+01 1.552395060235544477e+01 1.556052791172943373e+01 1.558500979663055475e+01 1.561425918148338177e+01 1.572495212480966664e+01 1.580525030533702768e+01 1.614967872100953272e+01 1.632936942172375439e+01 1.676809284853376880e+01
1.392299218189928300e+00 1.439771905078643277e+00 1.460925138079926855e+00 1.543952859813701117e+00 1.592759858815565588e+00 1.624255724225950326e+00 2.032394134191696455e+00 2.086133912773077359e+00 2.148571919819245224e+00 2.315225611847041343e+00 2.387390521744811700e+00 2.439005799678750641e+00 2.610521512972292957e+00 2.680336967396166337e+00 2.745783150194618383e+00 2.808393741435978974e+00 2.924194571066544235e+00 3.038656947929188057e+00 3.876273467807053841e+00 4.004749580125134045e+00 4.020437297725364623e+00 4.112984129934615929e+00 4.132621390959013929e+00 4.283103508054665554e+00 4.420981955917609341e+00 4.568692785068669160e+00 4.679345789572856518e+00 5.136211288764531702e+00 5.257674874490713357e+00 5.413420505053957221e+00 5.461325291788131864e+00 5.548444252715579950e+00 5.630925311058827099e+00 5.673537496686929416e+00 5.818101391486606211e+00 5.867291577172273342e+00 5.965160229646008894e+00 6.001992146097773428e+00 6.175653796018581332e+00 6.261152770831434289e+00 6.270210123686215553e+00 6.299499090529256939e+00 6.654534546674827133e+00 6.694302924445949543e+00 6.760469875536888829e+00 7.080459324812558464e+00 7.168403643953852544e+00 7.678386740720172909e+00 7.894903006571287740e+00 7.925212008294550081e+00 7.978310285204109675e+00 8.753245673531598214e+00 8.900883527554052321e+00 9.114202754809840101e+00 1.421939378947306132e+01 1.436490223762940310e+01 1.461097958644085892e+01 1.468239188963958952e+01 1.490518023961022287e+01 1.524488467313924467e+01 1.528041065657663999e+01 1.529147016644883017e+01 1.542186255095596081e+01 1.549436760801135371e+01 1.554129768273266698e+01 1.559815234934876216e+01 1.563336089361428272e+01 1.567197401516001598e+01 1.582160437118774432e+01 1.607156726065178276e+01 1.641188614041525184e+01 1.674944782805721744e+01
1.396743863215162307e+00 1.434504308755506718e+00 1.456946806420361007e+00 1.540712639878240031e+00 1.597766972862098234e+00 1.632093373976530426e+00 2.032790226877070339e+00 2.087735349030124699e+00 2.153954164788026038e+00 2.313189118004468359e+00 2.367429558890293162e+00 2.443736708749627784e+00 2.617920279728676025e+00 2.666022852737256699e+00 2.757165482457601957e+00 2.819291333439181813e+00 2.898208040121084128e+00 3.059919807814031945e+00 3.891898083834126165e+00 3.990114935720024292e+00 3.995910247708406082e+00 4.122414165993795621e+00 4.152130502574245874e+00 4.263665692264978269e+00 4.397791526776164694e+00 4.600278097119975484e+00 4.672006327208890752e+00 5.122113109182578228e+00 5.307688246506489627e+00 5.382380983809802899e+00 5.461158228347107624e+00 5.573821495315060659e+00 5.597871863351975286e+00 5.747408394628721773e+00 5.792929152999144904e+00 5.837089333344705366e+00 5.987306588807003394e+00 6.004983298595970354e+00 6.159494776415090023e+00 6.199816251935517997e+00 6.251865714170002697e+00 6.291290552398957736e+00 6.653562451272773792e+00 6.681939236563909645e+00 6.773710117473274117e+00 7.203662982460897979e+00 7.256412891279385491e+00 7.583902288238123290e+00 7.812249640365357628e+00 7.908221029290823267e+00 8.016816748419509864e+00 8.781813828322370341e+00 8.929862094282343676e+00 9.072708126231459502e+00 1.419996586344911726e+01 1.441486815077882433e+01 1.462444719731912635e+01 1.464379569419256022e+01 1.483371400283647645e+01 1.529253043286602853e+01 1.533772665158531545e+01 1.534933644428050137e+01 1.542851357739407980e+01 1.546088900965277091e+01 1.552296173472310237e+01 1.560355047797931149e+01 1.562132617781807831e+01 1.564969025672208325e+01 1.580943309881403991e+01 1.601438508059294463e+01 1.648959106900460725e+01 1.671884099052654804e+01
1.396738040057253993e+00 1.435002761732761867e+00 1.453075574632673783e+00 1.540437744893486061e+00 1.602314962098600581e+00 1.634513373316996754e+00 2.036775207701283730e+00 2.085520072404172254e+00 2.158732507882278551e+00 2.316389594670981822e+00 2.347648661334742037e+00 2.446392968369610177e+00 2.626955039449947016e+00 2.653265821972867755e+00 2.764497109560375865e+00 2.833306625124626166e+00 2.875096183186370169e+00 3.074054632171888013e+00 3.912702951082755565e+00 3.965158395745481901e+00 3.983877062753966580e+00 4.123221227105214659e+00 4.180217018641336324e+00 4.238743788448962491e+00 4.384588513899617901e+00 4.625804665470494292e+00 4.661278435973708056e+00 5.113233420493356718e+00 5.351528793174946230e+00 5.377114564309038336e+00 5.463471585808490794e+00 5.512117784092315453e+00 5.653440990653398224e+00 5.760885738791380106e+00 5.783493135824015141e+00 5.841780715505485944e+00 5.971244391123265771e+00 6.028827647930119049e+00 6.099235048151479432e+00 6.195599297746126943e+00 6.233422797437039087e+00 6.289098653831620034e+00 6.654035764190825653e+00 6.673654134268482530e+00 6.782334160470965045e+00 7.295356726905460221e+00 7.397756714883687579e+00 7.487901744620267586e+00 7.697842261522999330e+00 7.895810076739690153e+00 8.041314452095708276e+00 8.821266172413226414e+00 8.948972678122938618e+00 9.027979032725781394e+00 1.418817235024568113e+01 1.446828399404570220e+01 1.458007259946501577e+01 1.466389171285401183e+01 1.477379314285369283e+01 1.532843632039072190e+01 1.539013501602116740e+01 1.539970857407447191e+01 1.542844704973207115e+01 1.545271986475261095e+01 1.550416063774813402e+01 1.555346491005127341e+01 1.563302930390203471e+01 1.565854101291656875e+01 1.576762340117769945e+01 1.598832429266317945e+01 1.655999950243075602e+01 1.667711043858012232e+01
1.395735104767627632e+00 1.436937161538567098e+00 1.450982811869116151e+00 1.540679596014095099e+00 1.604512450343182461e+00 1.634358553362860844e+00 2.039485226116374950e+00 2.083531616009090204e+00 2.160624692578798633e+00 2.322692856099435765e+00 2.335216221851599716e+00 2.447245721837568500e+00 2.633644470362177525e+00 2.645428798253996572e+00 2.767022949331288562e+00 2.845052969676029608e+00 2.860315298454504163e+00 3.079024099074682663e+00 3.936171721654085687e+00 3.939163167354538864e+00 3.980695957823859210e+00 4.122741586432523420e+00 4.208009100988033602e+00 4.212279383768273711e+00 4.380414264099370847e+00 4.642918891492917588e+00 4.649114986864199217e+00 5.110170164440009266e+00 5.352209505832871805e+00 5.413626864302915287e+00 5.464057727939650277e+00 5.467488655238280870e+00 5.710619803609841227e+00 5.720260973993856801e+00 5.762108615270232548e+00 5.904249029751238886e+00 5.928611936204635668e+00 6.052531216614074339e+00 6.061402296723879424e+00 6.202572966139527466e+00 6.221324778841514025e+00 6.288385681179024189e+00 6.654538354373713105e+00 6.670581953728535574e+00 6.785321047921209825e+00 7.380222339335171355e+00 7.395175085432801332e+00 7.522235062885060053e+00 7.588989029491052918e+00 7.891334362652204781e+00 8.049617786183237200e+00 8.843861144603772928e+00 8.954334523657381695e+00 9.005430614479710272e+00 1.418421828481020164e+01 1.451839733165871493e+01 1.453009534499690503e+01 1.468611582329856979e+01 1.474072189358681584e+01 1.535733173882628222e+01 1.537530170625970705e+01 1.542779162655126868e+01 1.545062286371283022e+01 1.546685319790226742e+01 1.547395273995653575e+01 1.552998991485322655e+01 1.564704433619399460e+01 1.566162178336023558e+01 1.573687313107202712e+01 1.598238444843524064e+01 1.661293613705523242e+01 1.663379452982250939e+01
1.548692794616115753e+00 1.548813942662929932e+00 1.549481498245233402e+00 1.774563374602667887e+00 1.774733806066255415e+00 1.775798976414068031e+00 1.941231903413435322e+00 1.941532289195861516e+00 1.941707452319014093e+00 2.431513374840400310e+00 2.435699170402675584e+00 2.438145626015616685e+00 2.650270113499480384e+00 2.652955640269962778e+00 2.653405672342740829e+00 2.801885310303684928e+00 2.806761573358611539e+00 2.806952152198948003e+00 4.036509703987404052e+00 4.039526968394717699e+00 4.040034883659026299e+00 4.267538036071314878e+00 4.268534416794978803e+00 4.270922973828157332e+00 4.313053711107111887e+00 4.314904781418035462e+00 4.315631908464830246e+00 5.339682326379837640e+00 5.340358436306843259e+00 5.340771666991361855e+00 5.513654082020945424e+00 5.513838251963203874e+00 5.516276133778223567e+00 5.897452600319988747e+00 5.897858259846431750e+00 5.899101995315978897e+00 6.095847845103646634e+00 6.096133455205728247e+00 6.096208187384904775e+00 6.352256645297523541e+00 6.353248899041892273e+00 6.355888379779896624e+00 6.502571091535153336e+00 6.504282918233133870e+00 6.506162585288628009e+00 7.290211274626672733e+00 7.291341877753418466e+00 7.297320679870744620e+00 8.391092070202400777e+00 8.391119630529676243e+00 8.393883803364621699e+00 8.442473907059174110e+00 8.444166143220146026e+00 8.448379923113069623e+00 1.445343970903478414e+01 1.445451439838067031e+01 1.445604478435737583e+01 1.483724523771585169e+01 1.483811030368053530e+01 1.483891077742729614e+01 1.538265024681837545e+01 1.538326899692689587e+01 1.538549428883945858e+01 1.567483074548142774e+01 1.567500712229559134e+01 1.567519460137971343e+01 1.582061734069083592e+01 1.582422471161581434e+01 1.582557455633233623e+01 1.633973653688742544e+01 1.634049077037505882e+01 1.634147810899175823e+01
1.544413233175259581e+00 1.544619025891529995e+00 1.545267635098350301e+00 1.787282326251961040e+00 1.787516669592800422e+00 1.788407383130614425e+00 1.933603373819455129e+00 1.933646790818114081e+00 1.933735706437790913e+00 2.432160060972768711e+00 2.436002266493932478e+00 2.438869559004327225e+00 2.652848429901823568e+00 2.652940255449104168e+00 2.653194072592081287e+00 2.800020372726614859e+00 2.802899505109181622e+00 2.804839111560264442e+00 4.030514916684973414e+00 4.033805422536527630e+00 4.033962765451674315e+00 4.276614078240013939e+00 4.277926133650107765e+00 4.280236327262843865e+00 4.312252514356527122e+00 4.313818293897419665e+00 4.314171219087063136e+00 5.339761152589765913e+00 5.340297242769405983e+00 5.340643924529143938e+00 5.505396919058084038e+00 5.505499692856398397e+00 5.507874016846291632e+00 5.919050173541823057e+00 5.919121096297896401e+00 5.920757847928808104e+00 6.075411460252287732e+00 6.075667419371711730e+00 6.075927666619226564e+00 6.362473622090218051e+00 6.363266485229811309e+00 6.365705869984075171e+00 6.496133922660967563e+00 6.498153165647574170e+00 6.499742367661236919e+00 7.299026862771165192e+00 7.301735052742438725e+00 7.306671508100267332e+00 8.326517207766151785e+00 8.327149891905824219e+00 8.329701310320851704e+00 8.499815547471811783e+00 8.500253187975957303e+00 8.505182386906302128e+00 1.445162578328863390e+01 1.445292451775448761e+01 1.445421184631435985e+01 1.483659823775114717e+01 1.483778708518076961e+01 1.483810213529810618e+01 1.539327796076460508e+01 1.539342127791601911e+01 1.539610322388145214e+01 1.567337227477396944e+01 1.567357315376968785e+01 1.567377711381921124e+01 1.581099949850199948e+01 1.581450896097236303e+01 1.581570678939867136e+01 1.634285671174473364e+01 1.634356038258718868e+01 1.634439591915541357e+01
1.543693573406937025e+00 1.543983965559706517e+00 1.544583520780729691e+00 1.794846974529069383e+00 1.795074891858621902e+00 1.795705398963884925e+00 1.926482829095695681e+00 1.926719802624849986e+00 1.926911760827506814e+00 2.437403554502784342e+00 2.440617256215762421e+00 2.443685585012221662e+00 2.645983655217333474e+00 2.646277845828749253e+00 2.648692369370182931e+00 2.801307195900862190e+00 2.801853657254155916e+00 2.805969078518979476e+00 4.027379384121689831e+00 4.030397135294703226e+00 4.031101611844447596e+00 4.279403967450291724e+00 4.281271998965072711e+00 4.283011539642580523e+00 4.315015501757759608e+00 4.315313290208428576e+00 4.317109944218840312e+00 5.345367674547131465e+00 5.345718332063815303e+00 5.345973645144082020e+00 5.483488397675413850e+00 5.483585535808638056e+00 5.485675825966181307e+00 5.955520978552096167e+00 5.955826830220085633e+00 5.957554884211943680e+00 6.051714317451532210e+00 6.051991764033834542e+00 6.052521423774828158e+00 6.376903820544939983e+00 6.377243335439023220e+00 6.379620561299698345e+00 6.485939687818903288e+00 6.488362730434160675e+00 6.489451622912199902e+00 7.307691440635555757e+00 7.311946790809662922e+00 7.315620001301182285e+00 8.266636905535648339e+00 8.267287752544605794e+00 8.269087537839485691e+00 8.549024753421630152e+00 8.549121398762919100e+00 8.554275508308073483e+00 1.445949100430318524e+01 1.446102006134677431e+01 1.446203441432330905e+01 1.481464871683823326e+01 1.481592780092662665e+01 1.481597453903610884e+01 1.542772083741806100e+01 1.542849925740263828e+01 1.543096157041221694e+01 1.567162690028710337e+01 1.567189226120028067e+01 1.567214018478004611e+01 1.578710655582751166e+01 1.579034589627935503e+01 1.579135689788851238e+01 1.634803575043816437e+01 1.634866718624005344e+01 1.634924363461091090e+01
1.546652323194610990e+00 1.547027091574211699e+00 1.547539037334928702e+00 1.793411289480390192e+00 1.793502195755754203e+00 1.793855362558621325e+00 1.924101192784841041e+00 1.924322215524242319e+00 1.924957880958021450e+00 2.445813283136386129e+00 2.448157070603002250e+00 2.451091258719682919e+00 2.634281640472520003e+00 2.635008460526276686e+00 2.639489909065949824e+00 2.803746880975724665e+00 2.805124094327816398e+00 2.809590981820298872e+00 4.027972532811559425e+00 4.030669685163572602e+00 4.031862262340577985e+00 4.275754108254336217e+00 4.277612223629732036e+00 4.279133427715264837e+00 4.319309246608235675e+00 4.319793360491648748e+00 4.322099359161073018e+00 5.356588806119166435e+00 5.356657992272850777e+00 5.356790183679067674e+00 5.455848319962707471e+00 5.455958404276665341e+00 5.457730409722422849e+00 5.994862234095191589e+00 5.995159962791971608e+00 5.997008228406822461e+00 6.030663165756905642e+00 6.031104870020820741e+00 6.031556558285200431e+00 6.391154636340421469e+00 6.391776108662981848e+00 6.393675110440478981e+00 6.474386817218480417e+00 6.477344691325134463e+00 6.477474188206443273e+00 7.312793332665711077e+00 7.318498257853991440e+00 7.320660137045210902e+00 8.220480117864036984e+00 8.220857856948136089e+00 8.221827614962249342e+00 8.585133987909443931e+00 8.585266983432930488e+00 8.590417227372034503e+00 1.447587239206774967e+01 1.447766655133232305e+01 1.447832447225852626e+01 1.477978071248250380e+01 1.478083417727027538e+01 1.478100649060085381e+01 1.547704003467561407e+01 1.547818706910497610e+01 1.548041908259061650e+01 1.566928346850022180e+01 1.566965400322557223e+01 1.567004410761055766e+01 1.575372623812587669e+01 1.575646034693431119e+01 1.575727474856564747e+01 1.635319110737854942e+01 1.635376751770006365e+01 1.635401407829586518e+01
1.552438332431345325e+00 1.552892438158129051e+00 1.553268464151818407e+00 1.782858248779292998e+00 1.783010788054185225e+00 1.783021444511023290e+00 1.927641646505072748e+00 1.927732656316754278e+00 1.928765908209346458e+00 2.454740249082216330e+00 2.456081885715555746e+00 2.458337759345935236e+00 2.621916304007711584e+00 2.623650227544021885e+00 2.629111070072867928e+00 2.807178490937456861e+00 2.809891470545872405e+00 2.814166770284253882e+00 4.032136495298433765e+00 4.034415147105660182e+00 4.036095430971021969e+00 4.268349407276027740e+00 4.269651230198998171e+00 4.271364495972475694e+00 4.322724494094707381e+00 4.323576919366171722e+00 4.325985309436848780e+00 5.372691427730286406e+00 5.372773981403143218e+00 5.373177007351011447e+00 5.428768239389360595e+00 5.428829141640272304e+00 5.430353641950683929e+00 5.994482250075955143e+00 5.994956624717669769e+00 5.995365026189140245e+00 6.048137434957075342e+00 6.048848861836994217e+00 6.049725199586617030e+00 6.398826210224720867e+00 6.401155234158513174e+00 6.401449091413664583e+00 6.467031253494206489e+00 6.468860609782944415e+00 6.470401606250476334e+00 7.311919701184564246e+00 7.318837395979012506e+00 7.319290561167129283e+00 8.194870574069144098e+00 8.195059699803149300e+00 8.195074243596428332e+00 8.605508281252106428e+00 8.605829791320603661e+00 8.610855793419712967e+00 1.449720383996292661e+01 1.449932670090896814e+01 1.449943851541717876e+01 1.474296754684128707e+01 1.474375199359073285e+01 1.474380774142110262e+01 1.552704536289484594e+01 1.552810803004367024e+01 1.552986286620362932e+01 1.566699088576019605e+01 1.566724167418879965e+01 1.566816197937284905e+01 1.571931099759534689e+01 1.572111821088101458e+01 1.572167179913300750e+01 1.635646910894954686e+01 1.635690908501232954e+01 1.635703228567648893e+01
1.559253949687823049e+00 1.559777019483580940e+00 1.559959603330107747e+00 1.767942457923936894e+00 1.768012562712704572e+00 1.768375787142660860e+00 1.934497668239600454e+00 1.934555145782342889e+00 1.935770935840954277e+00 2.460685520873667098e+00 2.461180694093576538e+00 2.461994312178281241e+00 2.613570159949480498e+00 2.616856227512205813e+00 2.622083858744604257e+00 2.810505354869975658e+00 2.814074847023774861e+00 2.818155172528804542e+00 4.038711137151148378e+00 4.040396008094554681e+00 4.042607624477732919e+00 4.259536287038347524e+00 4.259972736785052838e+00 4.261967300786184687e+00 4.324171140389853285e+00 4.325239954576443502e+00 4.327641657742285375e+00 5.390706482051229820e+00 5.391962781145315908e+00 5.393626360303776401e+00 5.406232474812192379e+00 5.408167222368917670e+00 5.408390375509189774e+00 5.972725751354986734e+00 5.972849491532286947e+00 5.973752726356002185e+00 6.080350173509168954e+00 6.081113536513973017e+00 6.082239108628840540e+00 6.394142598453703030e+00 6.396227078649273423e+00 6.397915863093773581e+00 6.470529845398878876e+00 6.470646632110157448e+00 6.473587070870942206e+00 7.305066015122537948e+00 7.311497821430567257e+00 7.312798810473908340e+00 8.192907192118459747e+00 8.193256089454271418e+00 8.194258380402930086e+00 8.608676757379601696e+00 8.609168929685509397e+00 8.614037676592030124e+00 1.451543329023817819e+01 1.451714184724364465e+01 1.451791101951909013e+01 1.471717828638433012e+01 1.471724105896764989e+01 1.471746591073219967e+01 1.555151952295127948e+01 1.555174581675712808e+01 1.555179262202300272e+01 1.567401975623057986e+01 1.567580644741446783e+01 1.567649992314672502e+01 1.569661467581113889e+01 1.569739928965128684e+01 1.569746140447854543e+01 1.635681250772144679e+01 1.635690111403026847e+01 1.635741431356105124e+01
