-9.619693805270604012e-05 -4.608262838159404986e-05 7.370969808631830461e-09 4.067940988834940486e-01 6.064128189037299999e-01 6.120287742088030836e-01 6.305003696430233617e-01 6.688905484045090111e-01 7.610798927730959562e-01 8.014362029938459919e-01 8.024104257551673003e-01 8.230448778133283572e-01 8.237460894262648159e-01 8.401212428373507901e-01 8.427552474033301877e-01 8.517329945296681082e-01 8.730125353014912548e-01 8.813240896188969664e-01 9.210400096703555972e-01 9.332408694903946422e-01 9.645098851509159577e-01 9.699129941881028394e-01 9.773698045599347184e-01 1.033795071815163613e+00 1.036584899194990417e+00 1.041027196799061416e+00 1.065076138036139985e+00 1.106246160357491126e+00 1.142752284866050516e+00 1.214580625409761527e+00 1.299939032965214736e+00 1.348316392798969643e+00 1.354153238262313819e+00 1.367371124432296359e+00 1.375076776730530081e+00 1.394260852435559972e+00 1.408177802452875937e+00 1.456081008755918393e+00 1.469207240737125941e+00 1.516313397145583775e+00 1.521659692716653689e+00 1.529481332103283409e+00 1.579114085286681179e+00 1.595091204475409530e+00 1.615976930306427084e+00 1.660381536194587060e+00 1.664841385672976903e+00 1.771148342896436523e+00 2.153995921988073992e+00 2.207643716673371337e+00 2.209962429479890300e+00 2.211386408638436052e+00 2.273523000045947207e+00 2.369879677105571680e+00 2.522990791628239471e+00 2.530148799007092109e+00 2.577648205862627773e+00 3.004794325848794134e+00 3.048593856731379059e+00 3.059294748310033452e+00
6.098975623945435132e-02 7.890850719614048159e-02 9.112523409293721288e-02 4.143320094527365161e-01 5.949792980763343175e-01 6.240093005275069160e-01 6.288930854157636086e-01 6.784088245803078232e-01 7.409889044441690942e-01 7.919393342042537753e-01 8.031464281268495542e-01 8.116235984265890435e-01 8.246556018538629962e-01 8.322629138483342848e-01 8.507837848337017617e-01 8.602983178063959846e-01 8.755209707438680322e-01 8.773580461200026770e-01 8.856485971670855495e-01 9.617688455450241758e-01 9.633773997678568568e-01 9.839107336931897096e-01 9.901901480593923166e-01 1.025448653781024788e+00 1.033184015621282814e+00 1.053970098182476001e+00 1.083481089089259886e+00 1.139935034024556204e+00 1.164321624867889149e+00 1.230548896390738278e+00 1.303229152557591863e+00 1.357416522931060188e+00 1.364139719012589902e+00 1.375454319065439801e+00 1.391024240095919184e+00 1.404063823271855638e+00 1.404537082599000453e+00 1.457194904305352701e+00 1.464101293491059774e+00 1.516735192108509933e+00 1.525524210318955465e+00 1.545179594672766443e+00 1.579319904557338727e+00 1.595184789948969728e+00 1.617600046717496909e+00 1.659555122174428465e+00 1.668851739950657054e+00 1.770442266936270936e+00 2.145096124985572228e+00 2.196189191959335485e+00 2.198894599768321356e+00 2.206418467900509661e+00 2.274900366628608950e+00 2.365897645642188518e+00 2.520737131029863853e+00 2.527907036224791515e+00 2.576846523883148610e+00 3.012441123671227849e+00 3.048677376517624271e+00 3.062637991279203220e+00
1.219448046273336195e-01 1.587761929633266234e-01 1.833040052344714621e-01 4.367279808412153352e-01 5.747347831890742276e-01 6.192363267677548633e-01 6.555180847322396032e-01 6.921857107923261587e-01 7.038344108365724994e-01 7.659335315977855441e-01 7.692898732265278650e-01 8.162219249241005059e-01 8.265717178199262216e-01 8.275183029683391700e-01 8.465949001751273961e-01 8.628649570232234112e-01 8.754780289943457916e-01 8.823988711585991629e-01 8.937438198349871854e-01 9.528426487709293902e-01 9.895153707426083134e-01 1.009209537250689515e+00 1.012409546646474867e+00 1.027199166135599029e+00 1.031339288106831287e+00 1.071345885906486828e+00 1.129446262559110847e+00 1.142443413512963080e+00 1.247520604465785610e+00 1.270081777349192143e+00 1.308617140705332638e+00 1.379031906675812991e+00 1.388907811580093021e+00 1.394032848924144696e+00 1.394576090730878404e+00 1.422695089035713956e+00 1.452286593184031638e+00 1.460366579170042867e+00 1.490104955444202517e+00 1.519024733773700842e+00 1.541196488949633903e+00 1.580788235587264223e+00 1.592512831088887415e+00 1.596553879484737148e+00 1.622200697771134514e+00 1.662097186862093290e+00 1.678702878439077173e+00 1.768525643962849170e+00 2.119733035127333576e+00 2.167253469979756542e+00 2.167438414133777247e+00 2.188906847094252317e+00 2.279133735273380257e+00 2.356057804944146294e+00 2.512786596420192087e+00 2.520034493235084661e+00 2.573938113643353010e+00 3.032142830057067417e+00 3.049387275812738718e+00 3.071732598884432619e+00
1.813093620280317730e-01 2.320929551694021487e-01 2.729376726603136016e-01 4.722222178058396724e-01 5.605289026357532789e-01 5.908470948155292168e-01 6.617361100154057763e-01 6.956415270001861106e-01 7.109394696733715158e-01 7.342302465283664370e-01 7.394244836737043913e-01 8.010240781194635229e-01 8.083451900800040502e-01 8.269557214545707469e-01 8.359860450211735738e-01 8.738009283319775333e-01 8.918460830320736887e-01 9.113285424204308205e-01 9.182061244635527641e-01 9.446565009588481221e-01 1.002536341191518687e+00 1.013048178598733751e+00 1.028044612525580659e+00 1.041876636556131164e+00 1.062896600802371472e+00 1.093591914638731399e+00 1.153352319368962986e+00 1.186607561610085071e+00 1.286243477401252999e+00 1.309807675091076318e+00 1.317156324773439913e+00 1.382599803438422814e+00 1.385074701170451839e+00 1.418591271926105568e+00 1.444534086884306179e+00 1.452424825735122660e+00 1.461176268842134363e+00 1.464473271049001157e+00 1.525423518971129155e+00 1.538652906409070154e+00 1.584917954207152979e+00 1.597554465682718527e+00 1.628295412011062870e+00 1.634425713548831371e+00 1.675134984627770329e+00 1.677110187288376464e+00 1.736139441819914531e+00 1.768080252752758152e+00 2.081156877082692258e+00 2.120186981236798829e+00 2.129354857726613037e+00 2.160628349085731870e+00 2.287728213445355152e+00 2.344427419375105792e+00 2.496449607140770688e+00 2.504021294956663368e+00 2.567665983665354812e+00 3.052015160367612445e+00 3.056183736200486223e+00 3.084136024791513719e+00
2.366827676399937130e-01 2.952598471214151199e-01 3.415902020133204653e-01 5.167636049922301744e-01 5.355087339631648957e-01 5.779890513168791655e-01 6.424080505481351011e-01 6.739364347800903543e-01 7.008187346061443002e-01 7.347808123856355289e-01 7.527554753678608046e-01 7.829160863958188887e-01 7.905680601128919349e-01 8.255170323721136016e-01 8.330194149951479776e-01 8.839035603952646314e-01 9.022749637177470694e-01 9.279569350950378492e-01 9.373609693433018197e-01 9.594059498999583102e-01 1.001701459448472553e+00 1.023197430646385131e+00 1.035308407108789908e+00 1.078203647311669622e+00 1.093240481202171432e+00 1.124590318420395585e+00 1.172572689373337695e+00 1.242494689860515367e+00 1.303542822251150479e+00 1.312715292425939984e+00 1.356899466068733462e+00 1.373275575149608851e+00 1.390157994019856957e+00 1.410040692214404867e+00 1.465875427205353576e+00 1.481235826791199139e+00 1.493026305866297143e+00 1.508714097857374092e+00 1.562402703633187784e+00 1.568457069927445602e+00 1.594112769732181967e+00 1.602778129375340477e+00 1.641685213058807991e+00 1.654891519091367336e+00 1.687592905257951248e+00 1.760049298337599932e+00 1.786414581481969854e+00 1.893020958621720373e+00 2.033079806522996691e+00 2.064550258162370255e+00 2.103462234085549554e+00 2.137240897342901125e+00 2.308124814310951400e+00 2.333649148013403174e+00 2.469029615052656279e+00 2.478008908840720892e+00 2.556394183107235207e+00 3.058084791916502176e+00 3.076099888733883070e+00 3.096986086325950183e+00
2.865380300734233776e-01 3.441880883430876725e-01 3.725372615626156847e-01 4.943066531346815284e-01 5.641473462386576987e-01 6.020991142488121284e-01 6.292445143485091430e-01 6.425837187112608540e-01 6.598758116855748534e-01 7.545875792818838024e-01 7.594050485303284193e-01 7.856209640501260472e-01 7.973768150177386049e-01 8.230853267355573433e-01 8.282879595333725309e-01 8.933142616332848673e-01 9.134319396107843936e-01 9.314819752180770740e-01 9.381856720300910668e-01 9.707555624946661021e-01 1.016307348677055078e+00 1.022126938915307148e+00 1.055619471426344713e+00 1.118623699860175957e+00 1.121216806215379336e+00 1.158658543349792458e+00 1.195250500804763805e+00 1.284445799115411901e+00 1.313554314594740813e+00 1.314778761265289697e+00 1.364364508150446520e+00 1.385020992023167530e+00 1.404901461077958880e+00 1.413061734675095327e+00 1.468317986465601077e+00 1.499454646803433100e+00 1.505579997896821398e+00 1.535841266128940896e+00 1.606638600499525005e+00 1.607608140355552662e+00 1.614751580562275635e+00 1.659537548669715035e+00 1.664737257140791682e+00 1.683264152427164762e+00 1.698528388762065688e+00 1.756251495235505722e+00 1.885387499269520983e+00 1.921149938580472227e+00 1.978817912481247276e+00 2.023339709229976524e+00 2.067555551137704839e+00 2.199145975638424844e+00 2.323349440199168559e+00 2.367741561320626520e+00 2.428645377243004777e+00 2.449960079410071767e+00 2.538223247525536408e+00 3.068381542890663116e+00 3.085109594627658325e+00 3.108064735348964991e+00
3.310633080281001894e-01 3.690442992253002430e-01 3.738942611433319074e-01 4.732974977145338880e-01 5.817766610117759418e-01 5.915602876882841699e-01 6.276275513937232819e-01 6.332224962738318697e-01 6.575858906620766220e-01 7.456575406331789058e-01 7.687265387368166225e-01 7.855360501177769406e-01 8.205173294005809748e-01 8.214191302028649444e-01 8.484270906622528585e-01 9.015405121388315735e-01 9.257413421133291465e-01 9.272937750254653944e-01 9.458462241207089560e-01 9.671372623942335878e-01 1.007167608370097778e+00 1.043581178702698731e+00 1.070627116269389889e+00 1.133684842825946060e+00 1.168837342290581116e+00 1.187690552734259164e+00 1.216633273040756968e+00 1.304605137327522479e+00 1.314456630673767723e+00 1.325161110878005255e+00 1.360090479445314138e+00 1.377730125323189503e+00 1.431769747597531284e+00 1.450111994979561336e+00 1.484636123795143092e+00 1.495393010901234332e+00 1.525275997606891032e+00 1.552708161834706502e+00 1.620366801818398539e+00 1.621263698588098601e+00 1.632393215832123712e+00 1.675950100168378976e+00 1.709047653144370571e+00 1.745734225450220833e+00 1.770261221213606184e+00 1.783928656361545295e+00 1.876304989438728921e+00 1.883373204245318844e+00 1.920770673085533398e+00 2.019172207541529040e+00 2.076787886710462327e+00 2.245197400722407366e+00 2.314435783943707747e+00 2.366622543986965699e+00 2.374620372159166326e+00 2.511068617451284180e+00 2.544651501175323460e+00 3.078750857331852497e+00 3.081958639910480802e+00 3.116355454078738152e+00
3.561873542274189841e-01 3.704032084030806637e-01 3.718310232569200235e-01 4.819223643672652102e-01 5.535755889780827887e-01 5.563363531342790935e-01 6.260941617317933305e-01 6.652814352795508590e-01 6.684484742108735000e-01 7.517156277887834248e-01 7.647108004104071766e-01 7.894958420628855889e-01 8.120816417574681090e-01 8.168588305321451415e-01 9.082521967538417229e-01 9.120203313042262172e-01 9.243096828474103299e-01 9.393353497469589808e-01 9.521794018856155617e-01 9.632730916562375345e-01 9.958588070368136203e-01 1.057217788240161438e+00 1.078788229080718475e+00 1.126586896691257556e+00 1.209610574923056792e+00 1.216632230008069415e+00 1.231610517819512252e+00 1.308549626556916534e+00 1.316548349988172939e+00 1.337003331763223724e+00 1.354937033561576465e+00 1.374497365700027007e+00 1.458686675597844484e+00 1.462619715879095672e+00 1.488746582489544501e+00 1.538659395947685748e+00 1.547390476662595216e+00 1.570692824331226367e+00 1.630463838501354568e+00 1.640209452242922028e+00 1.640734557805316074e+00 1.686131058909309033e+00 1.714797735517857191e+00 1.741808176493330862e+00 1.827313289663942353e+00 1.833913649156854175e+00 1.843823982481562318e+00 1.893366336892870594e+00 1.901096898608168662e+00 1.968642303624493772e+00 2.171863739654467551e+00 2.264804565877073017e+00 2.300064321212421437e+00 2.305805724218206176e+00 2.309618518001239185e+00 2.472963994909838537e+00 2.697962374384566875e+00 3.054403639454154273e+00 3.095735300903814657e+00 3.122051338738854653e+00
3.365107824870874897e-01 3.649658154277050648e-01 4.105441798914195584e-01 4.991425598238332095e-01 5.074612391098208830e-01 5.386436474475625458e-01 6.317540790055996558e-01 6.607414747383051346e-01 7.001006690063777960e-01 7.517595838607658010e-01 7.678971857680072510e-01 7.959903760170236042e-01 7.999586333192004739e-01 8.111386655614070129e-01 9.134731712611796617e-01 9.216501471497811071e-01 9.513252210421166977e-01 9.538138890583617302e-01 9.596800493917015951e-01 9.827783430220238259e-01 9.834165668865850751e-01 1.063325121853007094e+00 1.081093153230233472e+00 1.099228315680841117e+00 1.225056650666302094e+00 1.237087244275272946e+00 1.258700227687950424e+00 1.303371231724441248e+00 1.321010831151191001e+00 1.344985836127243761e+00 1.349438932248629319e+00 1.371171587634475886e+00 1.460528082528149696e+00 1.482471945510141609e+00 1.499583129106963897e+00 1.542578372185343216e+00 1.592321929205098519e+00 1.618875860538200540e+00 1.633732211772950915e+00 1.646168324789432091e+00 1.664993292595970731e+00 1.676476464942173283e+00 1.716426439906367341e+00 1.734735850942536795e+00 1.771973575962917158e+00 1.786953744097746322e+00 1.831138238024177634e+00 1.913242669030132959e+00 2.008213852615011952e+00 2.010525459411375060e+00 2.200149826959489907e+00 2.215778863471765447e+00 2.277634968352281852e+00 2.290075833973776565e+00 2.297181494590656126e+00 2.422532555301189383e+00 2.826248608408015617e+00 3.010952871886809934e+00 3.105531059383781045e+00 3.125885223349492481e+00
3.282722208276873666e-01 3.626009669454026141e-01 4.377110921725244630e-01 4.769456812592255956e-01 5.083835165629215780e-01 5.303920086629291264e-01 6.392839756214131475e-01 6.515322570525196033e-01 7.221975276262311283e-01 7.371113985631592147e-01 7.834607748844811814e-01 7.865007475779732804e-01 8.022870919054723160e-01 8.051333318840069309e-01 9.164473616992651062e-01 9.195747866925625402e-01 9.529852480754711364e-01 9.601177812413833612e-01 9.683223070824472645e-01 9.687395661835601635e-01 1.033897519715201385e+00 1.043821880353962950e+00 1.080107398540374630e+00 1.082836554861409395e+00 1.233757827498116910e+00 1.234912747721766735e+00 1.287438117280502281e+00 1.289516573920443943e+00 1.327142635905155243e+00 1.334921615498865011e+00 1.356916671006170194e+00 1.367399964412558289e+00 1.461545849292685162e+00 1.479607112027936378e+00 1.522429555485291131e+00 1.538180526915468027e+00 1.616909287327066069e+00 1.620795980297473626e+00 1.647799612143700410e+00 1.660764904590153357e+00 1.668158964677277201e+00 1.680796029855671891e+00 1.722765435101063280e+00 1.728321124723064317e+00 1.739490318353338782e+00 1.746643569236859594e+00 1.862275414912675453e+00 1.868289600325140132e+00 2.111942696937176844e+00 2.115526737290037484e+00 2.116025677606611755e+00 2.120038135771316057e+00 2.287043449493075808e+00 2.288960545382106471e+00 2.353076214026963875e+00 2.364996867499449262e+00 2.899119033718977168e+00 2.967060821723940034e+00 3.108855374612141897e+00 3.127476550450122961e+00
3.285805450872262279e-01 3.633272274829774662e-01 4.413968098600326573e-01 4.792563257912908492e-01 4.978926007878842763e-01 5.263186941407952402e-01 6.454787249988221953e-01 6.543774598952054600e-01 7.208555449609389543e-01 7.348793473941807042e-01 7.741116360044970612e-01 7.821243369742711948e-01 8.016900727293430062e-01 8.082626716578340531e-01 9.106852522697783670e-01 9.138462168037254640e-01 9.534633446212413821e-01 9.597664342193800158e-01 9.730227187181805792e-01 9.738889086699359376e-01 1.032004664097099234e+00 1.043735110762469498e+00 1.080009268998773697e+00 1.085922426461271462e+00 1.230407565387679369e+00 1.238134859384902642e+00 1.267588465152311050e+00 1.272101692656484762e+00 1.328554110934630161e+00 1.336193062626247485e+00 1.345241556441056252e+00 1.359394131044993737e+00 1.462575448530862410e+00 1.480346661174862799e+00 1.523815816777269960e+00 1.536332355260647153e+00 1.605358461328593389e+00 1.615217633406810682e+00 1.631487584625745724e+00 1.644040443933094231e+00 1.646449653233104771e+00 1.653058386921284484e+00 1.722053649493763050e+00 1.725601978013795668e+00 1.787930488922107708e+00 1.792653146608877313e+00 1.887496101915226987e+00 1.895499766119981500e+00 2.062353965559081903e+00 2.070843837649634978e+00 2.081565711500408256e+00 2.093819849171637326e+00 2.289322170230629450e+00 2.291144779582889868e+00 2.384282186832914707e+00 2.393608912726754134e+00 2.910397469284006000e+00 2.972846087824681849e+00 3.107934292498371054e+00 3.125124744267625765e+00
3.294216189893990343e-01 3.645114538845484753e-01 4.514172071881482062e-01 4.758687853692080694e-01 4.854852582732756550e-01 5.184586360377786418e-01 6.556059404858187722e-01 6.594603400718033193e-01 7.172207638284737730e-01 7.291254505889614990e-01 7.539499957549654630e-01 7.657864249326062911e-01 8.009868980125995908e-01 8.126960262654686629e-01 8.983996887880932869e-01 9.017344371280516802e-01 9.536213591839287629e-01 9.584483474945753034e-01 9.825747382076046588e-01 9.845619292199041528e-01 1.028376809647011836e+00 1.042475583236562642e+00 1.080487364955180052e+00 1.091852193651322356e+00 1.213981432697145868e+00 1.220253918155193018e+00 1.225575588504612679e+00 1.232531019538081640e+00 1.324935376957471656e+00 1.331107068784826319e+00 1.338863819480394124e+00 1.339328080981771807e+00 1.464918885273186921e+00 1.481950977709891815e+00 1.524796495131132801e+00 1.533549328561763403e+00 1.577018539364543948e+00 1.590139925971323365e+00 1.593887766989556143e+00 1.604869342791631848e+00 1.641114975106794382e+00 1.647467613213050575e+00 1.721263072179685549e+00 1.724932795082637860e+00 1.851622664500690796e+00 1.859394229341416738e+00 1.936814380607108310e+00 1.946562921396122192e+00 1.963059852482144318e+00 1.979763293118396827e+00 2.002263428736170692e+00 2.029730441830101650e+00 2.292270139030521126e+00 2.294629277929325362e+00 2.439515599969193538e+00 2.446090922541068746e+00 2.936957091161176425e+00 2.987317117611199002e+00 3.104841948361324988e+00 3.118790283793916540e+00
3.294955900578406816e-01 3.624189381451445868e-01 4.615696381635553958e-01 4.650267117435456510e-01 4.938967799383031099e-01 5.114651846034078408e-01 6.565622505796038233e-01 6.621420703055725943e-01 7.120301424772645937e-01 7.217256763736999980e-01 7.298938071352972790e-01 7.410135564108506490e-01 7.971600513712981950e-01 8.118853199324531644e-01 8.864578338684105940e-01 8.890327498515173676e-01 9.491159619540503467e-01 9.562660165501813969e-01 9.922600052813661531e-01 9.943768283690382903e-01 1.025639335644655592e+00 1.039940000830078759e+00 1.078044658286223534e+00 1.094784497165153025e+00 1.142936665600101209e+00 1.159235822187506981e+00 1.189676219389128375e+00 1.201023469777517505e+00 1.321809434449340737e+00 1.328387932595240573e+00 1.334837709515582338e+00 1.341016835382677908e+00 1.466617488205253839e+00 1.483175747242621245e+00 1.520773908122958762e+00 1.527309772860535153e+00 1.551259298629822370e+00 1.562276184853054195e+00 1.566192548535228157e+00 1.573614024469132566e+00 1.637327921121611629e+00 1.647099107466718726e+00 1.720142358840007768e+00 1.726564610502562935e+00 1.795805635990143534e+00 1.810547543354656952e+00 1.861462260012884729e+00 1.896478359007767622e+00 1.971097598073754620e+00 1.976796609022520412e+00 2.036751961313076009e+00 2.046028958857247115e+00 2.293427106941151816e+00 2.296697456707222695e+00 2.488369628838148273e+00 2.493210831003903838e+00 2.964964675906766267e+00 3.003446081999229023e+00 3.098945518582641334e+00 3.109944151778045285e+00
3.256370424898534233e-01 3.552218268941323975e-01 4.635669213983713566e-01 4.786529661498661326e-01 5.024169664117362766e-01 5.095060255020652518e-01 6.473280180220292168e-01 6.555601175955657611e-01 7.055618976816689925e-01 7.058103524478236412e-01 7.143975187703739405e-01 7.144764553901981063e-01 7.873010985507383763e-01 8.006009522842877368e-01 8.746031876013352635e-01 8.788591991445913187e-01 9.324281660821760465e-01 9.498072664632469797e-01 9.979832285183432017e-01 9.991232481928837839e-01 1.023288097393564744e+00 1.037561483594840128e+00 1.065959621255753387e+00 1.073256369585534165e+00 1.082637565216116204e+00 1.088728574629438395e+00 1.152641249156354686e+00 1.160975835182956661e+00 1.330340017386364648e+00 1.337934831103684941e+00 1.338012302168231082e+00 1.342065039226197243e+00 1.463962895110064943e+00 1.482110426392886593e+00 1.493986722230085329e+00 1.507153182878274711e+00 1.538908027623925312e+00 1.543562036866918952e+00 1.546572387153656747e+00 1.550375229638996988e+00 1.622526085400656459e+00 1.638289961988689036e+00 1.665251982602248715e+00 1.679098715679747000e+00 1.713074456511693100e+00 1.723469468145843564e+00 1.762092197124720538e+00 1.793932340710362672e+00 2.048039347550811407e+00 2.049361133404048907e+00 2.114080391924973767e+00 2.125356236035180313e+00 2.293942861775533526e+00 2.297559439266345649e+00 2.524564036826933311e+00 2.527818878807500447e+00 2.984070585100145223e+00 3.013699911707411694e+00 3.089932843859880318e+00 3.099730081795362135e+00
3.161401143374218958e-01 3.434582029198389730e-01 4.749390929678057871e-01 4.886364807952228717e-01 5.094367130755821371e-01 5.142517116229456953e-01 6.316943000127771546e-01 6.408485698440573586e-01 6.835871569393493496e-01 6.908523056002925378e-01 6.985663430442016208e-01 7.081942195691697250e-01 7.714752586647273258e-01 7.820620460658049833e-01 8.539795879815336166e-01 8.650764060978824999e-01 8.953422156149724032e-01 9.213842435527335173e-01 9.873686987711988161e-01 9.914693907192279054e-01 1.017764809776578572e+00 1.031786004730867568e+00 1.036476822299911671e+00 1.039655837807493599e+00 1.046480515293049196e+00 1.059037230966385801e+00 1.133065591392680149e+00 1.140714371967208818e+00 1.334843318656142586e+00 1.337423657827099932e+00 1.339494832048272688e+00 1.348990916082339231e+00 1.440964832215972935e+00 1.444172486341780415e+00 1.457717624460960648e+00 1.468629732452225056e+00 1.526319465051620305e+00 1.528329393841974193e+00 1.528974212501644336e+00 1.534131681342798981e+00 1.560693383651669430e+00 1.563354394404619541e+00 1.590296785877731711e+00 1.606654320186659213e+00 1.692236909184017035e+00 1.700023716963611875e+00 1.738702145560054868e+00 1.749525104358423455e+00 2.121908313119360567e+00 2.124535166683798604e+00 2.195435197679419748e+00 2.205409957333178017e+00 2.295670717573122577e+00 2.299578759794392635e+00 2.548107391630312080e+00 2.549937051561475432e+00 2.989794370051099826e+00 3.013520647289496868e+00 3.078072571241355249e+00 3.089156351326888483e+00
2.935259852955152127e-01 3.309496316162647833e-01 4.893272648583071871e-01 4.922199848331716421e-01 5.145833111245815550e-01 5.204267962654440804e-01 6.153323624153399507e-01 6.252792436130658604e-01 6.649268050940426722e-01 6.752294660106731294e-01 6.880091543692765654e-01 7.030353745565876000e-01 7.521886640903929777e-01 7.680798482642152702e-01 8.179059595156130680e-01 8.368638635968316253e-01 8.410652140090050244e-01 8.618337500010875285e-01 9.687106217155131427e-01 9.726134132911458119e-01 1.015081302400886010e+00 1.022690741820985627e+00 1.027638047030959845e+00 1.032241237354576180e+00 1.038293580240008840e+00 1.052006502415950617e+00 1.120255858121678827e+00 1.129259144343264909e+00 1.298868275506441128e+00 1.318970098176239558e+00 1.323505067896870502e+00 1.324040517623753299e+00 1.395898558227471442e+00 1.408903588153084252e+00 1.410915764641362369e+00 1.416576915577369311e+00 1.504829194919873103e+00 1.506012915583228029e+00 1.507772167300996280e+00 1.516096427814292324e+00 1.530472626509935541e+00 1.531152839571188418e+00 1.572950752259811402e+00 1.583649147903163357e+00 1.682785836208178010e+00 1.688756107172753262e+00 1.736449697740323872e+00 1.745966332642814089e+00 2.185470840724771602e+00 2.188677625604493304e+00 2.260614522563656692e+00 2.266907207654226486e+00 2.307044651369577259e+00 2.313596095127155028e+00 2.560672916489207918e+00 2.561880234403883794e+00 2.983478297989442307e+00 3.003534469135515916e+00 3.065182779212288544e+00 3.079438472277358674e+00
2.557643125926434835e-01 3.250345385977070900e-01 4.906901893301087170e-01 5.027912096858138113e-01 5.176885773028649940e-01 5.213831769049882547e-01 6.019528072200727165e-01 6.156194001600143739e-01 6.510451987596314050e-01 6.711977996886359099e-01 6.722526391366457910e-01 6.992249440805375915e-01 7.407218614222367270e-01 7.647558495877687657e-01 7.796640534762554475e-01 7.909028011991715568e-01 8.036149923192191791e-01 8.047987324254185504e-01 9.633008701136634988e-01 9.659718109528379060e-01 1.013642401233225687e+00 1.019277153710712369e+00 1.024778427538481029e+00 1.027325863538526285e+00 1.042434361362190476e+00 1.054011933805572232e+00 1.103863925932646151e+00 1.116404380273938957e+00 1.247666195899066244e+00 1.268282827076581354e+00 1.274076632083497307e+00 1.282549921903396450e+00 1.373003058151852196e+00 1.377549894545419207e+00 1.416658742798619031e+00 1.423606172485371690e+00 1.487790078328946386e+00 1.495003818993168032e+00 1.497876932096478431e+00 1.501479822140202369e+00 1.522739033763402583e+00 1.523987970352649990e+00 1.567617096251880060e+00 1.580177045891872245e+00 1.678201592700355071e+00 1.687527028585705358e+00 1.735196043010144074e+00 1.747453726601352786e+00 2.230188183636094390e+00 2.232618053377636080e+00 2.279630281809224002e+00 2.283160477521076093e+00 2.345693077869156706e+00 2.351773629010511346e+00 2.565369403046097396e+00 2.566667559825641209e+00 2.972337546635440031e+00 2.990333497311815414e+00 3.054918806239447893e+00 3.072226018374745848e+00
2.348459311665840044e-01 3.232469143464059558e-01 4.891921583207247681e-01 5.112284968917105710e-01 5.172036116778273573e-01 5.186422992297299306e-01 5.968871966186318767e-01 6.117633166296140290e-01 6.476363281289506668e-01 6.615887653699203952e-01 6.738429691829924684e-01 6.974469900606438122e-01 7.402939532192297500e-01 7.568584236694719802e-01 7.689712332392820704e-01 7.758801493123682613e-01 7.799249095487226224e-01 7.854858518257061828e-01 9.634276512233223011e-01 9.655088756658144478e-01 1.011206608403136364e+00 1.017550276148726951e+00 1.023524250243461386e+00 1.026319536839125579e+00 1.048006794655516938e+00 1.056202192404644524e+00 1.092473383326442837e+00 1.109034274843323953e+00 1.228902205693209737e+00 1.247499549236046112e+00 1.252028680523179505e+00 1.260646300619572058e+00 1.368245157574171866e+00 1.373872642945853206e+00 1.423659577527125020e+00 1.431092578869160414e+00 1.478359387787586909e+00 1.484560935233470769e+00 1.496360588838864913e+00 1.500977681159340715e+00 1.520397155887879714e+00 1.521933091396318938e+00 1.566225172399657195e+00 1.580526520342504959e+00 1.676706407321332248e+00 1.687640958126687574e+00 1.734735569859848336e+00 1.748264340394796612e+00 2.246827211834635740e+00 2.248195811418816970e+00 2.281905137288924745e+00 2.284929410001104610e+00 2.365675270513796224e+00 2.369900359209577090e+00 2.566285528532531668e+00 2.567623390435167519e+00 2.966813343231542888e+00 2.984106367260848991e+00 3.050974067647507226e+00 3.069506054742280554e+00
2.576757700844509169e-01 3.331789794688405082e-01 4.929863019669087909e-01 5.064869495640499375e-01 5.193920207412304757e-01 5.201881545201050283e-01 6.074979784036351749e-01 6.188797837626734966e-01 6.492638035530654550e-01 6.679923104574136961e-01 6.734958144904067412e-01 6.972270762822212475e-01 7.366905269572271431e-01 7.507272436523911852e-01 7.780292680385941795e-01 7.919838081629846371e-01 7.941438456338111296e-01 8.003760447360774855e-01 9.619988713588074614e-01 9.649075425605250222e-01 1.014674212279797594e+00 1.022062731864590068e+00 1.027574150567255540e+00 1.030153913557685819e+00 1.048101443134380473e+00 1.053942309686392020e+00 1.098294003417900289e+00 1.111621549539294040e+00 1.243310946750355583e+00 1.259001510380074018e+00 1.270570784109744666e+00 1.279802942571330204e+00 1.372636831086079923e+00 1.376598497597317339e+00 1.421477817838352253e+00 1.427833916958825444e+00 1.483969936813759327e+00 1.487989855224588709e+00 1.493858535935740361e+00 1.497941244795735427e+00 1.524306613595690640e+00 1.526152487033138661e+00 1.567703495602211783e+00 1.580340016229535349e+00 1.677052651627703339e+00 1.686371543723071298e+00 1.737774843412624337e+00 1.749479120250014175e+00 2.234642649782567769e+00 2.235746221767636044e+00 2.281336544169959346e+00 2.284336940126615811e+00 2.349903278344636082e+00 2.353205320751543983e+00 2.565361987889689388e+00 2.566539829448602372e+00 2.972777785502888293e+00 2.990569604913037693e+00 3.054167904238617393e+00 3.071772208349884625e+00
3.073085989281827413e-01 3.595619822961434453e-01 4.966836876221476516e-01 5.002999253130827606e-01 5.206193609023538338e-01 5.209500911253299726e-01 6.220182230525778122e-01 6.299369123943007187e-01 6.673671290510461152e-01 6.791548140859801075e-01 6.810844385430792070e-01 6.938944200306830234e-01 7.302424905649786968e-01 7.431858817609281465e-01 8.012774613923461242e-01 8.278941424451604636e-01 8.337691730602797557e-01 8.352065862399399299e-01 9.617547181538440570e-01 9.649696934598859244e-01 1.022372904387143455e+00 1.033223556272956589e+00 1.038024874968648703e+00 1.038054558055333088e+00 1.050524424264636991e+00 1.053845516979329044e+00 1.109998785409869404e+00 1.117358107136023238e+00 1.280547769583292306e+00 1.295142635454954672e+00 1.314847422990365722e+00 1.328037550445686499e+00 1.390984525147195727e+00 1.393271184035768329e+00 1.414845611120215674e+00 1.420928077279582036e+00 1.488646212253327494e+00 1.492025921875398842e+00 1.499641984572836151e+00 1.501177276216334011e+00 1.534471059312374264e+00 1.537104691007820989e+00 1.572204479560783685e+00 1.583627429396172737e+00 1.678133816387045174e+00 1.684629990663293109e+00 1.745721469643952251e+00 1.753878836756134207e+00 2.200186667241963434e+00 2.200941784978893256e+00 2.272897161699772184e+00 2.277238765397427311e+00 2.312553032680927156e+00 2.315352051208134476e+00 2.561356148326132676e+00 2.562324941045032833e+00 2.986636619286823446e+00 3.005729920605564764e+00 3.062763777863560577e+00 3.077990419666852162e+00
3.570265940795161463e-01 3.950662595984294478e-01 4.907060184920224444e-01 5.052349282200017111e-01 5.158572692223474254e-01 5.218987449430975145e-01 6.269154475235354518e-01 6.330215674239679791e-01 6.827802022728557407e-01 6.867947747899241229e-01 6.949568033450654880e-01 7.019055213682419136e-01 7.255378141120665259e-01 7.378998143271436883e-01 8.341208561967841106e-01 8.621389306589725132e-01 8.761472197261872541e-01 8.839214500762130333e-01 9.704459407161243334e-01 9.728943325310797086e-01 1.033461259228544815e+00 1.043475942515205812e+00 1.049290695982375343e+00 1.054949353590698191e+00 1.058910432363812992e+00 1.062689556634103472e+00 1.120223036890124702e+00 1.125030063105436628e+00 1.325169593993472006e+00 1.339512003875870549e+00 1.349105248418808856e+00 1.359329970582014102e+00 1.407935180158295108e+00 1.415035802729663006e+00 1.444278516979218940e+00 1.454627505477994465e+00 1.483301922812977569e+00 1.486488292933856536e+00 1.522990961846095503e+00 1.523722855367490858e+00 1.555460283691763923e+00 1.559396659540885244e+00 1.584892903902456185e+00 1.604207290598587132e+00 1.680803149470923241e+00 1.686310791012745947e+00 1.758374730916028250e+00 1.765528307632240557e+00 2.147805916115611335e+00 2.150143175135469154e+00 2.222312258335931823e+00 2.232269663149915484e+00 2.297381593043291481e+00 2.299992667909076083e+00 2.551594202356389118e+00 2.553028070641274017e+00 3.000119907372258865e+00 3.021152939091674483e+00 3.074315487218303389e+00 3.086835478571093638e+00
3.933094079135294185e-01 4.311574628686175581e-01 4.951962663736728110e-01 5.059293501048087727e-01 5.116778848320930884e-01 5.210467556648518128e-01 6.293278050662536316e-01 6.389791165760556613e-01 6.735383131206491569e-01 6.821659259640183715e-01 7.140399519643501058e-01 7.227525783231464329e-01 7.250781387765582453e-01 7.338909250877592161e-01 8.581605291591136719e-01 8.858795443083889998e-01 9.048517632492651952e-01 9.124180881938936949e-01 9.917574546945207015e-01 9.981760988261628720e-01 1.039526031747748824e+00 1.049252526140677322e+00 1.074168869047434249e+00 1.075844248900720723e+00 1.080478644809973243e+00 1.086798210636013895e+00 1.132344676580245402e+00 1.135470776080836686e+00 1.354372158613804888e+00 1.358406714301147344e+00 1.365023881308782494e+00 1.371471416773289764e+00 1.411058599245230250e+00 1.414684760143950948e+00 1.475376909044313400e+00 1.480135717795335371e+00 1.505259697598787971e+00 1.517144096284370747e+00 1.540431728801680666e+00 1.545244176605521380e+00 1.615941423731760640e+00 1.617307062835016129e+00 1.625754092355617075e+00 1.645996309898210441e+00 1.690702472100029219e+00 1.695319679913403599e+00 1.784046246665800028e+00 1.799673193777486802e+00 2.083730824874130860e+00 2.088477621773322301e+00 2.147793853928639862e+00 2.164313659788639654e+00 2.298236170840898929e+00 2.300347703007970424e+00 2.533919262350703416e+00 2.536464075286815500e+00 3.006421036418159609e+00 3.030406465333778332e+00 3.086071576217113588e+00 3.097002839523424367e+00
4.151884616713705789e-01 4.544330184289997465e-01 5.032138199749063290e-01 5.121938614716020632e-01 5.162583475056929938e-01 5.180350094551179341e-01 6.335729693167651000e-01 6.462328382846943553e-01 6.629298936883569748e-01 6.746921504943705905e-01 7.202230806203834268e-01 7.304169190724721927e-01 7.304223967108610660e-01 7.504879565283504306e-01 8.660749288796711909e-01 8.938865594883366184e-01 9.159294032805677110e-01 9.215913339033502405e-01 1.015214293228616116e+00 1.019996700779762344e+00 1.037957629368681411e+00 1.051497983551239468e+00 1.089837582080970257e+00 1.095872889484630575e+00 1.115516001914183208e+00 1.138344393264801635e+00 1.149482747779395853e+00 1.167721255338409314e+00 1.353297118339851668e+00 1.360125221130473738e+00 1.376070962871979386e+00 1.382412201940619534e+00 1.411586174543983274e+00 1.423243740802266899e+00 1.470404929843730724e+00 1.476428814280968949e+00 1.535631174676488131e+00 1.543548225702512822e+00 1.556605365044024580e+00 1.564664720956815414e+00 1.645171081169237715e+00 1.666090274442010299e+00 1.707905658356462020e+00 1.712611211994729210e+00 1.727092119439271656e+00 1.743126222904323619e+00 1.843760087352324994e+00 1.878176271027138799e+00 2.013082676597393483e+00 2.020073239136460419e+00 2.070361936690747751e+00 2.092875542206459549e+00 2.301248102437737586e+00 2.303103638578310353e+00 2.506860877759493622e+00 2.510775781973592302e+00 3.002343645971820241e+00 3.031266113408134455e+00 3.096139754643171482e+00 3.107431498099203271e+00
4.302805670913826819e-01 4.600948088718002094e-01 4.987456956274812780e-01 5.134322107158010295e-01 5.289150391805130802e-01 5.342038999489494566e-01 6.382682238312682443e-01 6.511836097435702575e-01 6.540151148405426440e-01 6.656950638699087319e-01 7.173612766471970659e-01 7.274886208168338531e-01 7.554609539430039433e-01 7.790203465725543674e-01 8.646870301773686984e-01 8.885456114585633669e-01 9.200581949563652051e-01 9.247523323058698397e-01 1.029169820619665998e+00 1.031739285262070149e+00 1.033205176076348319e+00 1.049394815349156795e+00 1.091826251085535437e+00 1.099861654480692730e+00 1.166647976399214803e+00 1.183069708127338471e+00 1.190999979654038921e+00 1.209874200776508646e+00 1.345211256674454514e+00 1.353956648282066855e+00 1.386638182249166018e+00 1.394235524619628075e+00 1.405677593880177989e+00 1.421023268511683924e+00 1.466459660127091169e+00 1.474641868081634666e+00 1.560833770915569740e+00 1.568570111764074904e+00 1.580784441035622434e+00 1.588728495313645350e+00 1.659857609157639580e+00 1.675311883910455713e+00 1.717429955524152341e+00 1.725845030038956729e+00 1.850224021094571958e+00 1.864996337880148847e+00 1.936316784827886162e+00 1.940774770531013438e+00 1.949320266482825748e+00 1.968533706134526273e+00 1.998853586708612129e+00 2.026397873576432751e+00 2.304582702708695585e+00 2.306274876275677066e+00 2.469504924687813130e+00 2.474903349702553879e+00 2.988326926763028357e+00 3.025275148952733417e+00 3.103811246815716629e+00 3.117164632786984413e+00
4.420673098202874685e-01 4.616502054921517995e-01 4.942580418361413597e-01 5.084551602251394797e-01 5.421935043818899569e-01 5.476487744107009226e-01 6.413933263637499049e-01 6.473945347711131948e-01 6.505842969587130042e-01 6.572938476420229215e-01 7.144903684426507917e-01 7.253960710499969267e-01 7.931805153848340284e-01 8.090133031447789280e-01 8.584890039224404301e-01 8.781446642108282630e-01 9.219877324468453983e-01 9.262810644992807152e-01 1.027563379209230909e+00 1.036412938788626947e+00 1.038333116424114522e+00 1.045062959871322583e+00 1.089160875864403355e+00 1.096316161010182366e+00 1.211042478176775905e+00 1.223022243853202573e+00 1.228927130018452551e+00 1.244005066373367718e+00 1.335303662475641806e+00 1.343998844831956863e+00 1.396782401111608118e+00 1.398891846072470191e+00 1.404569338363311992e+00 1.411239495324193571e+00 1.464257068635135939e+00 1.475656169129761608e+00 1.595613119238907363e+00 1.603949860867005972e+00 1.607839292408411280e+00 1.612730839544375350e+00 1.678022334714683206e+00 1.686817372755234246e+00 1.722777900895885450e+00 1.733040848099472120e+00 1.860340069177679911e+00 1.869014578727959064e+00 1.925203437124176187e+00 1.944505611705998227e+00 1.972428926341588173e+00 1.986249688388138646e+00 2.036131156052337854e+00 2.063540292016297073e+00 2.307658388347083367e+00 2.309067686690711607e+00 2.422521403700215181e+00 2.429800316463884613e+00 2.968404962314280304e+00 3.016325896725554401e+00 3.108956603998688450e+00 3.125363796051339627e+00
4.484089110318441596e-01 4.655532129545935094e-01 4.910937913251836040e-01 5.045943113939854729e-01 5.509507499993258062e-01 5.534546478010100579e-01 6.423168890560968514e-01 6.431968828126189974e-01 6.467079668019226624e-01 6.514466893046463314e-01 7.123164995030806246e-01 7.242307815003157234e-01 8.270280237145877233e-01 8.376746662905480978e-01 8.530642176512051034e-01 8.677008663406114986e-01 9.229150095789845354e-01 9.271590195964599657e-01 1.023452746413948233e+00 1.039868973992058798e+00 1.041085848764390143e+00 1.041933553488077369e+00 1.080987945820674589e+00 1.095207915251282138e+00 1.239138940766562724e+00 1.248976809861753745e+00 1.254463015372276447e+00 1.264879463330168763e+00 1.324285702124460729e+00 1.332376207390740364e+00 1.395363574290438446e+00 1.404051633479543648e+00 1.404147777978220102e+00 1.410558579775526900e+00 1.463785248518241655e+00 1.477928550680355002e+00 1.624777655924955821e+00 1.626838929557322899e+00 1.645256608169636925e+00 1.653363211161842372e+00 1.703837593556416508e+00 1.709862843789782261e+00 1.729374132962255395e+00 1.739830543719712574e+00 1.787131480613466161e+00 1.796813340993311581e+00 1.868322163817244697e+00 1.881593743495489468e+00 2.068038731329335356e+00 2.075196043425760362e+00 2.104600046954742343e+00 2.115157258408786767e+00 2.310046998091416448e+00 2.310982965701314562e+00 2.372407911213854526e+00 2.382668838144168522e+00 2.950178427795389080e+00 3.008804021690548947e+00 3.111781927719852181e+00 3.131013952578848514e+00
4.499737476226924882e-01 4.680867368860109901e-01 4.899738031260631455e-01 5.031330179838252592e-01 5.532576566984639399e-01 5.557217442831506871e-01 6.417021752189391304e-01 6.423118701679467746e-01 6.445993712938037357e-01 6.493998777653008370e-01 7.115041576035091575e-01 7.238680404360881004e-01 8.405871776396345307e-01 8.463245236558076812e-01 8.577191396181887972e-01 8.606157973816778162e-01 9.231940758879489950e-01 9.274646922179622388e-01 1.022110288970905501e+00 1.039639179998997021e+00 1.040898853986302219e+00 1.043090965685281368e+00 1.076227350718119702e+00 1.095011947661438390e+00 1.248817358058779803e+00 1.254551118793691744e+00 1.267458846022724961e+00 1.271356437561198982e+00 1.317702111539823084e+00 1.327618540363655342e+00 1.394536418242048548e+00 1.402054758176945137e+00 1.406521249879008950e+00 1.412358403713713129e+00 1.463916346191439066e+00 1.478985960598280247e+00 1.628846795414391702e+00 1.631327951065643100e+00 1.695160009826866876e+00 1.696830739768325769e+00 1.713886832989298670e+00 1.721032934987408503e+00 1.730793826288019810e+00 1.737010899040835943e+00 1.744423005148795669e+00 1.757497451003522393e+00 1.834677930478440633e+00 1.850755266867042170e+00 2.110596510146959925e+00 2.114219484760633261e+00 2.129530097116773213e+00 2.133341283782255182e+00 2.311011849000601082e+00 2.311692498816018126e+00 2.345546437238474891e+00 2.358334313165650453e+00 2.942645654983171877e+00 3.005917547881426621e+00 3.112662581035533726e+00 3.133052838186102473e+00
4.218461489995657399e-01 4.493055730875344933e-01 4.978653295343057339e-01 5.322442335858644791e-01 5.497212088486469472e-01 5.526751766934655530e-01 6.332347470649887233e-01 6.435713275268150069e-01 6.545556126904062966e-01 6.623786256826342811e-01 7.208920490058268182e-01 7.298079820203248191e-01 8.309303922039315005e-01 8.464905562150908391e-01 8.558920717178130078e-01 8.703275681267771402e-01 9.224173217695904592e-01 9.273409482001737647e-01 9.814886928276996825e-01 1.029234730540010911e+00 1.034363180112067182e+00 1.045693416702728973e+00 1.062680785855778076e+00 1.129215645268671686e+00 1.217443060500814633e+00 1.257268828399937810e+00 1.261818529431828262e+00 1.275926754185970236e+00 1.314983835392208977e+00 1.336333950619537525e+00 1.374221076695417709e+00 1.404547833832107129e+00 1.413202889038778887e+00 1.423812506883886719e+00 1.465570289208986798e+00 1.477210753298840995e+00 1.610228659024072195e+00 1.632075953104347610e+00 1.637806009449119138e+00 1.649275075089188469e+00 1.694856545713279816e+00 1.722721975375603565e+00 1.737011047387357676e+00 1.748290340116731567e+00 1.764527624244160320e+00 1.821718902782314187e+00 1.848910004732399415e+00 1.882766161372801061e+00 1.992526771445026101e+00 2.014730314347128015e+00 2.217663878560808932e+00 2.236024989831815635e+00 2.260107920654453206e+00 2.302999749368225935e+00 2.321376457009174388e+00 2.426475954967276305e+00 2.843713939234527199e+00 3.061790368430714615e+00 3.108341831874179118e+00 3.130812129001075306e+00
3.863038621165736375e-01 3.982517818060904435e-01 5.310231398550555593e-01 5.430348920862752005e-01 5.443927913462267565e-01 5.537532497559360944e-01 6.187195338371226372e-01 6.513102341997432099e-01 6.737957734524238074e-01 6.986419885841885780e-01 7.412918552925038540e-01 7.451932095843478709e-01 8.150078727768137465e-01 8.345560772296767293e-01 8.661868477269683009e-01 8.808314245678589005e-01 8.960716851371807179e-01 9.200867714081586435e-01 9.260828254781098279e-01 1.012968193897397562e+00 1.022807598811334318e+00 1.045670116065078536e+00 1.062214436532563866e+00 1.136627204851434092e+00 1.174811094823784874e+00 1.231093541626072652e+00 1.258114174671337571e+00 1.289769114817596041e+00 1.305720917720305074e+00 1.341575699035546521e+00 1.360738022088655574e+00 1.401199970699847697e+00 1.411641397671604015e+00 1.446340745557885166e+00 1.466318536070262635e+00 1.475205428677466069e+00 1.543011259147585079e+00 1.580828705565141323e+00 1.614111303034911682e+00 1.614429751106825517e+00 1.667954744576318094e+00 1.716087401040911509e+00 1.732389396868276643e+00 1.736357349471838063e+00 1.834565555557179373e+00 1.852139877868242523e+00 1.881392550613998127e+00 1.897323821222877127e+00 1.914279809330309945e+00 1.951643513286329901e+00 2.142901391520974475e+00 2.295512301649200282e+00 2.309788595385309229e+00 2.312773234339029482e+00 2.345920254038163844e+00 2.482402401140505699e+00 2.672531790247083983e+00 3.095560183392642273e+00 3.105816264731571685e+00 3.125755914230556876e+00
3.434834486705179435e-01 3.463578417898716122e-01 5.292353862178875712e-01 5.382413160488452863e-01 5.484053925333676194e-01 5.751732165567605692e-01 6.068561829130619811e-01 6.483398570392772120e-01 7.078450502562018132e-01 7.432057296645379063e-01 7.634229035830086829e-01 7.662847885377378487e-01 7.790059997852529783e-01 8.217223023469084620e-01 8.339937594081212602e-01 8.771661364147848028e-01 8.907216555356526344e-01 9.155934021154127356e-01 9.219194018545794345e-01 9.940282534933803094e-01 1.007543373332915548e+00 1.042989146947093992e+00 1.060054228236761764e+00 1.102802687633776868e+00 1.125492295303771151e+00 1.195335401391427022e+00 1.273492195009257033e+00 1.284297703659452283e+00 1.294435405957910179e+00 1.323794082505314051e+00 1.369590465131958146e+00 1.395575277586161844e+00 1.406822646613523187e+00 1.446172753633887309e+00 1.454592502010642274e+00 1.462479332352953687e+00 1.485052084944223028e+00 1.548444829533470957e+00 1.587414706428854627e+00 1.594983570677421136e+00 1.651229525611960236e+00 1.682783753378936931e+00 1.718666745834911858e+00 1.728996164449709383e+00 1.730656255203942617e+00 1.789095699201527889e+00 1.904658845530044609e+00 1.961034750287790507e+00 1.983784249919626985e+00 2.007206030024005106e+00 2.015144356760319333e+00 2.288930423344347265e+00 2.325733494415529901e+00 2.386147073845801270e+00 2.407018077184735372e+00 2.456448535267654609e+00 2.522053932258859543e+00 3.078585065989748681e+00 3.118170781841588468e+00 3.120895998924042569e+00
2.837041415787136533e-01 2.981648680162547471e-01 5.023717925614250568e-01 5.221033310168210484e-01 5.454623598760584002e-01 5.698860578680389199e-01 6.002125519243544094e-01 6.459076313152823934e-01 7.466049691367161456e-01 7.611792481828858481e-01 7.852443028890100374e-01 7.877271925362641092e-01 7.879138834830071714e-01 8.088855217363398742e-01 8.182286263286415728e-01 8.888341556545181765e-01 8.994414426063380708e-01 9.070734314924787656e-01 9.132621788200531165e-01 9.756095782291406282e-01 9.909039277796248824e-01 1.039080240682431322e+00 1.050640904417113886e+00 1.055169308768734382e+00 1.073557994158751638e+00 1.155826215930805256e+00 1.247378689268189955e+00 1.273074737078991214e+00 1.285909992930454493e+00 1.317950736469155393e+00 1.360473429275477431e+00 1.378962147172915431e+00 1.380343396033837600e+00 1.404187196758550193e+00 1.440141946676573914e+00 1.469707447452853089e+00 1.491227104857482333e+00 1.513897188714478759e+00 1.569033986423986837e+00 1.575492315434612323e+00 1.607756191949659907e+00 1.623095028771387671e+00 1.639413764632207338e+00 1.701245214870039879e+00 1.712474903209250998e+00 1.763335683154732880e+00 1.856900452496918152e+00 1.991570981241229665e+00 2.018527054092968065e+00 2.052987509305659763e+00 2.063183158668333128e+00 2.199084687493562562e+00 2.283399172272512434e+00 2.346436593818689520e+00 2.441982538331160857e+00 2.459839875817821486e+00 2.548217189615109568e+00 3.063650774622158846e+00 3.106809529634583011e+00 3.111294874652028142e+00
2.179911983543874887e-01 2.390547052295717845e-01 3.978382254264124507e-01 4.707376403313959234e-01 5.551351381928975037e-01 5.978028777588650922e-01 5.987746411991721196e-01 6.631411712193954200e-01 7.808726951678771622e-01 7.821932621364816596e-01 7.923044328604859077e-01 8.056925784361801401e-01 8.069975993130762415e-01 8.175303891484071439e-01 8.272292924000559378e-01 8.918482942334829966e-01 8.978641865697389868e-01 8.993296751760685437e-01 9.049313679368382601e-01 9.636024513595431440e-01 9.777452335008037787e-01 1.004450268171835026e+00 1.026158642988249214e+00 1.036139586338745255e+00 1.037993314197661165e+00 1.118694964292155758e+00 1.201050895082309777e+00 1.233125352612617576e+00 1.233666739988388050e+00 1.319425987520885579e+00 1.334798304328521867e+00 1.343348545382440085e+00 1.385152737949022717e+00 1.397312090995084688e+00 1.429169252376050636e+00 1.467078895103387293e+00 1.470867742116910293e+00 1.493477257988015783e+00 1.513457299877261075e+00 1.544254498788431462e+00 1.566378428004629786e+00 1.597150621163746953e+00 1.627533065534413570e+00 1.683252434199101533e+00 1.694050527275031026e+00 1.722051572859171431e+00 1.763417021095833759e+00 1.887103681440752023e+00 2.054338446038724619e+00 2.109709379166726517e+00 2.114385600860997805e+00 2.131062253642758808e+00 2.279011525428721985e+00 2.352523718018883603e+00 2.481207066104963666e+00 2.495903504638342429e+00 2.564140311040670195e+00 3.054129823285165912e+00 3.083568504098049168e+00 3.091969110538959953e+00
1.473318286417959200e-01 1.681792635148090242e-01 2.558722438215895734e-01 4.397679735749411845e-01 5.742310761261896213e-01 6.020594551306526210e-01 6.288818896489899446e-01 6.672263989375348814e-01 7.774454747673118504e-01 7.999015482798367271e-01 8.041714694097101823e-01 8.220272580722585154e-01 8.260468248637410360e-01 8.313050833512739546e-01 8.518313776869442799e-01 8.693836148707401179e-01 8.831141001969244897e-01 8.897163865875550304e-01 9.032813100976114784e-01 9.504242042787096612e-01 9.708123961279773173e-01 9.918441743139165823e-01 9.945465211001567329e-01 1.012153756367169199e+00 1.033993599062423385e+00 1.087347357866083275e+00 1.153837729433177861e+00 1.156034278227509704e+00 1.179733881956834596e+00 1.285314439759712046e+00 1.309738787328443399e+00 1.350397555060486310e+00 1.381184790693950282e+00 1.389190320753151964e+00 1.419797982330761599e+00 1.421337493476176217e+00 1.461850327438502850e+00 1.473461864897323670e+00 1.495526270492679055e+00 1.519961618265285752e+00 1.567942358932455926e+00 1.591755360479207626e+00 1.594856718471962864e+00 1.616882583284278585e+00 1.652589825440513138e+00 1.676949908705834158e+00 1.686981465737896313e+00 1.768682797400824569e+00 2.107070039105847226e+00 2.158869789950474072e+00 2.164450844075820335e+00 2.172166467868370532e+00 2.275896057488093316e+00 2.360448553994943133e+00 2.505945950924480581e+00 2.517280564799950771e+00 2.572794167845114277e+00 3.047671417202740596e+00 3.049852282323943342e+00 3.076251403800042805e+00
7.402524412032483736e-02 8.679921188066443138e-02 1.201445460015846539e-01 4.159485894056238475e-01 5.937414079858360783e-01 6.083240582255514672e-01 6.494521775121764318e-01 6.575507708602474910e-01 7.657965105682497109e-01 8.034494348091012483e-01 8.166136985762295630e-01 8.223739034146373417e-01 8.292930656359730479e-01 8.376956145049054836e-01 8.471217764339170619e-01 8.599209546207324806e-01 8.740078313312245051e-01 8.763560015036234718e-01 9.129359168285233750e-01 9.301470949727709270e-01 9.677803688475190569e-01 9.821690183689175679e-01 9.839505997381849944e-01 1.018929422544563312e+00 1.033640439591084981e+00 1.055010460379275150e+00 1.089218889637129095e+00 1.130294198303391173e+00 1.139916602252269318e+00 1.234366883468188458e+00 1.303526423084256924e+00 1.358626359174610165e+00 1.360401133735048562e+00 1.387623534704404582e+00 1.392913213030621433e+00 1.411333932179020589e+00 1.413898189542657446e+00 1.459565276520737420e+00 1.476789297882458163e+00 1.503303336573573512e+00 1.523938843993001280e+00 1.556288037739407715e+00 1.575500957294663662e+00 1.594927893290945642e+00 1.622333245283124947e+00 1.663838372020491674e+00 1.669029513891367555e+00 1.770381831853127697e+00 2.141831557740385694e+00 2.194318190192922735e+00 2.198017867338321718e+00 2.201483391666424705e+00 2.274089552050010177e+00 2.367127707559173455e+00 2.519005436112093488e+00 2.527396358170894253e+00 2.576644213575502551e+00 3.016986860732288722e+00 3.048707809877000852e+00 3.063965502752461934e+00
-9.619693805270604012e-05 -4.608262838159404986e-05 7.370969808631830461e-09 4.067940988834940486e-01 6.064128189037299999e-01 6.120287742088030836e-01 6.305003696430233617e-01 6.688905484045090111e-01 7.610798927730959562e-01 8.014362029938459919e-01 8.024104257551673003e-01 8.230448778133283572e-01 8.237460894262648159e-01 8.401212428373507901e-01 8.427552474033301877e-01 8.517329945296681082e-01 8.730125353014912548e-01 8.813240896188969664e-01 9.210400096703555972e-01 9.332408694903946422e-01 9.645098851509159577e-01 9.699129941881028394e-01 9.773698045599347184e-01 1.033795071815163613e+00 1.036584899194990417e+00 1.041027196799061416e+00 1.065076138036139985e+00 1.106246160357491126e+00 1.142752284866050516e+00 1.214580625409761527e+00 1.299939032965214736e+00 1.348316392798969643e+00 1.354153238262313819e+00 1.367371124432296359e+00 1.375076776730530081e+00 1.394260852435559972e+00 1.408177802452875937e+00 1.456081008755918393e+00 1.469207240737125941e+00 1.516313397145583775e+00 1.521659692716653689e+00 1.529481332103283409e+00 1.579114085286681179e+00 1.595091204475409530e+00 1.615976930306427084e+00 1.660381536194587060e+00 1.664841385672976903e+00 1.771148342896436523e+00 2.153995921988073992e+00 2.207643716673371337e+00 2.209962429479890300e+00 2.211386408638436052e+00 2.273523000045947207e+00 2.369879677105571680e+00 2.522990791628239471e+00 2.530148799007092109e+00 2.577648205862627773e+00 3.004794325848794134e+00 3.048593856731379059e+00 3.059294748310033452e+00
6.051573883951475580e-02 6.856636469155337477e-02 1.342765895240189966e-01 4.069371850900879162e-01 6.014863543392123812e-01 6.083090443561476324e-01 6.305333767921572630e-01 6.746194316309689354e-01 7.542877178353279977e-01 7.815869433671677191e-01 8.008778859879649437e-01 8.120497600421139328e-01 8.265558316060500621e-01 8.412765195783662442e-01 8.520084744554042855e-01 8.552124179517108793e-01 8.777606018017268807e-01 9.143314490573054565e-01 9.183260413055220894e-01 9.364680708701379475e-01 9.551259189079756018e-01 9.751950569249395739e-01 1.013501934437357699e+00 1.030310959946358906e+00 1.037490195432924533e+00 1.040475907674758504e+00 1.067184749792078113e+00 1.112221045996708124e+00 1.132715439557925530e+00 1.215859731358388540e+00 1.331029664654638678e+00 1.354648666137057145e+00 1.368016021211222233e+00 1.369461609285747450e+00 1.388854878275633364e+00 1.393567356061266693e+00 1.438029015445939418e+00 1.471134221643443096e+00 1.476986919333842740e+00 1.524218542571377233e+00 1.527382685801950801e+00 1.537884556488503529e+00 1.578854960063711177e+00 1.593117902641129291e+00 1.614756342612848394e+00 1.662470580985466739e+00 1.665797153074162651e+00 1.770973707753315196e+00 2.157203871050427768e+00 2.201996440900245933e+00 2.210024178664520278e+00 2.211377769341615895e+00 2.248075435552328916e+00 2.342906600294273556e+00 2.523147322668350512e+00 2.530023137486076212e+00 2.574978541227246343e+00 3.006111649450423418e+00 3.062362071784423989e+00 3.064060256521337955e+00
1.189873648729024291e-01 1.373726408379432329e-01 2.748454392960958392e-01 4.044796795222811436e-01 5.741470839708923135e-01 6.138761073160565740e-01 6.292789660087005910e-01 6.791996525739227852e-01 7.430955127741616373e-01 7.548510170587691137e-01 7.990366993264075290e-01 8.005670648310215798e-01 8.380527119882438258e-01 8.399929821071706604e-01 8.525944941631392604e-01 8.631230961159150894e-01 8.894816542061301234e-01 9.096549123051216323e-01 9.337737413168948342e-01 9.479167518453038843e-01 9.696378598539239224e-01 9.780682273018773687e-01 1.024043243797317038e+00 1.038804562324274761e+00 1.046427702174184349e+00 1.068600189095440856e+00 1.101421018827177356e+00 1.123608228095648531e+00 1.125608481765555613e+00 1.220871517501659786e+00 1.343944452087453501e+00 1.355992957756303019e+00 1.368395686992195159e+00 1.369997097944084530e+00 1.391589366461652544e+00 1.442910088882629838e+00 1.462517244610194611e+00 1.476504065027149037e+00 1.521692466773040486e+00 1.528066642194612745e+00 1.574822764715125167e+00 1.587430756795638942e+00 1.599711446223772038e+00 1.611061292326904315e+00 1.663992413391113701e+00 1.668107553985959557e+00 1.697739721945328739e+00 1.770965432644193038e+00 2.167767765981024386e+00 2.175945819598930964e+00 2.179300081758650087e+00 2.210219569157680475e+00 2.211560261441535946e+00 2.284603086064092903e+00 2.523538042687725191e+00 2.529658741777097930e+00 2.563314821876868876e+00 3.010287395076364447e+00 3.074366541865438673e+00 3.087518422465357126e+00
1.739731915863320100e-01 2.043200688513278629e-01 3.950174587538148874e-01 4.164321691260654545e-01 5.368519759060565999e-01 6.228229121021160442e-01 6.247271682127855108e-01 6.693219256892199986e-01 7.280407379844179294e-01 7.516214918910961718e-01 7.912174573442065650e-01 7.957631743884173714e-01 8.400864598224407898e-01 8.517687866809213748e-01 8.525930156475036714e-01 8.619635213581302580e-01 8.952836078922483676e-01 9.023372931835274002e-01 9.041549943047215709e-01 9.630870842607057725e-01 9.636771620522822657e-01 1.012678904274124658e+00 1.019374561602312657e+00 1.035726940402074803e+00 1.075257435492414704e+00 1.097756856923734148e+00 1.109806482889748036e+00 1.140191068762209214e+00 1.198548719732294598e+00 1.237758220098006845e+00 1.355036628790130537e+00 1.357782919226239837e+00 1.371652488799180114e+00 1.372657708680317112e+00 1.388678879356800122e+00 1.440978142616507807e+00 1.481901382713142867e+00 1.484085104000062438e+00 1.514102525489833706e+00 1.538587706835356839e+00 1.574214759883532988e+00 1.578495132260114397e+00 1.604817185824001236e+00 1.670089525664870456e+00 1.680598440606949406e+00 1.753887314588937985e+00 1.789934225969869619e+00 1.960723434768555817e+00 2.083142705018408591e+00 2.104220382508394493e+00 2.197446442953943535e+00 2.210562660342429542e+00 2.211594296024891104e+00 2.243240431440261862e+00 2.524099778536473160e+00 2.529092700341186273e+00 2.535831548913829003e+00 3.017795408932557155e+00 3.082186621401516113e+00 3.093746066563186847e+00
2.248573039316899835e-01 2.689955152985588072e-01 3.764711791508438266e-01 4.928565605945138817e-01 5.454212922660633955e-01 6.183209554121533724e-01 6.348513231479222529e-01 6.520326616383262941e-01 7.083174524033885033e-01 7.594986909215621917e-01 7.907214399800371885e-01 7.932238515845265736e-01 8.404552406788475816e-01 8.492204637512746901e-01 8.599260789554441509e-01 8.600633672922752826e-01 8.650570471216225688e-01 8.794356640340474929e-01 9.188657239583715164e-01 9.567585425008363620e-01 9.808100558974950367e-01 1.016713424569905655e+00 1.016819731644840630e+00 1.030589856347030597e+00 1.081681355051868465e+00 1.103775971957088320e+00 1.149571042557048450e+00 1.152684894488581246e+00 1.284225428913509548e+00 1.287585019846004153e+00 1.359378009356208228e+00 1.368513158567756127e+00 1.374606629993726958e+00 1.378477838401322320e+00 1.385935689314201635e+00 1.444559106838970708e+00 1.487933757393251843e+00 1.491235949198554955e+00 1.507000035037091568e+00 1.553282289899922342e+00 1.566377554027190033e+00 1.575042082126914211e+00 1.596325397630131926e+00 1.668254063375848029e+00 1.704408656388613164e+00 1.768042890126089173e+00 1.965804729705023179e+00 1.974928297200022387e+00 2.002386056424115601e+00 2.130719221949862074e+00 2.211035207803683456e+00 2.211662223034410513e+00 2.221950533187706522e+00 2.342973513695906451e+00 2.485730336952591824e+00 2.524810633082731570e+00 2.528401323981346316e+00 3.028886745893067278e+00 3.057023600519306328e+00 3.081938250496557341e+00
2.714253269490002896e-01 3.308399644598857270e-01 3.488003794776769473e-01 4.434315190338627422e-01 6.134659830074045139e-01 6.298566100229284759e-01 6.497534065471863851e-01 6.578421072064887243e-01 6.872455153116846516e-01 7.695605712348625449e-01 7.821619178627988722e-01 8.037783576953352327e-01 8.081215335408831191e-01 8.372511994671046898e-01 8.526133222391824029e-01 8.601304682116649447e-01 8.643340802846302129e-01 8.701578453729081897e-01 9.317090158393853683e-01 9.500927820074924757e-01 9.973171901922313065e-01 1.015786828995205449e+00 1.016448750158967851e+00 1.022696068277849202e+00 1.087829330747583922e+00 1.098832503013853712e+00 1.161610085550763394e+00 1.165287935816633924e+00 1.341730512330232772e+00 1.342528400636156860e+00 1.359834757827114160e+00 1.372503768108737754e+00 1.385851902679885228e+00 1.387129830416963694e+00 1.398580043115976279e+00 1.474235521895629786e+00 1.479168940293705603e+00 1.496115771778159020e+00 1.504033283807792332e+00 1.549667184470317816e+00 1.576509019436628911e+00 1.576718754668162914e+00 1.588082842020006602e+00 1.654478040549821394e+00 1.744969086934706759e+00 1.776415321615796294e+00 1.873018652765695125e+00 1.898900484411188527e+00 2.142120385042086461e+00 2.168259892471124051e+00 2.205098325910743284e+00 2.211605384674605101e+00 2.211773728657620008e+00 2.406177989545222662e+00 2.525633459022593730e+00 2.527216041071622676e+00 2.592324678110268010e+00 2.963282551817918442e+00 3.043086355421150024e+00 3.073106242271436361e+00
3.116021988576724855e-01 3.147825274933684914e-01 3.891594697116169677e-01 3.892659429672220561e-01 6.120767441432430900e-01 6.256657846695883318e-01 6.669450436156374451e-01 6.677643860546974564e-01 7.290047852271177575e-01 7.464744415108829356e-01 7.795782344681018161e-01 7.807902546104251718e-01 8.196998872207386100e-01 8.197644451783863140e-01 8.529264942015947204e-01 8.609133937637822864e-01 8.668578901500996192e-01 8.669357090091555085e-01 9.419186775132049050e-01 9.421265861998482372e-01 1.011159320414551033e+00 1.011998539209127967e+00 1.015727685315400475e+00 1.015906994988582834e+00 1.091654384823423030e+00 1.095649549312984083e+00 1.165747234134168142e+00 1.167138685450139324e+00 1.355841632636580973e+00 1.357898104090105695e+00 1.363807846632195231e+00 1.364547137786271014e+00 1.387536333351585993e+00 1.389470577975429499e+00 1.442321960575835726e+00 1.453568091164291198e+00 1.497150545256759946e+00 1.504508958987806899e+00 1.520777210202740815e+00 1.522618497542112870e+00 1.576289756142155163e+00 1.585248183783627862e+00 1.616984241288877078e+00 1.617807676842065501e+00 1.804119358949135776e+00 1.804281755211765148e+00 1.805330006827569944e+00 1.814149347003770618e+00 2.187116355564396208e+00 2.189082731500490819e+00 2.211197372812058859e+00 2.211414474996491020e+00 2.291336592416073348e+00 2.292856652859129429e+00 2.526493770387962190e+00 2.526521117526720595e+00 2.804818537273694457e+00 2.809418036101168248e+00 3.058258418840219317e+00 3.059384696443554486e+00
3.047967721577460876e-01 3.173221492860436865e-01 4.001910425988516873e-01 4.008407878530601542e-01 6.086043526265004777e-01 6.220164271302497383e-01 6.585744574852081534e-01 6.600637142744553154e-01 7.243247150010533320e-01 7.383093631568566906e-01 7.893621837721247481e-01 7.908917151944231394e-01 8.028249053912613897e-01 8.155664435363283449e-01 8.595698786159227112e-01 8.634436179929209088e-01 8.787620368334773113e-01 8.833145209175983226e-01 9.337763904584650554e-01 9.341369825407868088e-01 1.009172005091533819e+00 1.010386667766523416e+00 1.024278065837183505e+00 1.026053443520199782e+00 1.104955922145247849e+00 1.108447477560093208e+00 1.188821577719391120e+00 1.196439109386001842e+00 1.364898767596969709e+00 1.367210642998670789e+00 1.368901140652775128e+00 1.369742794827707222e+00 1.392181291435575341e+00 1.394069358027976824e+00 1.444636676085297111e+00 1.453941791890355217e+00 1.493859905571436553e+00 1.502532950175426318e+00 1.527319654067653465e+00 1.529765738474167858e+00 1.578979006957753617e+00 1.587619295390361396e+00 1.617122352395417684e+00 1.618797079257376481e+00 1.799030099078327893e+00 1.802242021331367905e+00 1.811296703084015913e+00 1.817053310214314710e+00 2.177398601529307420e+00 2.180059081182291525e+00 2.200242570047210133e+00 2.201393117817913581e+00 2.290735709949466958e+00 2.294105474598540528e+00 2.524184642145641977e+00 2.524218685740206691e+00 2.808283463547780912e+00 2.812259605746611157e+00 3.063464452227581791e+00 3.065386677594581499e+00
2.974844271192563783e-01 3.276880338051328945e-01 4.281227655811663535e-01 4.291365016875748895e-01 5.954374158155059105e-01 6.073634826395676312e-01 6.405383042655116155e-01 6.435748424375796750e-01 7.130170006943206129e-01 7.231492840321304127e-01 7.706498738610799704e-01 7.969388627693361205e-01 8.224862542748060390e-01 8.292845221943643264e-01 8.633553725734373074e-01 8.724150924563116583e-01 9.119434376867838754e-01 9.157977602371969450e-01 9.260614698722342553e-01 9.277975843812090728e-01 1.004335027954888160e+00 1.006104442678802169e+00 1.037523376780628004e+00 1.040412062118245329e+00 1.132175799870492439e+00 1.138063509957900621e+00 1.243352305302909633e+00 1.258608955702762433e+00 1.378403864949580004e+00 1.379249228783166581e+00 1.391252734558075854e+00 1.393405267019937277e+00 1.413008102841600166e+00 1.414783372373747516e+00 1.451021192680462368e+00 1.455097209796324176e+00 1.493147079320227055e+00 1.503588416139899353e+00 1.539962765090878261e+00 1.545090330836127457e+00 1.592581291037619584e+00 1.599741778704391493e+00 1.618977843039876907e+00 1.624180749080993635e+00 1.794441383737601647e+00 1.799567804016355854e+00 1.818142804151268610e+00 1.822927974152103836e+00 2.149220303921904662e+00 2.156132067850595302e+00 2.168876797523394462e+00 2.173182360052028805e+00 2.289023599666216047e+00 2.295904496932080541e+00 2.516004488247153503e+00 2.516092986248656072e+00 2.819109012440178752e+00 2.822948940752663560e+00 3.077443426062985044e+00 3.081051080769306783e+00
3.074642106550977139e-01 3.409512146210909589e-01 4.616994301090505126e-01 4.662328377393187839e-01 5.710686888205075418e-01 5.805123610763831543e-01 6.228603055107834185e-01 6.250583566909571065e-01 7.084007222031126760e-01 7.146274213730006153e-01 7.504190825366566786e-01 7.790286314365681974e-01 8.478833438484115748e-01 8.577582266317920201e-01 8.863363238750461282e-01 8.884777633695937205e-01 9.270037263874291167e-01 9.299558490357553442e-01 9.489845270099852570e-01 9.533498735266788815e-01 1.000960304085201091e+00 1.002776821828284648e+00 1.053602470574149352e+00 1.055694806842203626e+00 1.161841367770671374e+00 1.173575589713852008e+00 1.291493292446719732e+00 1.299973504998313212e+00 1.390419218514281408e+00 1.392308431742881547e+00 1.416927770089390970e+00 1.418464704220159245e+00 1.453060252077340575e+00 1.456225031316886298e+00 1.461552619723223811e+00 1.466615185692867307e+00 1.509082418142226656e+00 1.516504998755228817e+00 1.549856109598152898e+00 1.554691369922335475e+00 1.610898999362642359e+00 1.614686873143604151e+00 1.651046267444788995e+00 1.663354713472890989e+00 1.792299735065206567e+00 1.799181478363504505e+00 1.824987895881194033e+00 1.829640079188803448e+00 2.106448532062577428e+00 2.119006890801271581e+00 2.123029156624294256e+00 2.132621472092189663e+00 2.286212383331895470e+00 2.295152510555889869e+00 2.499220242436875239e+00 2.499348356518703351e+00 2.840048409157066800e+00 2.844529821063949804e+00 3.096180356238404041e+00 3.100906737495444432e+00
3.246384239569318209e-01 3.489214579481255685e-01 4.929934623514491410e-01 4.997866794872859453e-01 5.416453691794421710e-01 5.500044137464026317e-01 6.133179109857511691e-01 6.154800480221487291e-01 7.121920709401744487e-01 7.157341054731056751e-01 7.398861691913748428e-01 7.566744312247251081e-01 8.567866694269826722e-01 8.619242201152469418e-01 9.147739571704681660e-01 9.180311894484325386e-01 9.478146960202841198e-01 9.484197030059489109e-01 9.738602246325226419e-01 9.752730937288499602e-01 1.006374123558930300e+00 1.008806652792330061e+00 1.078843839875973432e+00 1.080414180063429486e+00 1.193635788792038799e+00 1.204665773810163598e+00 1.312923277228963848e+00 1.314240250927095843e+00 1.397057823036181201e+00 1.399943401198118220e+00 1.435764982798173550e+00 1.437440663918644779e+00 1.479869466952671075e+00 1.482126885196260346e+00 1.491891245419659340e+00 1.493388228736113099e+00 1.550110494395673610e+00 1.553023752709370431e+00 1.568322915767332404e+00 1.569181084186037634e+00 1.614223776760916218e+00 1.618787541762467752e+00 1.727301235900987608e+00 1.737343552469781560e+00 1.800793239570601889e+00 1.809421879704125491e+00 1.831473024140673145e+00 1.836331773048234695e+00 2.053002097251838798e+00 2.063819931417014253e+00 2.078441513477547797e+00 2.086803426684109120e+00 2.281813379773989237e+00 2.290092333349013742e+00 2.471125582332771131e+00 2.471241978699254105e+00 2.874487637240608962e+00 2.878136120842060830e+00 3.114930682995861400e+00 3.119384455363540809e+00
3.257969311388515532e-01 3.422298368365902510e-01 5.051717201888037412e-01 5.111138281764007196e-01 5.303229430819285106e-01 5.366478042823104033e-01 6.160492102294991001e-01 6.184245336419458283e-01 7.199092295159988941e-01 7.220239988483528881e-01 7.358191633673167864e-01 7.377937269271133136e-01 8.622241386817974806e-01 8.634200174814563589e-01 9.265182587258565805e-01 9.283184870887188911e-01 9.713044794921671388e-01 9.732880123407964268e-01 9.911654640544299566e-01 9.912778150928922560e-01 1.022363704101066917e+00 1.025078004706847068e+00 1.114890843568049128e+00 1.116925982235709824e+00 1.222944721778294719e+00 1.228201873772874597e+00 1.318467659743769893e+00 1.319663767329112281e+00 1.397222964589589278e+00 1.399119831595203589e+00 1.454465512022906193e+00 1.455833661656564804e+00 1.504014501903013779e+00 1.508395591165442529e+00 1.510018047057661850e+00 1.511858993490707848e+00 1.554466504186709841e+00 1.557468800401321740e+00 1.615020768112581218e+00 1.619522357835957438e+00 1.659417539058878344e+00 1.659974391609631450e+00 1.766992941315833621e+00 1.768882805536292846e+00 1.833091201391891412e+00 1.836267882772645521e+00 1.856552149641428784e+00 1.859128666292070076e+00 2.001647923030837717e+00 2.009828058596348388e+00 2.034297206661960900e+00 2.040738099163376340e+00 2.274643720797472568e+00 2.279998975670835204e+00 2.429789727586462611e+00 2.429851275494264939e+00 2.921291191403012633e+00 2.923379880288495603e+00 3.129673860532006469e+00 3.132664639465360334e+00
3.046026167962302411e-01 3.192702086426870700e-01 4.957157415805930611e-01 5.021741510940700426e-01 5.429204837090826352e-01 5.447789029774557923e-01 6.217854206780848436e-01 6.267996373852937619e-01 7.144039324650937051e-01 7.165847590875704665e-01 7.456293815153981486e-01 7.476487537686958840e-01 8.663657104553400545e-01 8.664568032778368067e-01 9.304441491140480469e-01 9.312342045585771944e-01 9.739929629016598200e-01 9.749130745358541850e-01 1.021876970029350629e+00 1.022508284173151205e+00 1.041116586526078525e+00 1.042429488354160050e+00 1.149143814939697972e+00 1.151497060971320652e+00 1.245506316256615564e+00 1.246154771049486021e+00 1.324148902741580036e+00 1.324212334056519502e+00 1.393121084545541954e+00 1.395696314507819391e+00 1.473878154476007785e+00 1.474732189661101200e+00 1.520778506499526284e+00 1.521548450439819788e+00 1.531557424357232300e+00 1.535188373820586039e+00 1.564029217110483261e+00 1.568496504017917514e+00 1.621719797219530523e+00 1.623864830645396662e+00 1.751891718115714314e+00 1.753406225786972694e+00 1.784852359516633458e+00 1.784931265685441470e+00 1.832366060599293967e+00 1.834003590822935958e+00 1.878575548793711913e+00 1.881103512083765361e+00 1.971030679410287423e+00 1.973244232543724275e+00 2.023666668993301609e+00 2.024939073997982675e+00 2.262942036277642899e+00 2.264560361288186385e+00 2.374155139357907451e+00 2.374177626247806927e+00 2.973803146763170702e+00 2.976695356500282941e+00 3.137767142542495780e+00 3.139160163181827556e+00
2.728882791529568808e-01 2.926511543004050031e-01 4.883288701306203738e-01 4.982300535256402041e-01 5.510363137679815670e-01 5.542632745980722309e-01 6.197694476829327392e-01 6.305398344389357979e-01 7.070399638155426825e-01 7.099180242207695501e-01 7.573387924263984550e-01 7.711258751309965076e-01 8.691572569988836872e-01 8.701837154083799097e-01 9.295096350915338368e-01 9.316343457838691666e-01 9.736055769181981567e-01 9.752820123165554245e-01 1.039844657872302847e+00 1.040985212398249038e+00 1.067822932683513804e+00 1.070406318382150168e+00 1.163113413872857382e+00 1.165757911246476208e+00 1.266278596748969587e+00 1.268759644199512371e+00 1.329806458202214214e+00 1.331875773540653896e+00 1.386662842249576588e+00 1.392038418684325096e+00 1.488475245088889176e+00 1.492532658748066066e+00 1.531281228758343937e+00 1.532337879438937289e+00 1.544646243362236993e+00 1.547387843183380296e+00 1.588874638420807006e+00 1.600662874682278858e+00 1.632261294940273277e+00 1.635978842852459980e+00 1.762440115399728446e+00 1.764665735785168055e+00 1.793944397533141721e+00 1.794447268444011367e+00 1.865702435504137613e+00 1.867759346570126988e+00 1.891073167068918037e+00 1.891488809336781873e+00 1.931554144723817590e+00 1.935190938160752161e+00 2.072650173884357461e+00 2.074213988163118305e+00 2.243617599738998880e+00 2.244789923948002475e+00 2.304107640084025022e+00 2.304237287514679711e+00 3.025391727254938878e+00 3.028001613659695668e+00 3.137800425326506382e+00 3.139160836488775530e+00
2.446088669236056168e-01 2.753495815649814049e-01 4.837139703222239073e-01 4.980975098347472096e-01 5.549429827260908832e-01 5.621204724280585152e-01 6.101940178999772924e-01 6.297458518425017582e-01 7.035082704180197766e-01 7.084526680729470449e-01 7.649976780005433019e-01 7.900264774393712663e-01 8.698471936906897461e-01 8.736098329585808564e-01 9.272876856740625007e-01 9.304677089350742447e-01 9.728132245856481175e-01 9.762197232707425787e-01 1.047958106658255062e+00 1.048985932781891339e+00 1.098505615690157589e+00 1.102196831460657389e+00 1.153951133849687949e+00 1.157128562098017621e+00 1.290820816877054966e+00 1.294257260201473025e+00 1.331366368677413092e+00 1.334135932982145167e+00 1.380873679124829057e+00 1.388856588745106091e+00 1.497785630176715399e+00 1.503538011051176460e+00 1.535500401406924675e+00 1.537804743522503292e+00 1.555101967646763006e+00 1.556858054289415483e+00 1.614225735066797451e+00 1.636981202350293874e+00 1.653379650009403123e+00 1.661500819508392679e+00 1.731405555928216433e+00 1.736339972355521954e+00 1.773265485354585946e+00 1.773494467525162044e+00 1.862470322765935160e+00 1.865573494956074940e+00 1.883824141885377390e+00 1.888166722579198709e+00 2.010219547005173357e+00 2.010502227594734403e+00 2.124139832025767394e+00 2.124835911131303767e+00 2.216162293947997242e+00 2.218319454862848872e+00 2.222568061644385917e+00 2.223483704617067236e+00 3.066790005603678537e+00 3.068994355796769824e+00 3.129270542090873963e+00 3.134310740802506601e+00
2.332137059960960879e-01 2.698320182597078731e-01 4.821111416794621740e-01 4.985755228471279166e-01 5.561060633684451471e-01 5.657831734073577312e-01 6.040642757036613908e-01 6.289105778352718223e-01 7.027845923484888901e-01 7.084657132104446031e-01 7.675610466178263147e-01 7.972508916411238378e-01 8.694857424274298197e-01 8.751599479348511901e-01 9.265090229872775529e-01 9.294468808417626349e-01 9.726132097061584991e-01 9.765699015342245159e-01 1.050545424960479535e+00 1.051446240395449649e+00 1.122206687816313719e+00 1.122628385140024276e+00 1.137088213490985433e+00 1.142893264413649579e+00 1.304353831569895483e+00 1.309094004218766871e+00 1.328532048659808007e+00 1.330224929164735892e+00 1.378754486660117573e+00 1.387612668383276349e+00 1.500948017183111327e+00 1.507006254577335946e+00 1.536489441652589161e+00 1.539003675074893662e+00 1.558919921700820055e+00 1.562204883441177916e+00 1.627190540574998456e+00 1.656865624669476178e+00 1.682303540868536951e+00 1.688392579823624784e+00 1.691934748440862446e+00 1.696600522704301728e+00 1.771524893848621662e+00 1.771831527107019744e+00 1.857481909095630046e+00 1.861899281099941739e+00 1.870717131833770086e+00 1.875822426436088097e+00 2.102818351991996515e+00 2.105803033963417725e+00 2.120003678505202771e+00 2.123361319046001672e+00 2.167765016868338890e+00 2.174678217706807803e+00 2.194973456147985669e+00 2.198468549233563163e+00 3.082997976497981352e+00 3.092075547910888123e+00 3.118417433815702910e+00 3.130106891710697337e+00
2.375436985486572561e-01 2.719196331330943628e-01 4.786213579897572457e-01 4.958384131077087087e-01 5.538590707176668237e-01 5.619500464685643903e-01 6.050025164590221438e-01 6.222321197911053758e-01 7.003363893038625498e-01 7.119688459244237766e-01 7.673002551393608428e-01 7.946954430570832839e-01 8.682195756116616314e-01 8.728932749166880001e-01 9.270288037723951602e-01 9.292112102472093182e-01 9.764204928030078001e-01 9.792135212449497583e-01 1.048676773745189417e+00 1.049236824070627794e+00 1.123794876314054614e+00 1.124298129420875592e+00 1.142126947992011754e+00 1.147851139814179522e+00 1.280817346384955036e+00 1.281426588898847641e+00 1.321889670445941745e+00 1.322560617517764214e+00 1.393259682900761964e+00 1.396728375209609130e+00 1.494843202009099814e+00 1.500398737672498095e+00 1.537210764771747895e+00 1.539951608942272898e+00 1.552845571464203100e+00 1.561914292442729391e+00 1.604379145848975785e+00 1.619565493940744227e+00 1.672929364333622937e+00 1.680908416604463440e+00 1.723129481971882759e+00 1.726666763998871312e+00 1.770005194452695330e+00 1.770618255796423623e+00 1.875646644375264405e+00 1.877126884604351842e+00 1.880107441322405926e+00 1.887488023241506552e+00 2.052059794762171041e+00 2.057907323666148258e+00 2.072583439627725177e+00 2.075358713467485128e+00 2.202696991987291852e+00 2.206590632281195674e+00 2.229729819077995945e+00 2.233417318239026006e+00 3.084166704720725516e+00 3.093477826992176549e+00 3.117860104467966131e+00 3.130073901403488623e+00
2.494858079233766290e-01 2.779142057885335970e-01 4.680778589790798305e-01 4.872155085020866694e-01 5.469370549669348991e-01 5.525550657486106854e-01 6.060169712011708176e-01 6.086904780940539661e-01 6.947058079512069551e-01 7.168534426560578821e-01 7.655366100537545071e-01 7.870599607406351117e-01 8.656474318262251666e-01 8.682675950378171414e-01 9.283453386270186236e-01 9.285839856612233545e-01 9.853976583436481196e-01 9.857040848078463258e-01 1.044261505441410609e+00 1.044467583597028737e+00 1.127036027433462984e+00 1.127810977711791951e+00 1.155156021567000701e+00 1.160541056265116611e+00 1.222220413431218011e+00 1.230029447379749952e+00 1.296455957992478591e+00 1.300539282747359193e+00 1.411033319613619996e+00 1.413235727528883601e+00 1.476260499713759611e+00 1.483920222996689020e+00 1.531435703028672046e+00 1.540100683732472220e+00 1.545773032731622587e+00 1.554176200279233866e+00 1.589313206433815795e+00 1.593069011290452641e+00 1.648116812959742550e+00 1.651997465339389182e+00 1.755432001317028146e+00 1.761857200429665093e+00 1.766304005114133879e+00 1.768759483383889775e+00 1.894558915740278904e+00 1.898131758083593690e+00 1.915710516226615701e+00 1.927599983363604386e+00 1.974209015978845239e+00 1.980416934477555069e+00 1.999018285069835699e+00 2.001011740979359299e+00 2.244031298310387612e+00 2.245662000513365619e+00 2.274038107005292186e+00 2.277328169136246583e+00 3.086800757373025839e+00 3.096600164993232429e+00 3.116403144414725990e+00 3.129801377780274230e+00
2.663968448385309329e-01 2.869609397119130545e-01 4.511064491883960414e-01 4.725830736985855984e-01 5.356128892269788055e-01 5.412845816687950062e-01 5.964944985234638120e-01 6.049303907830710925e-01 6.885708110434367590e-01 7.160296247119289914e-01 7.603391828848787837e-01 7.745103765485676917e-01 8.638086273195754172e-01 8.644742046247566591e-01 9.275444486667077104e-01 9.297504166843475470e-01 9.928417209069944072e-01 9.954501847718536522e-01 1.039124198105049857e+00 1.039786492080256419e+00 1.125493723990680373e+00 1.126146822824451332e+00 1.149426760695745564e+00 1.159209634413232326e+00 1.175827777948803776e+00 1.183556945309060859e+00 1.257826548412831258e+00 1.263281102876037343e+00 1.422005728385629997e+00 1.427756289953783009e+00 1.457113742733389561e+00 1.465708452930413186e+00 1.514150794993591287e+00 1.529696768261668005e+00 1.546510267220887691e+00 1.550200330400555382e+00 1.588232478600177799e+00 1.590232618637547501e+00 1.622508794254722275e+00 1.622721709103895682e+00 1.743370481301439456e+00 1.746886205587345531e+00 1.767956745340312219e+00 1.770052133523801308e+00 1.861219735193382352e+00 1.863839051412766512e+00 1.876745040583623458e+00 1.883401364302923708e+00 1.972527460614108552e+00 1.986024006109883056e+00 2.004209676322299849e+00 2.007492233384309710e+00 2.274684556610913955e+00 2.275524907667266117e+00 2.307913222865935587e+00 2.310330125640243093e+00 3.088860066745493516e+00 3.098709563307861625e+00 3.114359850425902909e+00 3.128550118816749936e+00
2.850889664681026670e-01 2.976096920204028828e-01 4.303412466228228039e-01 4.534732487212211893e-01 5.216969771304919012e-01 5.312951300505334151e-01 5.882228275940691864e-01 6.009321513233115697e-01 6.825795321108011349e-01 7.076243489685423160e-01 7.498326911831003638e-01 7.574650575093829774e-01 8.621991170615580513e-01 8.628410406895348217e-01 9.247528600824697076e-01 9.296771687333584833e-01 9.975531226537207585e-01 1.003475293626465037e+00 1.033741770288018502e+00 1.034397337682630313e+00 1.072647272864129198e+00 1.088154261968027781e+00 1.109868096951691419e+00 1.111982635137558795e+00 1.193765469329250983e+00 1.198967790461364924e+00 1.225688180038565056e+00 1.230762987711946366e+00 1.429487005679429767e+00 1.437141705937795333e+00 1.447714876622129276e+00 1.451425622720469599e+00 1.493255961085816930e+00 1.507132579457538757e+00 1.545743475818885049e+00 1.552215360225937202e+00 1.591104217414066602e+00 1.592838406031151788e+00 1.597956341799244173e+00 1.600721882566711107e+00 1.679727006380987930e+00 1.682333565340583537e+00 1.714842680854807844e+00 1.719865126940812061e+00 1.816354030855702684e+00 1.821098515172876908e+00 1.826386539322508051e+00 1.833042973421614263e+00 2.031060689968034350e+00 2.038945282339925669e+00 2.067463804990836707e+00 2.073880271388448104e+00 2.295975361836867901e+00 2.296939848162347975e+00 2.331399836583730067e+00 2.332712775806609962e+00 3.088280923132859623e+00 3.096914229083190140e+00 3.111346951460510546e+00 3.124882873661229077e+00
3.027104725584990330e-01 3.079510616069470741e-01 4.097183556721671338e-01 4.323825843093111465e-01 5.080465469093542463e-01 5.251397193192002266e-01 5.820756484153009058e-01 5.946510996807222726e-01 6.761778430611360413e-01 6.938505273871943269e-01 7.330025570441961458e-01 7.367571004759962960e-01 8.584432491077714777e-01 8.595461652697714561e-01 9.127025293533422845e-01 9.229443744927703364e-01 9.954830769373300692e-01 9.979568422952225237e-01 1.009197655621270284e+00 1.014206998842248186e+00 1.035178705463433380e+00 1.040160179253729167e+00 1.064572743207440331e+00 1.071250644045775635e+00 1.209880297830268514e+00 1.214945240883583910e+00 1.219684213759604230e+00 1.223174007037430178e+00 1.433319594789733475e+00 1.434871623631968962e+00 1.439167372277269763e+00 1.444289709165837543e+00 1.467065956023049011e+00 1.479074071000723745e+00 1.523852199409178265e+00 1.528683695250245389e+00 1.574030081724870467e+00 1.576759292514274380e+00 1.596088906052401057e+00 1.597592624971691855e+00 1.602544793701737635e+00 1.603764510388639319e+00 1.624743609616961848e+00 1.633239698005652052e+00 1.803682994110403559e+00 1.808308672208158940e+00 1.815097736819173635e+00 1.818328158838095732e+00 2.100923252756745629e+00 2.103105534771982033e+00 2.134675549516382720e+00 2.141711344711380693e+00 2.310486428158948780e+00 2.311888573299144767e+00 2.346517253403752168e+00 2.347009524492006616e+00 3.083823805596576317e+00 3.090081465257628501e+00 3.105781911522880634e+00 3.117349768706324742e+00
3.157628869894966717e-01 3.171953504281700975e-01 3.922738980801683817e-01 4.113851183105174392e-01 4.983009584386087210e-01 5.244539839111241886e-01 5.751099143512012901e-01 5.865491740578486768e-01 6.691618734347890562e-01 6.785605755453804067e-01 7.115030407573271765e-01 7.141438210009734000e-01 8.435232054538622792e-01 8.465881490978578450e-01 8.741289536890221035e-01 8.932561725601252389e-01 9.688147525364331214e-01 9.753691591515617487e-01 9.821458785723261586e-01 9.908475948316658455e-01 1.021133183990444726e+00 1.034391675503740782e+00 1.038008916831781869e+00 1.040708927753820401e+00 1.217885625599736787e+00 1.224213599738614988e+00 1.231511122042498574e+00 1.232398383463688019e+00 1.388573664708539379e+00 1.390889446717921141e+00 1.412649965492334125e+00 1.425666019928931494e+00 1.459032958152724158e+00 1.460454723620483009e+00 1.465007038375201187e+00 1.467885895428970411e+00 1.547958754557968053e+00 1.550902522273104323e+00 1.556407960306508187e+00 1.562439814867980781e+00 1.590074353236328175e+00 1.590390761270344067e+00 1.601784754761345964e+00 1.603990545123651135e+00 1.800330296011143139e+00 1.804033856237386990e+00 1.810617258973960197e+00 1.813176301568153903e+00 2.166752029807224478e+00 2.169316694897788000e+00 2.198702821533654372e+00 2.205201824570494296e+00 2.320665596395398822e+00 2.322277666999189805e+00 2.355408160654709260e+00 2.355682283203149208e+00 3.075620282306958497e+00 3.079090816273708509e+00 3.096556205407246409e+00 3.105711552784688134e+00
3.189478184080794532e-01 3.271936139231776952e-01 3.790712183230284804e-01 3.924005397553663177e-01 4.968263577269524944e-01 5.293207567222815157e-01 5.645051910628665626e-01 5.771364866321929687e-01 6.610001783847069268e-01 6.635973393673677556e-01 6.911237435688118991e-01 6.939461451163044803e-01 8.037615271899111180e-01 8.180311856368303047e-01 8.271592493614193797e-01 8.430894298278792665e-01 9.593322644362076712e-01 9.619458643872220716e-01 9.654586883417788368e-01 9.707257958037246448e-01 1.018069272109621615e+00 1.025987519770840128e+00 1.031651343006686039e+00 1.033419285462443993e+00 1.223530421263892887e+00 1.229459709654559862e+00 1.241200500002386686e+00 1.242401231439168141e+00 1.319341034557913739e+00 1.322248378773978494e+00 1.332839706948664382e+00 1.341167808297854647e+00 1.461263177858994844e+00 1.461778724276717512e+00 1.465588851987597030e+00 1.469850519468436145e+00 1.520732494921724465e+00 1.524393691867063971e+00 1.528586110453659330e+00 1.531350617463477226e+00 1.591499842167289458e+00 1.593723792652815163e+00 1.603664820607433983e+00 1.606473178180997552e+00 1.799268188286128778e+00 1.802733463463038754e+00 1.807300957935878971e+00 1.810227826806574347e+00 2.222331556152519205e+00 2.227854733270373533e+00 2.252569806339606906e+00 2.257158467179425809e+00 2.329145582014360283e+00 2.330190992832692043e+00 2.359554345494678351e+00 2.360154072488419796e+00 3.065541309786461444e+00 3.066505805344726276e+00 3.084995724795047689e+00 3.091886815114990306e+00
3.169329410412510262e-01 3.324040392636177232e-01 3.704054250139816040e-01 3.788734552550112600e-01 5.066537997848793440e-01 5.376345084351662473e-01 5.489159225418824839e-01 5.673704483030749257e-01 6.476718054053439699e-01 6.522717882632254049e-01 6.792160790530835657e-01 6.826520494700483166e-01 7.624120804216681924e-01 7.874478295102859127e-01 7.886783401048552689e-01 8.011575065517978489e-01 9.554243391601693336e-01 9.577599064681981966e-01 9.627565294366280391e-01 9.692444574791391210e-01 1.015721754593249981e+00 1.019515662043001258e+00 1.027249819663979213e+00 1.028684334974161008e+00 1.224027264765626732e+00 1.227194446971748620e+00 1.239611121610989963e+00 1.244772991224542658e+00 1.268833746889289404e+00 1.272696586503478944e+00 1.281250903283772224e+00 1.284833636288065462e+00 1.469669561247441081e+00 1.470822871869463588e+00 1.474732689734599367e+00 1.480100658136099367e+00 1.500397748687465338e+00 1.502802910581581886e+00 1.509566296856539536e+00 1.513591552827479925e+00 1.593602969224406918e+00 1.598572821940751121e+00 1.604761547021827495e+00 1.606872676209623707e+00 1.798714884653353607e+00 1.802389607388366510e+00 1.805224061645151812e+00 1.808619588704678316e+00 2.262376929990203234e+00 2.269209720193752222e+00 2.285914976488683692e+00 2.287244860879132702e+00 2.339472097143815432e+00 2.340222228934925042e+00 2.358934591960590854e+00 2.360160777076349525e+00 3.055899452261221949e+00 3.057460943769860773e+00 3.074907328326623723e+00 3.080072525218753299e+00
3.146246489628212184e-01 3.337957876080316355e-01 3.673040382205337573e-01 3.741449201780748801e-01 5.210576137718762046e-01 5.333464880220680771e-01 5.433003243405980509e-01 5.614855047922058251e-01 6.396572524099415347e-01 6.482527352140733390e-01 6.759635855569433582e-01 6.795637502787758022e-01 7.461037751445921407e-01 7.726630940656130653e-01 7.758653896161303853e-01 7.843680183084342783e-01 9.563123755733500264e-01 9.592945278954775334e-01 9.619120260707094694e-01 9.692369351134564326e-01 1.014294126684522679e+00 1.016632400854799334e+00 1.024430345442898238e+00 1.026778661059789322e+00 1.220632649361671040e+00 1.222081724473040421e+00 1.228801821478842093e+00 1.236747424388882077e+00 1.257059657447496814e+00 1.264000271970345812e+00 1.268296211447969002e+00 1.270880258270555618e+00 1.477709409933407825e+00 1.480470668694981118e+00 1.481885573028697500e+00 1.483624229652066084e+00 1.490624597622505210e+00 1.497298919675444262e+00 1.497736016837478035e+00 1.500129316737465190e+00 1.594430765439159625e+00 1.601467584894044949e+00 1.604578042592274434e+00 1.606433315068948930e+00 1.798476313909969759e+00 1.802309780786196969e+00 1.804565769269117936e+00 1.808121827680026383e+00 2.278877504706458446e+00 2.287329555499279632e+00 2.292417235676588394e+00 2.293356759360285047e+00 2.350688324728240630e+00 2.352120568107179732e+00 2.352525799754950686e+00 2.354703586322526743e+00 3.051866826940621724e+00 3.054229168107242209e+00 3.070835371654336399e+00 3.075313967495980183e+00
3.295744292516854523e-01 3.439387431259965933e-01 3.752890241264993376e-01 3.801422196702772260e-01 5.273315390470864061e-01 5.334146873252220145e-01 5.432979047813546458e-01 5.580012629987981532e-01 6.467545542040922246e-01 6.550107036428698404e-01 6.796100821406710901e-01 6.818509568550110700e-01 7.638570275274022547e-01 7.826501812106320122e-01 7.871134829740461525e-01 7.920927929024172975e-01 9.572067390203475856e-01 9.589577773821038598e-01 9.617454225049307803e-01 9.699013094749729946e-01 1.018021468359974868e+00 1.019409219276525613e+00 1.027133500670063260e+00 1.029054821476853343e+00 1.231958353629284186e+00 1.233903499332954956e+00 1.236345245490837907e+00 1.243387454723701158e+00 1.267471647167382365e+00 1.273838850413930412e+00 1.276445346068138198e+00 1.279785234156906926e+00 1.474161677678689220e+00 1.477474833921749164e+00 1.477987523700021955e+00 1.480561942640657991e+00 1.495249127849814119e+00 1.501177848973948681e+00 1.502034087843013177e+00 1.504185894076588204e+00 1.596588169018347436e+00 1.602333037126585147e+00 1.605364397113691943e+00 1.607205151090580930e+00 1.799038222657939334e+00 1.802672646991307248e+00 1.804796810842919319e+00 1.808143284126002559e+00 2.267842048632710661e+00 2.274933147290724378e+00 2.279850896025967799e+00 2.280384465822027362e+00 2.348457250397812057e+00 2.349403047792916421e+00 2.350398500038378469e+00 2.351605988773487255e+00 3.057153345852998250e+00 3.059628173033609677e+00 3.075812456506885173e+00 3.079850215852443451e+00
3.624194156006858569e-01 3.699080518115349103e-01 3.929422846792332558e-01 3.965581680922971031e-01 5.317443936201319277e-01 5.397937239845482793e-01 5.422733484587022312e-01 5.505385234899630165e-01 6.648949632136318399e-01 6.693183377146959545e-01 6.867988479914131084e-01 6.883011102575575801e-01 8.029360972962550358e-01 8.138637171253645386e-01 8.157050479893313000e-01 8.170179291201420391e-01 9.613027972519117004e-01 9.631452542416436557e-01 9.658952004148390058e-01 9.740765254913921201e-01 1.025652069695817792e+00 1.027293733455395097e+00 1.033270297895265255e+00 1.034439350895317133e+00 1.242439813953036820e+00 1.243082777243690318e+00 1.246729450262251682e+00 1.249117694019616920e+00 1.311265499585655414e+00 1.314890033132086078e+00 1.318468601492542192e+00 1.321145650733430488e+00 1.467977938986685826e+00 1.472956722121480988e+00 1.474176204981654026e+00 1.476979783581584993e+00 1.505322343932737894e+00 1.511251378547085134e+00 1.512150262072853302e+00 1.514805500893305901e+00 1.602939554076938444e+00 1.605597477217880709e+00 1.608278038863882209e+00 1.610178582171546857e+00 1.800636912420066293e+00 1.803566395825505264e+00 1.805387804606140900e+00 1.808187401804364658e+00 2.234293345594763114e+00 2.238775801787615816e+00 2.242030557346826658e+00 2.245456607423499396e+00 2.341549736656383107e+00 2.344328792031525222e+00 2.344819281220627882e+00 2.346067221162402294e+00 3.070703566645013538e+00 3.073485365038334471e+00 3.088745371213331925e+00 3.091471334655485403e+00
3.946034317839827166e-01 4.005776456367257654e-01 4.120416425940751637e-01 4.190861223522595602e-01 5.329578454476069371e-01 5.398678733813866426e-01 5.455817948494828817e-01 5.466249975269836803e-01 6.811199715572698876e-01 6.856824648292147995e-01 6.949147907137905866e-01 6.974656475808578282e-01 8.377604313063268249e-01 8.397675974119986897e-01 8.513560227941329162e-01 8.549471504408729938e-01 9.759181387369355587e-01 9.817005875169595441e-01 9.854311858059160434e-01 9.908953893368537269e-01 1.034368378535050370e+00 1.037382676007035043e+00 1.041483394816772323e+00 1.042902622951294100e+00 1.244317775779061774e+00 1.245918959807215343e+00 1.248654950784313211e+00 1.250281638526233641e+00 1.368725591557399701e+00 1.371388933789079223e+00 1.378552824433745716e+00 1.379761747554928863e+00 1.466471523703946067e+00 1.475390794366018943e+00 1.479190474937969846e+00 1.482486273302121793e+00 1.528573394536024033e+00 1.529745571567882045e+00 1.534822482460399762e+00 1.538159509074067177e+00 1.613312016056778653e+00 1.615965783273983991e+00 1.616819850586930674e+00 1.619112732030636215e+00 1.803079927657959436e+00 1.804624581036034403e+00 1.806262469711774177e+00 1.808364355324953099e+00 2.180587449937724909e+00 2.184209898664349225e+00 2.188285212364925236e+00 2.193597892891477663e+00 2.333170392019138450e+00 2.336820733205284384e+00 2.337150299947220677e+00 2.339066060424304094e+00 3.087383360494358797e+00 3.090552091651254774e+00 3.105087206595882332e+00 3.106116646090190336e+00
4.186400231747740563e-01 4.230944796846783929e-01 4.293077173732302576e-01 4.415854391733083362e-01 5.368061825079376570e-01 5.403913727169102899e-01 5.485971404939479212e-01 5.520558930957987220e-01 6.893297450784491298e-01 6.997531635051759125e-01 7.071036647120596541e-01 7.084886704486371700e-01 8.538162166683685994e-01 8.573451993681552308e-01 8.694826610625240315e-01 8.702771953183289222e-01 1.004944584957225384e+00 1.007528164730837839e+00 1.017886521449792969e+00 1.024234494163750453e+00 1.048801731586963104e+00 1.051944919738888817e+00 1.060925347693220777e+00 1.065253361791510534e+00 1.244950352889351075e+00 1.246053402347442329e+00 1.247927853899841955e+00 1.250405731408792187e+00 1.400375673416327738e+00 1.401479793866891477e+00 1.404727560225901506e+00 1.407884484156660676e+00 1.478233357797644532e+00 1.492384052302228925e+00 1.493839013652016323e+00 1.498414767374186107e+00 1.563124763226527714e+00 1.568033739587870512e+00 1.577181797700310639e+00 1.581421322449374944e+00 1.643756138560044100e+00 1.645686732934076524e+00 1.653947927556854269e+00 1.655918562256149640e+00 1.805682282268141092e+00 1.806662510251462184e+00 1.808666391141079410e+00 1.809798953387363296e+00 2.114455817989470798e+00 2.119243838235683963e+00 2.126692332780587780e+00 2.132755365332851039e+00 2.322601051153922125e+00 2.325782126143243644e+00 2.326985639824910468e+00 2.329091287202507132e+00 3.102393052648335203e+00 3.105879205006415678e+00 3.119559067936037433e+00 3.121583836408096335e+00
4.295498774944477294e-01 4.352321046812769323e-01 4.435103926094799420e-01 4.568125668780289028e-01 5.436069192479525691e-01 5.492951498163252122e-01 5.592457553229617240e-01 5.629998707624225274e-01 6.966518915884017948e-01 7.099439688163147189e-01 7.203647120006317905e-01 7.232185496840307648e-01 8.559197818188746254e-01 8.584784135724073950e-01 8.698637733406979766e-01 8.703644676036529360e-01 1.022139648752353525e+00 1.026415047334038322e+00 1.033335374147793084e+00 1.035647567263731306e+00 1.082504134778770277e+00 1.090051445559275134e+00 1.106577557032389914e+00 1.110471284319094920e+00 1.245923978792686793e+00 1.247381357490807030e+00 1.249307617451466124e+00 1.250734004551971923e+00 1.398884388782948518e+00 1.401290091451292019e+00 1.406955089708727069e+00 1.415463303106742288e+00 1.498191859267691939e+00 1.506984584848433339e+00 1.512549411032144020e+00 1.514967106797765695e+00 1.586934746019594389e+00 1.591815344668967569e+00 1.599554826729046697e+00 1.607120383510320050e+00 1.717021143121448601e+00 1.718062923434609202e+00 1.737835735314971375e+00 1.738865411810833095e+00 1.812537024812676645e+00 1.814028787833789957e+00 1.819347809461323573e+00 1.824102271382079810e+00 2.044761430036073691e+00 2.051295777778026519e+00 2.062079656310986220e+00 2.068713348799254170e+00 2.307105782078687550e+00 2.309603143444770357e+00 2.312673879239813601e+00 2.314456446918299548e+00 3.112985214223075392e+00 3.116812440319244093e+00 3.131328617995023045e+00 3.134929065914804358e+00
4.326939985496446872e-01 4.403439673746663008e-01 4.492415440498392365e-01 4.626540565769369784e-01 5.546117991174990269e-01 5.672724770698427399e-01 5.731749596862414364e-01 5.759415818657508401e-01 7.064183673863755342e-01 7.222584014502250183e-01 7.350775197578830467e-01 7.385160220544532139e-01 8.515697244126682053e-01 8.521803489700803258e-01 8.611651755206999326e-01 8.635991081953217074e-01 1.027765214919912351e+00 1.032118310993266119e+00 1.037774909806994383e+00 1.038967757527257119e+00 1.124820946641108987e+00 1.130736772152375114e+00 1.143480753145883932e+00 1.151741327180010988e+00 1.251037058780229749e+00 1.255286187038592960e+00 1.256668188498098582e+00 1.261885926116691481e+00 1.391260005097382457e+00 1.394200364199692732e+00 1.401917409551775240e+00 1.411149003918278355e+00 1.517430149672751361e+00 1.525048091711864284e+00 1.527395244997917789e+00 1.534913833351070789e+00 1.601772653317906192e+00 1.605334854723360793e+00 1.615096007611107609e+00 1.623699544621571622e+00 1.769196104339740838e+00 1.773288554588520194e+00 1.776445406130341409e+00 1.782231174367351567e+00 1.862208017459066056e+00 1.864385574420032388e+00 1.883984335464979232e+00 1.890831316737305645e+00 1.978372084156660327e+00 1.986664148724755163e+00 1.999121561902477140e+00 2.006512952021261675e+00 2.283970625035212532e+00 2.286309125068866965e+00 2.291136841819093828e+00 2.292801510225820127e+00 3.118572337057130550e+00 3.123038597100939562e+00 3.140874558262273908e+00 3.145062983928480271e+00
4.340776601333304896e-01 4.417182194142364460e-01 4.494623544892500377e-01 4.614010084255994459e-01 5.678646935528284256e-01 5.823182698833311299e-01 5.853965805564196323e-01 5.885986484923394491e-01 7.203947073732333006e-01 7.365660711693491347e-01 7.511297031417172310e-01 7.540993665379773780e-01 8.433947568507271786e-01 8.459441942658312286e-01 8.496967211200066039e-01 8.531448379897106360e-01 1.030176149972457544e+00 1.033387620187762979e+00 1.038745144419284561e+00 1.040700448181903104e+00 1.149115144559345714e+00 1.152666677190345768e+00 1.162783431165045789e+00 1.165518147463250331e+00 1.269826953309152184e+00 1.272327884823946986e+00 1.276822568120743906e+00 1.285580610781550170e+00 1.382457418207297062e+00 1.387355855414695416e+00 1.393941845355260112e+00 1.401006339915530807e+00 1.534788990711245082e+00 1.540359452301205634e+00 1.544234860896537942e+00 1.551512809451892405e+00 1.624652926523154628e+00 1.626262392122569622e+00 1.636530693956711691e+00 1.642356131696528942e+00 1.772145361092573035e+00 1.772735579747117818e+00 1.777372555241483409e+00 1.781678107880251050e+00 1.910962334180360767e+00 1.922591270123066964e+00 1.931677942310201512e+00 1.934560300511695807e+00 1.971072670079998979e+00 1.972901292158599329e+00 1.989743583755859024e+00 1.991248944298918300e+00 2.250698269147604513e+00 2.253532921483112350e+00 2.259256343731185002e+00 2.261195272948889556e+00 3.120197506109149810e+00 3.125503648442308879e+00 3.148624879481443095e+00 3.152238306226124553e+00
4.359876566030211342e-01 4.424369436904350694e-01 4.472916738149442795e-01 4.578204377599981445e-01 5.784250810297626444e-01 5.874396576830156480e-01 5.905520346702782808e-01 6.020804525540657259e-01 7.351654912883635040e-01 7.506601673662186558e-01 7.648238633359338845e-01 7.671191415220783849e-01 8.364344201353036690e-01 8.391229267123608837e-01 8.401462840849548419e-01 8.427441832743642891e-01 1.031701701854409015e+00 1.033313378089601331e+00 1.037865251690631707e+00 1.041620030487099724e+00 1.155895665306740483e+00 1.157759263619882573e+00 1.163853909242672957e+00 1.168977712071454844e+00 1.294375030564764328e+00 1.295094104134188129e+00 1.299495594751889360e+00 1.305862157064072493e+00 1.374059989388474623e+00 1.382114765872865636e+00 1.385797471492658639e+00 1.388409844470218202e+00 1.546941784559983990e+00 1.550885039534925403e+00 1.555250482008205593e+00 1.559662286990840085e+00 1.657187256629153449e+00 1.659236000512261944e+00 1.666497009101488569e+00 1.669939947265280722e+00 1.756537071063023703e+00 1.759142702430482874e+00 1.764669452418357265e+00 1.765791917687143275e+00 1.873396070488787091e+00 1.882895881876428756e+00 1.892805214381367618e+00 1.898816270538449480e+00 2.058117968013368770e+00 2.061961001051334730e+00 2.070534933845844083e+00 2.072961959602560356e+00 2.204900859119565570e+00 2.209364360230771318e+00 2.216236513480008163e+00 2.218048106629161964e+00 3.119845347434816674e+00 3.125849334610105945e+00 3.154117945031841064e+00 3.156664894273023769e+00
4.375130988903687124e-01 4.425625035347071079e-01 4.459407495967032675e-01 4.559220432942778789e-01 5.826305192444617420e-01 5.886776904325746740e-01 5.916542680062033543e-01 6.068799145313993337e-01 7.420174374436208087e-01 7.575080965614298112e-01 7.703945373363220162e-01 7.722974891622383931e-01 8.333822201692804299e-01 8.348595405458171248e-01 8.370041969535756410e-01 8.381755066196658888e-01 1.032448167050315169e+00 1.033189840059554054e+00 1.037042094681319915e+00 1.041863046572109708e+00 1.155347390773880267e+00 1.158693680974551166e+00 1.162687899143852954e+00 1.169720571686278188e+00 1.304840014703614326e+00 1.307568138353156995e+00 1.310982933956281737e+00 1.311722572531493824e+00 1.369623430196157399e+00 1.380233798024751657e+00 1.381126897917604790e+00 1.382075699316828832e+00 1.550975867743980441e+00 1.554529341059549541e+00 1.559266589266482761e+00 1.561332838437792914e+00 1.677806229247751135e+00 1.679491115812115964e+00 1.688443375502179267e+00 1.695415577121614614e+00 1.742036995803961874e+00 1.744518949691183485e+00 1.746966728226510002e+00 1.750805309005973864e+00 1.859998462697164623e+00 1.866391582789749481e+00 1.876240698378589089e+00 1.885437348547771119e+00 2.119868625383552807e+00 2.120564887455366421e+00 2.123721933352177516e+00 2.124402651006213283e+00 2.159394983082947750e+00 2.166929020823511909e+00 2.178247597127859425e+00 2.180584659857525587e+00 3.119457132794445364e+00 3.125731663149159179e+00 3.156148108792556695e+00 3.158198846535825499e+00
4.375890722566133095e-01 4.437072522971576283e-01 4.484918715815467971e-01 4.609636216512620899e-01 5.810685362960975597e-01 5.870711291843876412e-01 5.897302154771292271e-01 6.019089425852049979e-01 7.426875836946585929e-01 7.574730071558628541e-01 7.739196782939309349e-01 7.754207847416393351e-01 8.255432545335151806e-01 8.274631916542815047e-01 8.470059151702551414e-01 8.486426121809003131e-01 1.023819937188259921e+00 1.028103428677991760e+00 1.035546177638558163e+00 1.038376709611221305e+00 1.133800790001680436e+00 1.139193548261614231e+00 1.173390064772212860e+00 1.176784643832358146e+00 1.298028990856681331e+00 1.299961313545805464e+00 1.318712364983946728e+00 1.322792866035756409e+00 1.361917741267709259e+00 1.368298688734501001e+00 1.385665189229091876e+00 1.390545731384896566e+00 1.538817059884510785e+00 1.546256058861240845e+00 1.561400835150216437e+00 1.568787497912512707e+00 1.649138000834862838e+00 1.652967262123214987e+00 1.680977340498361672e+00 1.681819955174506331e+00 1.751546992809238201e+00 1.752702219772383385e+00 1.767228017503709614e+00 1.769689047715422126e+00 1.871688084315508149e+00 1.875364831795742093e+00 1.887979909441070747e+00 1.894696871088386692e+00 2.018816294677002077e+00 2.019569217865909483e+00 2.116662259623304010e+00 2.119862142960125428e+00 2.206066777129910506e+00 2.211441769261838886e+00 2.220425691414356084e+00 2.221528772341111679e+00 3.098145489812089259e+00 3.101586195839715732e+00 3.164931451777507121e+00 3.166372851276120670e+00
4.374521309957284387e-01 4.417211014989760320e-01 4.596745302663357013e-01 4.716974781267270211e-01 5.763898225204280301e-01 5.831446807360504136e-01 5.856509710570858562e-01 5.902570414144329147e-01 7.467817193063922554e-01 7.564549927337999025e-01 7.822022483082319289e-01 7.835920596646078762e-01 8.194046131690631007e-01 8.206092652642208440e-01 8.616572095748519233e-01 8.626973135656911262e-01 1.001581184385741174e+00 1.007020941238034872e+00 1.027961708305664246e+00 1.029204022589400802e+00 1.109557610909605252e+00 1.113869651990086140e+00 1.166386611694403497e+00 1.168393258593040329e+00 1.296785234906048689e+00 1.298405523585568266e+00 1.325890144256299363e+00 1.329368570226075352e+00 1.350035931887691776e+00 1.353753332220239525e+00 1.388694621368077087e+00 1.395210506720628185e+00 1.523788262418179329e+00 1.529592554365947876e+00 1.559260304781781459e+00 1.566496554547563536e+00 1.604432938983829215e+00 1.606205279383960516e+00 1.666885765172324785e+00 1.668501924145463056e+00 1.773238619857974374e+00 1.773907530730552962e+00 1.781501280905364748e+00 1.784265970088446229e+00 1.889818083528444603e+00 1.891415448153024759e+00 1.898414568734040353e+00 1.901190863751349935e+00 1.943971134631378161e+00 1.945515292849543831e+00 2.057168025789730681e+00 2.058177174717556124e+00 2.234824225460979807e+00 2.239227351754062845e+00 2.303224035604547026e+00 2.304210947161608125e+00 3.052186396036665528e+00 3.054627165923602838e+00 3.170371240659703105e+00 3.172717573527294110e+00
4.332345175664856218e-01 4.351949816183399156e-01 4.707500111272625576e-01 4.797879220893340180e-01 5.699612165982904655e-01 5.751269966942130774e-01 5.851457281490528572e-01 5.865768557054784615e-01 7.534286528088675050e-01 7.555848574248705818e-01 7.924457013227783619e-01 7.936627759712386876e-01 8.158832181478179457e-01 8.174403002890233694e-01 8.779686726069706459e-01 8.789610204288994533e-01 9.645255605514436725e-01 9.704478873816123619e-01 1.012943849819385678e+00 1.013560588436406285e+00 1.091309447447031511e+00 1.094935190257222191e+00 1.142032115926782776e+00 1.143362560931627803e+00 1.299023383703668877e+00 1.299693666448949569e+00 1.320903916024611213e+00 1.322986193947942368e+00 1.340198468307014945e+00 1.341047277109820302e+00 1.388523679852083248e+00 1.394761236130701576e+00 1.510052867314902514e+00 1.513068843387271656e+00 1.534334063161802097e+00 1.538778892195371784e+00 1.583050367517290447e+00 1.587700859815324161e+00 1.653614925729415042e+00 1.654631602924821587e+00 1.767375075015132690e+00 1.769919123567395003e+00 1.789711936337699649e+00 1.790857087145271809e+00 1.807959551561159506e+00 1.810236137991728445e+00 1.927219304823234225e+00 1.930458094655235879e+00 1.985172238809447043e+00 1.985972369714801511e+00 1.990734331512638455e+00 1.991984603413280652e+00 2.256953118060990082e+00 2.258624834774343615e+00 2.372473295890153544e+00 2.373366421650954461e+00 2.994684398332519759e+00 2.997938742092337794e+00 3.167248152699657648e+00 3.168984612099478237e+00
4.186482940463440161e-01 4.219776107271790977e-01 4.647004993838621534e-01 4.756960724722314460e-01 5.713699796972440126e-01 5.769791193277681307e-01 5.933943448521337150e-01 5.938427925758976711e-01 7.514157264964349547e-01 7.630371579481227684e-01 8.024683790219374613e-01 8.039065743104628625e-01 8.157270611217339873e-01 8.192801647843174218e-01 8.935428683268141770e-01 8.959741583414256860e-01 9.156502797182591857e-01 9.290522413775259558e-01 9.895087776885337361e-01 9.901364920322195395e-01 1.078052847913159917e+00 1.082145969376481665e+00 1.110851713194902946e+00 1.111625667580961485e+00 1.289063724767652630e+00 1.292546049277266684e+00 1.294837799096091535e+00 1.297555380424088245e+00 1.335768462206655682e+00 1.336501889149494193e+00 1.388857511371405451e+00 1.393267676371647168e+00 1.495324174389007998e+00 1.497869175636274530e+00 1.508255831952949100e+00 1.512340105881152308e+00 1.577174545660495308e+00 1.582660909480579248e+00 1.630187158907089984e+00 1.632194952738951876e+00 1.685907043703676944e+00 1.688161669635571460e+00 1.796069308062547609e+00 1.798129497419376666e+00 1.800606096210180196e+00 1.801912568566927497e+00 1.869183092415898972e+00 1.873414729250634903e+00 2.004513395579551993e+00 2.008098428112602196e+00 2.037838817821117310e+00 2.038422582184514109e+00 2.271469824381193714e+00 2.273097064501859776e+00 2.427433337733504004e+00 2.428190343680431074e+00 2.935420348198635399e+00 2.940334781427471178e+00 3.155170214111436167e+00 3.155934935173268396e+00
3.944751719613663887e-01 4.005458255886426011e-01 4.385499192587580253e-01 4.551063403731280821e-01 5.863244137594438854e-01 5.928186409277331759e-01 6.088482275039021063e-01 6.105647255192289125e-01 7.479373146276201423e-01 7.666593743330029076e-01 8.109479740044764906e-01 8.119123434930723970e-01 8.199182090062187012e-01 8.248875369999364437e-01 8.685261828253639793e-01 8.878292852627316378e-01 9.089121518680879364e-01 9.109716125305190593e-01 9.583580780785935227e-01 9.608933631917524476e-01 1.066557345661659495e+00 1.071229858997407636e+00 1.080060435179847511e+00 1.081764233988101287e+00 1.239416636883761802e+00 1.249722604492248701e+00 1.273116544970468889e+00 1.276336422944726490e+00 1.336956376877903141e+00 1.338375360073450038e+00 1.389871633305041598e+00 1.393584039322017354e+00 1.476163725222430223e+00 1.479403715464249647e+00 1.494029750773000931e+00 1.498535258766788170e+00 1.571122052740892450e+00 1.574546603331049122e+00 1.576743141792388059e+00 1.577820772919142467e+00 1.648860930633514688e+00 1.651273803557478326e+00 1.750667043542595058e+00 1.755283652366755875e+00 1.800328486159580965e+00 1.801494346237595190e+00 1.809555918932379992e+00 1.817920033372125044e+00 2.056074847348621226e+00 2.060042983731697586e+00 2.090023769220746619e+00 2.090166058562627160e+00 2.279919923354521760e+00 2.283896730971100908e+00 2.468507799292462224e+00 2.469081549305371936e+00 2.883797774210212772e+00 2.890016308233514408e+00 3.134752496867696525e+00 3.135693651247946079e+00
3.667948602199077590e-01 3.730742218818675626e-01 4.071813509595739733e-01 4.276389921730121557e-01 6.045828099748873363e-01 6.123169640327461583e-01 6.282748971786079606e-01 6.311364052617886022e-01 7.429823202345188227e-01 7.632842209157124636e-01 8.074939512619130344e-01 8.164078620969478228e-01 8.211719283923247792e-01 8.237267523555117377e-01 8.529983905799051191e-01 8.628984694825291291e-01 9.095522862284941557e-01 9.114858950884935362e-01 9.345779227132431366e-01 9.381142563051889649e-01 1.050128142288906385e+00 1.054012426946232317e+00 1.056475605379320504e+00 1.061043816934750916e+00 1.180138587901527369e+00 1.192860067697240511e+00 1.242134035798495129e+00 1.244873138082460695e+00 1.341689163102370408e+00 1.343193743784588001e+00 1.388859352014938597e+00 1.392834967875750563e+00 1.445750164382004987e+00 1.448837952801513840e+00 1.485393933026769142e+00 1.491395354967787634e+00 1.535988477808866826e+00 1.539066095627566355e+00 1.560580369620760965e+00 1.566140866936462483e+00 1.633156171198573370e+00 1.636610920485023657e+00 1.650253059783118648e+00 1.653157930117460817e+00 1.801137857514786944e+00 1.802165420489779457e+00 1.807903057032879124e+00 1.816682065020145176e+00 2.106576046835904936e+00 2.109901570411103933e+00 2.137433268576463430e+00 2.137630004355004498e+00 2.285650600671622623e+00 2.290068371710073603e+00 2.496906592600652175e+00 2.497274311578024264e+00 2.845545508175274296e+00 2.851905934687509081e+00 3.109540078948386466e+00 3.110575854540695406e+00
3.409530595634188144e-01 3.448694878026391519e-01 3.856650937810167656e-01 4.053586184058488584e-01 6.155111371955986899e-01 6.256696745881749067e-01 6.471025098637397388e-01 6.497261793723485557e-01 7.378767612587165958e-01 7.534612430087846979e-01 7.926908274380578545e-01 7.996307772932743640e-01 8.223217234765812789e-01 8.250205121332105929e-01 8.566568743821597609e-01 8.649261643979699876e-01 8.862979904204810744e-01 8.881069313622058647e-01 9.373234411997256599e-01 9.388412264587775447e-01 1.028075867470080951e+00 1.031806816434259977e+00 1.039716489414725498e+00 1.043629575647276875e+00 1.129664710374022940e+00 1.139105343131734616e+00 1.205509864783091079e+00 1.207221281949742986e+00 1.348889571419629174e+00 1.350472599476256308e+00 1.381474969940396536e+00 1.385627480330388739e+00 1.416687749926352824e+00 1.418931776392840849e+00 1.474296139769616154e+00 1.482294876241748272e+00 1.518980122889342477e+00 1.524224231268906493e+00 1.528964747109352151e+00 1.534670858035872332e+00 1.590950620105634483e+00 1.597324147164256303e+00 1.626365186299870702e+00 1.626951625370067545e+00 1.802145374599278593e+00 1.803091243781307362e+00 1.807485554829779684e+00 1.815789964595527550e+00 2.148768599458943385e+00 2.151160439812638270e+00 2.176046759221875959e+00 2.176556682367934759e+00 2.289599791142910679e+00 2.292370514131043979e+00 2.514538561273226946e+00 2.514718991191618791e+00 2.821346079209690494e+00 2.826951746243894892e+00 3.084624383241783008e+00 3.085167050654206822e+00
3.200276575006985036e-01 3.231266943718468787e-01 3.842969010449465150e-01 3.929281846330455741e-01 6.150818163107858449e-01 6.277137550603207883e-01 6.614661306619977754e-01 6.628046887966713152e-01 7.322525296525992378e-01 7.475103447942599288e-01 7.837432628322810180e-01 7.844164881141213463e-01 8.215399999126652419e-01 8.224541560607941948e-01 8.562469756765951345e-01 8.640996242229604940e-01 8.710464598469864761e-01 8.715362593559224935e-01 9.411209987332962434e-01 9.414900832285137966e-01 1.013424457573077753e+00 1.015335601602096460e+00 1.023841917737493556e+00 1.024977377666041134e+00 1.100661490199228210e+00 1.105833051780515053e+00 1.176461372780509773e+00 1.177898112469045522e+00 1.357285871921545262e+00 1.358774260809000545e+00 1.366174736188600969e+00 1.369034500002534793e+00 1.397192817340561888e+00 1.398875445719502952e+00 1.451047533607275675e+00 1.462120046143255969e+00 1.500714074206951354e+00 1.506875228786604515e+00 1.521837248161262091e+00 1.523927539618956439e+00 1.578752793635357365e+00 1.587205952350768001e+00 1.619508994707816951e+00 1.620116388483545222e+00 1.803280925697352988e+00 1.803850381535157865e+00 1.806407100122376264e+00 1.814618836697375226e+00 2.177103530802676268e+00 2.179065650068342741e+00 2.201927067781400016e+00 2.202316636057672028e+00 2.292004246880889440e+00 2.292041956739642838e+00 2.523721948715552887e+00 2.523775283024379146e+00 2.808685308958428717e+00 2.813535564503516717e+00 3.065551989522647514e+00 3.066310471956737782e+00
3.116021988576724855e-01 3.147825274933684914e-01 3.891594697116169677e-01 3.892659429672220561e-01 6.120767441432430900e-01 6.256657846695883318e-01 6.669450436156374451e-01 6.677643860546974564e-01 7.290047852271177575e-01 7.464744415108829356e-01 7.795782344681018161e-01 7.807902546104251718e-01 8.196998872207386100e-01 8.197644451783863140e-01 8.529264942015947204e-01 8.609133937637822864e-01 8.668578901500996192e-01 8.669357090091555085e-01 9.419186775132049050e-01 9.421265861998482372e-01 1.011159320414551033e+00 1.011998539209127967e+00 1.015727685315400475e+00 1.015906994988582834e+00 1.091654384823423030e+00 1.095649549312984083e+00 1.165747234134168142e+00 1.167138685450139324e+00 1.355841632636580973e+00 1.357898104090105695e+00 1.363807846632195231e+00 1.364547137786271014e+00 1.387536333351585993e+00 1.389470577975429499e+00 1.442321960575835726e+00 1.453568091164291198e+00 1.497150545256759946e+00 1.504508958987806899e+00 1.520777210202740815e+00 1.522618497542112870e+00 1.576289756142155163e+00 1.585248183783627862e+00 1.616984241288877078e+00 1.617807676842065501e+00 1.804119358949135776e+00 1.804281755211765148e+00 1.805330006827569944e+00 1.814149347003770618e+00 2.187116355564396208e+00 2.189082731500490819e+00 2.211197372812058859e+00 2.211414474996491020e+00 2.291336592416073348e+00 2.292856652859129429e+00 2.526493770387962190e+00 2.526521117526720595e+00 2.804818537273694457e+00 2.809418036101168248e+00 3.058258418840219317e+00 3.059384696443554486e+00
4.499737476226924882e-01 4.680867368860109901e-01 4.899738031260631455e-01 5.031330179838252592e-01 5.532576566984639399e-01 5.557217442831506871e-01 6.417021752189391304e-01 6.423118701679467746e-01 6.445993712938037357e-01 6.493998777653008370e-01 7.115041576035091575e-01 7.238680404360881004e-01 8.405871776396345307e-01 8.463245236558076812e-01 8.577191396181887972e-01 8.606157973816778162e-01 9.231940758879489950e-01 9.274646922179622388e-01 1.022110288970905501e+00 1.039639179998997021e+00 1.040898853986302219e+00 1.043090965685281368e+00 1.076227350718119702e+00 1.095011947661438390e+00 1.248817358058779803e+00 1.254551118793691744e+00 1.267458846022724961e+00 1.271356437561198982e+00 1.317702111539823084e+00 1.327618540363655342e+00 1.394536418242048548e+00 1.402054758176945137e+00 1.406521249879008950e+00 1.412358403713713129e+00 1.463916346191439066e+00 1.478985960598280247e+00 1.628846795414391702e+00 1.631327951065643100e+00 1.695160009826866876e+00 1.696830739768325769e+00 1.713886832989298670e+00 1.721032934987408503e+00 1.730793826288019810e+00 1.737010899040835943e+00 1.744423005148795669e+00 1.757497451003522393e+00 1.834677930478440633e+00 1.850755266867042170e+00 2.110596510146959925e+00 2.114219484760633261e+00 2.129530097116773213e+00 2.133341283782255182e+00 2.311011849000601082e+00 2.311692498816018126e+00 2.345546437238474891e+00 2.358334313165650453e+00 2.942645654983171877e+00 3.005917547881426621e+00 3.112662581035533726e+00 3.133052838186102473e+00
4.443504243664340159e-01 4.587680500413005014e-01 4.916752135997035644e-01 5.018058334653497932e-01 5.568204721159859538e-01 5.593295537521367766e-01 6.179573495212129508e-01 6.220510032175372572e-01 6.739284702949064343e-01 6.811574929434895953e-01 7.151273256809587142e-01 7.259700865024851790e-01 8.404771568602998899e-01 8.458594211915611005e-01 8.514905511376972269e-01 8.540098355295012711e-01 9.356227264657458464e-01 9.440828228970783442e-01 1.026515844458914417e+00 1.040917182272138808e+00 1.046182150969078961e+00 1.052675301376132522e+00 1.076814072213816198e+00 1.096321355583573576e+00 1.257094944927851676e+00 1.263123209971779737e+00 1.265725583615665784e+00 1.269139992291502761e+00 1.317408546801975833e+00 1.326993694324622997e+00 1.388197370357890925e+00 1.394584880328536114e+00 1.422971420340909621e+00 1.426163260790440424e+00 1.479529289090466104e+00 1.495766038343991466e+00 1.628459514874490921e+00 1.631046428856902653e+00 1.693595394100511520e+00 1.695592654513653708e+00 1.714007603986326345e+00 1.720310152981559648e+00 1.729222292266858307e+00 1.735354772891940289e+00 1.747205317971273653e+00 1.760199065969137999e+00 1.835792282115943364e+00 1.851088798939460878e+00 2.110969001568056225e+00 2.114600744349496519e+00 2.129256591058696024e+00 2.133049529022109869e+00 2.290472781021164028e+00 2.290994869556021829e+00 2.344922720744343714e+00 2.357548326797906935e+00 2.946220654578434850e+00 3.008747807529475793e+00 3.121117061433237971e+00 3.141651659134569119e+00
4.334701161284934545e-01 4.448032556153885819e-01 4.893560569729156762e-01 4.984913600518868781e-01 5.617454445842081645e-01 5.683936411915986309e-01 6.023028624110234874e-01 6.109182122031440176e-01 6.981539065804022171e-01 7.138295244054432276e-01 7.316753964883092598e-01 7.363442150426044996e-01 8.385250400061529108e-01 8.424297940081553193e-01 8.439075797103968712e-01 8.482186012306891509e-01 9.551086486034980894e-01 9.659161939919911344e-01 1.036644540871505260e+00 1.045117758820942155e+00 1.065849522913474789e+00 1.072676538943365010e+00 1.092189743801065704e+00 1.108203254770246948e+00 1.257924611634250844e+00 1.261885702157433009e+00 1.273328318141781379e+00 1.282073291862405373e+00 1.317200947829981095e+00 1.325672345547644460e+00 1.384368092892432456e+00 1.390424590244996761e+00 1.436874645178897847e+00 1.439684527282156790e+00 1.545763230069242544e+00 1.559556766262739202e+00 1.627231224811388266e+00 1.630134453112012327e+00 1.689705991323144918e+00 1.694606399500714788e+00 1.713434240111552098e+00 1.717385470594051222e+00 1.726605328701827924e+00 1.733058925897869029e+00 1.753149264405749364e+00 1.766050543667005313e+00 1.839302610280470152e+00 1.852273267532003276e+00 2.111976654459494451e+00 2.115620823362107217e+00 2.128052414850567509e+00 2.131718707200287444e+00 2.236812644213206358e+00 2.237474170074881918e+00 2.339601525799682502e+00 2.352311562308344151e+00 2.957429779353411892e+00 3.017707890310926455e+00 3.141385489108147855e+00 3.162437603146962761e+00
4.259274725510603377e-01 4.358796461098438657e-01 4.831353340671728502e-01 4.917707102819981468e-01 5.665784547329949516e-01 5.766277323867220472e-01 5.947189844179159302e-01 6.077129198361883589e-01 7.091593174778071385e-01 7.289790918997888225e-01 7.545342639762034898e-01 7.619578067912095021e-01 8.334682768545462750e-01 8.371607137547891764e-01 8.436942487943120961e-01 8.469132256531016756e-01 9.702443625496067758e-01 9.808263784556515708e-01 1.045831069483477149e+00 1.049671436012103554e+00 1.073372652611348510e+00 1.084755122824441642e+00 1.149356957621625153e+00 1.153142463865446610e+00 1.246947103473263097e+00 1.251356057252483778e+00 1.286171321371071485e+00 1.295695824587354439e+00 1.317903638286330725e+00 1.324404799021613011e+00 1.384206449199878897e+00 1.389919789086489832e+00 1.444410864165689867e+00 1.447520972120412974e+00 1.624807175451605135e+00 1.627467685632060013e+00 1.645680791125671449e+00 1.658128801300003063e+00 1.690681209675695351e+00 1.699748407514956705e+00 1.714078352471812616e+00 1.716151468432244087e+00 1.726488508846180991e+00 1.734346814498872735e+00 1.759773451763424479e+00 1.772285882884591768e+00 1.846846027293340020e+00 1.855702791887687164e+00 2.113167920163559810e+00 2.116719107387162957e+00 2.122330632008206930e+00 2.124939453355168872e+00 2.165871908460897721e+00 2.167785361163015345e+00 2.327895056948894315e+00 2.340611404323121203e+00 2.977236006911491817e+00 3.033810028937217407e+00 3.162548877891144361e+00 3.184647540851729630e+00
4.243706480609159559e-01 4.325436299144704289e-01 4.747370130600432336e-01 4.819733944469782871e-01 5.717490878591766634e-01 5.823294493424692186e-01 5.922480003138420601e-01 6.073971736458954052e-01 7.179274793404272215e-01 7.394748220301806674e-01 7.673240125021126845e-01 7.785026550282704294e-01 8.309942145275892589e-01 8.333783136474367526e-01 8.452220677721715703e-01 8.459050037549984413e-01 9.879093865892187853e-01 9.959493027386956410e-01 1.049853778205562138e+00 1.052274835718463253e+00 1.083306561189846251e+00 1.097415812779360067e+00 1.208514239533697410e+00 1.213501710272313572e+00 1.239041230392496251e+00 1.245314752710713568e+00 1.294592666043089313e+00 1.303973358584362252e+00 1.319478997098202377e+00 1.323088068351438551e+00 1.386585843545390606e+00 1.391750499142612174e+00 1.453066467912996984e+00 1.456592624590764329e+00 1.620558514848766896e+00 1.623519055509961007e+00 1.672578407239979637e+00 1.686703021667867564e+00 1.698119396928567282e+00 1.703027698313452465e+00 1.721009628019057880e+00 1.727734848569943304e+00 1.762141249325092307e+00 1.772972960033069034e+00 1.795480795639703642e+00 1.800260188234095837e+00 1.871917212495683325e+00 1.876519210929673109e+00 2.066637326763072657e+00 2.068168136661193479e+00 2.115420012685869988e+00 2.119136045863738271e+00 2.133184087636807114e+00 2.137299369663813398e+00 2.308250201895981846e+00 2.320644072172092010e+00 3.006037650214284707e+00 3.057685714472893057e+00 3.174744894225667302e+00 3.198563136730908862e+00
4.273826441307093660e-01 4.334804948361904997e-01 4.648443948020569150e-01 4.709270936187844869e-01 5.769610276658232451e-01 5.858007386850518916e-01 5.920175552474804537e-01 6.073035505692508940e-01 7.273181784015133600e-01 7.505282788332025001e-01 7.676551761522901751e-01 7.823184254617545630e-01 8.298643296410007641e-01 8.326427211639081394e-01 8.436757038823267107e-01 8.446219459699256804e-01 1.007085297667048129e+00 1.011994508438596618e+00 1.048023349806491034e+00 1.050920363092956444e+00 1.103146982356111083e+00 1.116508013531257726e+00 1.205626130414820585e+00 1.211161767529167488e+00 1.284155934465213589e+00 1.288664010950938410e+00 1.301658218225873132e+00 1.313411869228038320e+00 1.323364982581865634e+00 1.325550756682642994e+00 1.388788314096196741e+00 1.393865497251241425e+00 1.470551918120607038e+00 1.474600068882832238e+00 1.611976635463041152e+00 1.614107886804075243e+00 1.673664713753253874e+00 1.687894734980340150e+00 1.692248607792247395e+00 1.698775876868100720e+00 1.725449057314418111e+00 1.728979535203958307e+00 1.762848693629060159e+00 1.773711219633687941e+00 1.832068360022585329e+00 1.839692890956029947e+00 1.960864867685943258e+00 1.964140428336646371e+00 1.990252939710129620e+00 1.993105825540320897e+00 2.117187724977485974e+00 2.120933656612918217e+00 2.128611633748696885e+00 2.132679883445925295e+00 2.277704368624885234e+00 2.289197796571347254e+00 3.042576411179253260e+00 3.088523081416328697e+00 3.172321602637647509e+00 3.198678360271155707e+00
4.329949921162558613e-01 4.376525522760922327e-01 4.541695914630591302e-01 4.609370871200519360e-01 5.810568703318433892e-01 5.877813563213025727e-01 5.919753468410607899e-01 6.070221786703787759e-01 7.366600150315973927e-01 7.614246898557481824e-01 7.620648112962330467e-01 7.787957477982093701e-01 8.307112265967225850e-01 8.340131453645285298e-01 8.396557657977710143e-01 8.413459634298596779e-01 1.022979593147227861e+00 1.025625931114734435e+00 1.043034529600203708e+00 1.046332846755632762e+00 1.129273550813169269e+00 1.140392633142425005e+00 1.183368863718085695e+00 1.190490155310254261e+00 1.302444262576175182e+00 1.303801362245918360e+00 1.309834052131474413e+00 1.314679633193766239e+00 1.351295204808072192e+00 1.356082399267613869e+00 1.386680573006803696e+00 1.392124484818886954e+00 1.506916327333399419e+00 1.510576390190112583e+00 1.592715997003676387e+00 1.594343942340221476e+00 1.675054638537439189e+00 1.684394677143030483e+00 1.688857629127525684e+00 1.696018847008514019e+00 1.733296953280175634e+00 1.733882714705952122e+00 1.756249623334083410e+00 1.764860814331404182e+00 1.847049532525895765e+00 1.851137596496885251e+00 1.913472454705503978e+00 1.918895556233372268e+00 2.076202014964922959e+00 2.079289095885747507e+00 2.119229123492465838e+00 2.122855894048511605e+00 2.126719669545715785e+00 2.130635783605563827e+00 2.232369592447331463e+00 2.242020869238384506e+00 3.083230841698119118e+00 3.123326203141612023e+00 3.154164204634143154e+00 3.183988922996569659e+00
4.375130988903687124e-01 4.425625035347071079e-01 4.459407495967032675e-01 4.559220432942778789e-01 5.826305192444617420e-01 5.886776904325746740e-01 5.916542680062033543e-01 6.068799145313993337e-01 7.420174374436208087e-01 7.575080965614298112e-01 7.703945373363220162e-01 7.722974891622383931e-01 8.333822201692804299e-01 8.348595405458171248e-01 8.370041969535756410e-01 8.381755066196658888e-01 1.032448167050315169e+00 1.033189840059554054e+00 1.037042094681319915e+00 1.041863046572109708e+00 1.155347390773880267e+00 1.158693680974551166e+00 1.162687899143852954e+00 1.169720571686278188e+00 1.304840014703614326e+00 1.307568138353156995e+00 1.310982933956281737e+00 1.311722572531493824e+00 1.369623430196157399e+00 1.380233798024751657e+00 1.381126897917604790e+00 1.382075699316828832e+00 1.550975867743980441e+00 1.554529341059549541e+00 1.559266589266482761e+00 1.561332838437792914e+00 1.677806229247751135e+00 1.679491115812115964e+00 1.688443375502179267e+00 1.695415577121614614e+00 1.742036995803961874e+00 1.744518949691183485e+00 1.746966728226510002e+00 1.750805309005973864e+00 1.859998462697164623e+00 1.866391582789749481e+00 1.876240698378589089e+00 1.885437348547771119e+00 2.119868625383552807e+00 2.120564887455366421e+00 2.123721933352177516e+00 2.124402651006213283e+00 2.159394983082947750e+00 2.166929020823511909e+00 2.178247597127859425e+00 2.180584659857525587e+00 3.119457132794445364e+00 3.125731663149159179e+00 3.156148108792556695e+00 3.158198846535825499e+00
2.332137059960960879e-01 2.698320182597078731e-01 4.821111416794621740e-01 4.985755228471279166e-01 5.561060633684451471e-01 5.657831734073577312e-01 6.040642757036613908e-01 6.289105778352718223e-01 7.027845923484888901e-01 7.084657132104446031e-01 7.675610466178263147e-01 7.972508916411238378e-01 8.694857424274298197e-01 8.751599479348511901e-01 9.265090229872775529e-01 9.294468808417626349e-01 9.726132097061584991e-01 9.765699015342245159e-01 1.050545424960479535e+00 1.051446240395449649e+00 1.122206687816313719e+00 1.122628385140024276e+00 1.137088213490985433e+00 1.142893264413649579e+00 1.304353831569895483e+00 1.309094004218766871e+00 1.328532048659808007e+00 1.330224929164735892e+00 1.378754486660117573e+00 1.387612668383276349e+00 1.500948017183111327e+00 1.507006254577335946e+00 1.536489441652589161e+00 1.539003675074893662e+00 1.558919921700820055e+00 1.562204883441177916e+00 1.627190540574998456e+00 1.656865624669476178e+00 1.682303540868536951e+00 1.688392579823624784e+00 1.691934748440862446e+00 1.696600522704301728e+00 1.771524893848621662e+00 1.771831527107019744e+00 1.857481909095630046e+00 1.861899281099941739e+00 1.870717131833770086e+00 1.875822426436088097e+00 2.102818351991996515e+00 2.105803033963417725e+00 2.120003678505202771e+00 2.123361319046001672e+00 2.167765016868338890e+00 2.174678217706807803e+00 2.194973456147985669e+00 2.198468549233563163e+00 3.082997976497981352e+00 3.092075547910888123e+00 3.118417433815702910e+00 3.130106891710697337e+00
2.349523857025060114e-01 2.695788502168227074e-01 4.857151064436004417e-01 4.997312777927317429e-01 5.538090379058813184e-01 5.635057061814635615e-01 6.034145951410720965e-01 6.269157230046227269e-01 7.062056942134126158e-01 7.110372642130550203e-01 7.667590721072886639e-01 7.957208124410838357e-01 8.677084244315820261e-01 8.736075559710053673e-01 9.274163238715816826e-01 9.305444567222560526e-01 9.723288738805071496e-01 9.761298493823129530e-01 1.050052526832532473e+00 1.050760674633386182e+00 1.102827159980418248e+00 1.107842634783202218e+00 1.153228707581423373e+00 1.157833583385869947e+00 1.288554066070564774e+00 1.292645569542933082e+00 1.332672183441113267e+00 1.334315800347359859e+00 1.377750268777514053e+00 1.386571957389045373e+00 1.460041346772420034e+00 1.465005048958449407e+00 1.531302638513970527e+00 1.536112634697459622e+00 1.576367509579239545e+00 1.579907259433525057e+00 1.627950525026279793e+00 1.656949625401092252e+00 1.675633969601448836e+00 1.677314937357178959e+00 1.702526765498359129e+00 1.703606126027791268e+00 1.768434128471796818e+00 1.772270588461586138e+00 1.858764353113666168e+00 1.860763197236206645e+00 1.908828732055451338e+00 1.913027100874180153e+00 2.062966345911241284e+00 2.068006585534555075e+00 2.110131573142989492e+00 2.113641871275240725e+00 2.124530686071259833e+00 2.128345002225218607e+00 2.252651857133430635e+00 2.263746862578339236e+00 3.037885522112808268e+00 3.079675665879110014e+00 3.129617189185258219e+00 3.158898029374385352e+00
2.396553676159746959e-01 2.735737464226943860e-01 4.886115809275641264e-01 5.023607759890290625e-01 5.511682806495252773e-01 5.606835307488556852e-01 5.993341718085393177e-01 6.189457174565372588e-01 7.161382809934825344e-01 7.196075020912061637e-01 7.642364733290245571e-01 7.910477089694650799e-01 8.624393939529007014e-01 8.688858246552481068e-01 9.301636919943003790e-01 9.338505157449498162e-01 9.711942770115098433e-01 9.745180855533128739e-01 1.047966826343326163e+00 1.048331968067274467e+00 1.078889661151430035e+00 1.086546102981565287e+00 1.171987031838685134e+00 1.174798803518342094e+00 1.240331165989196682e+00 1.242884729925269660e+00 1.336172935662513384e+00 1.338858269636992393e+00 1.372212010907065016e+00 1.380751373122792725e+00 1.408675856673582416e+00 1.411226391389063028e+00 1.525563678828667280e+00 1.533038833947511170e+00 1.590290852996629534e+00 1.593886775371338826e+00 1.629873844760947987e+00 1.657173350220153107e+00 1.669816786572597689e+00 1.672695342615858838e+00 1.707570068570296806e+00 1.709427071045023672e+00 1.762333837949813686e+00 1.767653552716566434e+00 1.857734216967589447e+00 1.859972344705511427e+00 1.928523757108495662e+00 1.932329381760409470e+00 2.000182106846604579e+00 2.001761531918189174e+00 2.108738838712576502e+00 2.111785200921086236e+00 2.122257800230105573e+00 2.125752034189342332e+00 2.300112533197465225e+00 2.312526985771680810e+00 2.988738842782832972e+00 3.038868895076766830e+00 3.151921260424931148e+00 3.176819433652215974e+00
2.507596207494611207e-01 2.884283686660715218e-01 4.821768317625193534e-01 4.983653727918878618e-01 5.502810646457441113e-01 5.654401366814462149e-01 5.925577534685987358e-01 6.066206969182994513e-01 7.309328820977837315e-01 7.338351303604214726e-01 7.595514434281136484e-01 7.829932741746196134e-01 8.537512036861898412e-01 8.605885378391435747e-01 9.346435941351421972e-01 9.392741988710723300e-01 9.683561734682983868e-01 9.709866017250825543e-01 1.039432473575320870e+00 1.042757848817571498e+00 1.057415931988006541e+00 1.067947191690298281e+00 1.151594746809066816e+00 1.154880142015260125e+00 1.197375007466513930e+00 1.202189791999269453e+00 1.331021354223526965e+00 1.337060073488946177e+00 1.360702798535649238e+00 1.368250206220168463e+00 1.391276304414483356e+00 1.395047655253461860e+00 1.516916691506604797e+00 1.526923506529773045e+00 1.597126118605010969e+00 1.601284406954302852e+00 1.632677324004162100e+00 1.657250578458757451e+00 1.666085779221885943e+00 1.670542276019656436e+00 1.705882086528916375e+00 1.708835404737756525e+00 1.745794412381827865e+00 1.749696397354702615e+00 1.781549897591512277e+00 1.791163704675063695e+00 1.864175083990699644e+00 1.867108765860905129e+00 2.097425497015971807e+00 2.099241939453575068e+00 2.110402591045242637e+00 2.113411051041592437e+00 2.121136826221274863e+00 2.124798366323197740e+00 2.329216708657190882e+00 2.342240024400017440e+00 2.948132035027214215e+00 3.005825167499207584e+00 3.153546307508353852e+00 3.175105305369555708e+00
2.760355486702087413e-01 3.138560347150919361e-01 4.682536920957156013e-01 4.880099732540427726e-01 5.398070851809489978e-01 5.610312689244520978e-01 5.953706984996951501e-01 6.110665988306852592e-01 7.475006982795302513e-01 7.494038565399168128e-01 7.534184691950245316e-01 7.711606631783625154e-01 8.410521845516928385e-01 8.471288220761967747e-01 9.400644167429671461e-01 9.463548247548113634e-01 9.614949476784042659e-01 9.631546464967808419e-01 1.009881292177182033e+00 1.014882326624673370e+00 1.041740412102519109e+00 1.052052735446749043e+00 1.097613418573401889e+00 1.099197861384533903e+00 1.208993792969944581e+00 1.212403598245637593e+00 1.318726414594087126e+00 1.326230983290709764e+00 1.355983176474353735e+00 1.364162641744727011e+00 1.380173290155623844e+00 1.384300100961509905e+00 1.503092795663163672e+00 1.511603042072449332e+00 1.578503261235043587e+00 1.591629410209602247e+00 1.625089275105100484e+00 1.631549238056588358e+00 1.641398500714244646e+00 1.659860210075763121e+00 1.672167302028053637e+00 1.681517083355415387e+00 1.718614548933236286e+00 1.724648938733520431e+00 1.752093311247968410e+00 1.760138854273877174e+00 1.862524648555473616e+00 1.867401098870206111e+00 2.110061919519769624e+00 2.113090123936314679e+00 2.118843298375535422e+00 2.122169667332159726e+00 2.192276274715962092e+00 2.194018676070786711e+00 2.345409077507282003e+00 2.358352774816979025e+00 2.919913399098151618e+00 2.983309123913343353e+00 3.138359380634869300e+00 3.157852789918109693e+00
3.103009134265669045e-01 3.445473879654142313e-01 4.499391736121944319e-01 4.804832263639876033e-01 5.197506769254935932e-01 5.395244476504340581e-01 6.197776232247246275e-01 6.343531729630866867e-01 7.358172309736512595e-01 7.507211792632288994e-01 7.678836005719383850e-01 7.716077215192310712e-01 8.220517532909724645e-01 8.248962699752506733e-01 9.338884604265024203e-01 9.372101557168861508e-01 9.506765707154541944e-01 9.546007967388182580e-01 9.760552495601908518e-01 9.775885560003596542e-01 1.035490288808442294e+00 1.044992977470361462e+00 1.082375855740160597e+00 1.084937400603360302e+00 1.222898442203939506e+00 1.225292674184325747e+00 1.303576406632203755e+00 1.309914745631097555e+00 1.344364089997870826e+00 1.349275521852172810e+00 1.358694143695885925e+00 1.368593387656179328e+00 1.473999257450864464e+00 1.486986488464293377e+00 1.534451067210268693e+00 1.546128688582552035e+00 1.617300697600181358e+00 1.620155239178196149e+00 1.644980387861147753e+00 1.660333529694406840e+00 1.669223671330851255e+00 1.680425336737036535e+00 1.720859852083466812e+00 1.726464271442718523e+00 1.743468784531935656e+00 1.750628011897596981e+00 1.862304638271427892e+00 1.868050121002981623e+00 2.111313095514342209e+00 2.114468355885179118e+00 2.117221114027289630e+00 2.120742342038267392e+00 2.260706526298720931e+00 2.262191260887177258e+00 2.352233249914471358e+00 2.364506037495240687e+00 2.904098845381085869e+00 2.970902523209389301e+00 3.118231560908533595e+00 3.136935202639399289e+00
3.282722208276873666e-01 3.626009669454026141e-01 4.377110921725244630e-01 4.769456812592255956e-01 5.083835165629215780e-01 5.303920086629291264e-01 6.392839756214131475e-01 6.515322570525196033e-01 7.221975276262311283e-01 7.371113985631592147e-01 7.834607748844811814e-01 7.865007475779732804e-01 8.022870919054723160e-01 8.051333318840069309e-01 9.164473616992651062e-01 9.195747866925625402e-01 9.529852480754711364e-01 9.601177812413833612e-01 9.683223070824472645e-01 9.687395661835601635e-01 1.033897519715201385e+00 1.043821880353962950e+00 1.080107398540374630e+00 1.082836554861409395e+00 1.233757827498116910e+00 1.234912747721766735e+00 1.287438117280502281e+00 1.289516573920443943e+00 1.327142635905155243e+00 1.334921615498865011e+00 1.356916671006170194e+00 1.367399964412558289e+00 1.461545849292685162e+00 1.479607112027936378e+00 1.522429555485291131e+00 1.538180526915468027e+00 1.616909287327066069e+00 1.620795980297473626e+00 1.647799612143700410e+00 1.660764904590153357e+00 1.668158964677277201e+00 1.680796029855671891e+00 1.722765435101063280e+00 1.728321124723064317e+00 1.739490318353338782e+00 1.746643569236859594e+00 1.862275414912675453e+00 1.868289600325140132e+00 2.111942696937176844e+00 2.115526737290037484e+00 2.116025677606611755e+00 2.120038135771316057e+00 2.287043449493075808e+00 2.288960545382106471e+00 2.353076214026963875e+00 2.364996867499449262e+00 2.899119033718977168e+00 2.967060821723940034e+00 3.108855374612141897e+00 3.127476550450122961e+00
2.348459311665840044e-01 3.232469143464059558e-01 4.891921583207247681e-01 5.112284968917105710e-01 5.172036116778273573e-01 5.186422992297299306e-01 5.968871966186318767e-01 6.117633166296140290e-01 6.476363281289506668e-01 6.615887653699203952e-01 6.738429691829924684e-01 6.974469900606438122e-01 7.402939532192297500e-01 7.568584236694719802e-01 7.689712332392820704e-01 7.758801493123682613e-01 7.799249095487226224e-01 7.854858518257061828e-01 9.634276512233223011e-01 9.655088756658144478e-01 1.011206608403136364e+00 1.017550276148726951e+00 1.023524250243461386e+00 1.026319536839125579e+00 1.048006794655516938e+00 1.056202192404644524e+00 1.092473383326442837e+00 1.109034274843323953e+00 1.228902205693209737e+00 1.247499549236046112e+00 1.252028680523179505e+00 1.260646300619572058e+00 1.368245157574171866e+00 1.373872642945853206e+00 1.423659577527125020e+00 1.431092578869160414e+00 1.478359387787586909e+00 1.484560935233470769e+00 1.496360588838864913e+00 1.500977681159340715e+00 1.520397155887879714e+00 1.521933091396318938e+00 1.566225172399657195e+00 1.580526520342504959e+00 1.676706407321332248e+00 1.687640958126687574e+00 1.734735569859848336e+00 1.748264340394796612e+00 2.246827211834635740e+00 2.248195811418816970e+00 2.281905137288924745e+00 2.284929410001104610e+00 2.365675270513796224e+00 2.369900359209577090e+00 2.566285528532531668e+00 2.567623390435167519e+00 2.966813343231542888e+00 2.984106367260848991e+00 3.050974067647507226e+00 3.069506054742280554e+00
2.390947973552779715e-01 3.258239331374299663e-01 4.758689290864618893e-01 4.984484903673657707e-01 5.146291369062109267e-01 5.186720047668698097e-01 5.920229241433412337e-01 6.075628578999124896e-01 6.276461596486747618e-01 6.510853184225945389e-01 6.976822870467574988e-01 7.227303381133245441e-01 7.511885579618917674e-01 7.594787077986779877e-01 7.679567926862049809e-01 7.778604094198928731e-01 7.813517116670687379e-01 7.978456672848102116e-01 9.628029633253670783e-01 9.652379835932244356e-01 1.012257493284200560e+00 1.019194041137239770e+00 1.023358353425736444e+00 1.028808120796017578e+00 1.061335558721787420e+00 1.068551836787180465e+00 1.096163097189793989e+00 1.111733230594515343e+00 1.229662554499337368e+00 1.247774004812507442e+00 1.255201786418481458e+00 1.263012713817579957e+00 1.375674704282186633e+00 1.377928139884029068e+00 1.432077454361118996e+00 1.436598949219580534e+00 1.478433412968440663e+00 1.484386456347156935e+00 1.500578981795506195e+00 1.504480209497563559e+00 1.520283219010070352e+00 1.521926369909903931e+00 1.579724482220236981e+00 1.590130620388960914e+00 1.676287471511741956e+00 1.687071480983242777e+00 1.736875010796788299e+00 1.749889290718305235e+00 2.248336768608189207e+00 2.249721465384903585e+00 2.264435641414137557e+00 2.266864629778849505e+00 2.362223403511481745e+00 2.366429737563903846e+00 2.564930095399091226e+00 2.566378971856044799e+00 2.968062171163949881e+00 2.985429200261842109e+00 3.057211377599748481e+00 3.075797613223319793e+00
2.503503620124234441e-01 3.330101759472952061e-01 4.471278456714068428e-01 4.616026780659491235e-01 5.150555727418927310e-01 5.159000541260333472e-01 5.910385464302821967e-01 6.067410388557428202e-01 6.166856108979370532e-01 6.349208698170498710e-01 7.148612974421760802e-01 7.311622515715369142e-01 7.546786483681908742e-01 7.604555695967210038e-01 7.736825274050269652e-01 7.781362942534699734e-01 8.219249631434207837e-01 8.353647466160069035e-01 9.615245644941803338e-01 9.650840433422099851e-01 1.012517246197030873e+00 1.020617583890163216e+00 1.023951910888509786e+00 1.034069119723904473e+00 1.097983666522838631e+00 1.103246672667107742e+00 1.111014999502262901e+00 1.120744295367597232e+00 1.231879904444834528e+00 1.248600184452475004e+00 1.260460013264082635e+00 1.266926617514224862e+00 1.376524673705743718e+00 1.380180452855082729e+00 1.454627254474282871e+00 1.456793723827206399e+00 1.478688344700247459e+00 1.483912779415600625e+00 1.511287671394006660e+00 1.512804830949147528e+00 1.519954070014953862e+00 1.521868808979189858e+00 1.631174442012976122e+00 1.633683476373138932e+00 1.674876680390159800e+00 1.685236653085887548e+00 1.747108387294762144e+00 1.758085928171441159e+00 2.213661410914086858e+00 2.215334086855917928e+00 2.252944331178104775e+00 2.254248697342523311e+00 2.355017931023205335e+00 2.359052831493241076e+00 2.559283855646306005e+00 2.561022901005515440e+00 2.972121473023590976e+00 2.989719950553687777e+00 3.071934327764129780e+00 3.090693017593548753e+00
2.650441542767737468e-01 3.429395003942050657e-01 4.165670933258156516e-01 4.273795988517959943e-01 5.111684981253505899e-01 5.155720743047521593e-01 5.905840496582710486e-01 6.061289305194820232e-01 6.165073205746378626e-01 6.232063833108724138e-01 7.122802962293321993e-01 7.232668473983268065e-01 7.515372303436024248e-01 7.652192909863739789e-01 7.760493018009158028e-01 7.777231986728335711e-01 8.731416528136597410e-01 8.815253065972513680e-01 9.606368680167374219e-01 9.655745618523882134e-01 1.010830724505427103e+00 1.018229709431247798e+00 1.026483434162715147e+00 1.038633559810578699e+00 1.122790327766107099e+00 1.137230645090021364e+00 1.156758529128828039e+00 1.163953788858377525e+00 1.235347952878490307e+00 1.250052357379388024e+00 1.264928479847920340e+00 1.270091457232402465e+00 1.367557381942428263e+00 1.373008706493574982e+00 1.471973659449179239e+00 1.472557790648609144e+00 1.479231518822273994e+00 1.483236138067664189e+00 1.518197040397350595e+00 1.519369557494536727e+00 1.521628535351454037e+00 1.525159733953941998e+00 1.671922814818099345e+00 1.681528994560565815e+00 1.696014563000735720e+00 1.708848604894621648e+00 1.797574403433961354e+00 1.804423116956295869e+00 2.138123170148474195e+00 2.139598430760906389e+00 2.260185938062170052e+00 2.261596070329392028e+00 2.346511285382216094e+00 2.350026548252382330e+00 2.546301452945725963e+00 2.548426775442591108e+00 2.979774852267484508e+00 2.997775429335060693e+00 3.086531317558762311e+00 3.105579767984397055e+00
2.798114690106534574e-01 3.526230820331067717e-01 3.887809298788974521e-01 4.044527240974365445e-01 5.085208541865314791e-01 5.170490945373770186e-01 5.810467298330663777e-01 5.959119945313824385e-01 6.219133360783400954e-01 6.265632203087722063e-01 7.007670223609835380e-01 7.107586323099459591e-01 7.498187896597566793e-01 7.690679080951561275e-01 7.765653492402017077e-01 7.789242845062052112e-01 9.119960177245027833e-01 9.187264943195905254e-01 9.604598354140337912e-01 9.666376265997793649e-01 1.009174685699318452e+00 1.016047999936342983e+00 1.026752269399427320e+00 1.039707295192374925e+00 1.146826283908625399e+00 1.160107857973079248e+00 1.213233872694241544e+00 1.223217885401911564e+00 1.239777940188144800e+00 1.252545185485171242e+00 1.273797673534885488e+00 1.277677715259005975e+00 1.362541934856434267e+00 1.368746134584799101e+00 1.477679620097170021e+00 1.479829098139180177e+00 1.480686387746726229e+00 1.482927441049326056e+00 1.517674821250445616e+00 1.520752225419660153e+00 1.526672110176773955e+00 1.534886496235210007e+00 1.666277310126787148e+00 1.675196530108342685e+00 1.722593116958734516e+00 1.735204844202875574e+00 1.926694057857253339e+00 1.934735241305721942e+00 2.048591956720788421e+00 2.050423987693581029e+00 2.269834623655146988e+00 2.271700548088350313e+00 2.336609991383161056e+00 2.339254444490819651e+00 2.522676578500294031e+00 2.525195342005102539e+00 2.991869534820830623e+00 3.010421865489329551e+00 3.093438868898557459e+00 3.112856586324498132e+00
2.933850329067337337e-01 3.597017590079901739e-01 3.649482362294002025e-01 3.895114171719401552e-01 5.099698475911591533e-01 5.214774585561867681e-01 5.670374393597541474e-01 5.809544005702865777e-01 6.284811857369807520e-01 6.370108665061071651e-01 6.876730874750853761e-01 6.978489328502999189e-01 7.480692031411289022e-01 7.712857279234861529e-01 7.761095970626470386e-01 7.815763362407385229e-01 9.370642441540623091e-01 9.436276765151657697e-01 9.606784188329341445e-01 9.678936240828284188e-01 1.008974837599388996e+00 1.016056530261167046e+00 1.024629082183816209e+00 1.037160217259462280e+00 1.173531716604378605e+00 1.186154135742089721e+00 1.235333068313112292e+00 1.243659377141360434e+00 1.246023754872098044e+00 1.256193902205034574e+00 1.286454817864373990e+00 1.289660097928239102e+00 1.392594254244542418e+00 1.398681121259437887e+00 1.479011214803127361e+00 1.480874787689658856e+00 1.481402282907720025e+00 1.484321761258764694e+00 1.514985039217063179e+00 1.518657688881907442e+00 1.538087535017074625e+00 1.546435533322564337e+00 1.655458224305815573e+00 1.663662254468100787e+00 1.738345201227316394e+00 1.748916750729657243e+00 1.954783120940556174e+00 1.957233721989730890e+00 2.075234038345392662e+00 2.084600784400548523e+00 2.281841667467636725e+00 2.284858248149421289e+00 2.325059015150706898e+00 2.326504065050435166e+00 2.484363252028956914e+00 2.487096630257878083e+00 3.008784837691421465e+00 3.027946893198556033e+00 3.089130266164771488e+00 3.108925980055466720e+00
3.061418116849370374e-01 3.449572577478529078e-01 3.644651340628893288e-01 3.792236913610186888e-01 5.159912552302968747e-01 5.283465934561009103e-01 5.522460253961520849e-01 5.677035868286599563e-01 6.356448935345564433e-01 6.455415546862265375e-01 6.778781798206672260e-01 6.863226227830117043e-01 7.466400518213942572e-01 7.723472996130954504e-01 7.759120946168103217e-01 7.836191855648465543e-01 9.510581509742027650e-01 9.572355925528476250e-01 9.606381603797149449e-01 9.688808927549734662e-01 1.011083737016588602e+00 1.018904244969966566e+00 1.021155424587628868e+00 1.032087171982268403e+00 1.199733790441497305e+00 1.211697674007108372e+00 1.233929449847368298e+00 1.244252001458615808e+00 1.249945713681399839e+00 1.260694143771814213e+00 1.277265595091966466e+00 1.281647053518304880e+00 1.453131077645286817e+00 1.458613755348067365e+00 1.479604886780741868e+00 1.480566726407759326e+00 1.482217248095900830e+00 1.484378792581475093e+00 1.509126739548121376e+00 1.513248391322536079e+00 1.559288524284693445e+00 1.567343935137161637e+00 1.634518403543286258e+00 1.642062998794151740e+00 1.760407801081850243e+00 1.768648802630920169e+00 1.867701819047411060e+00 1.871026134604727664e+00 2.206321334772816556e+00 2.217768507018677671e+00 2.298129974100139528e+00 2.303932191932457574e+00 2.311550912564791282e+00 2.311907347711741334e+00 2.427169430657336591e+00 2.429335032438323605e+00 3.029877065439156691e+00 3.049534498261668780e+00 3.074406798775387362e+00 3.094495710117761256e+00
3.146246489628212184e-01 3.337957876080316355e-01 3.673040382205337573e-01 3.741449201780748801e-01 5.210576137718762046e-01 5.333464880220680771e-01 5.433003243405980509e-01 5.614855047922058251e-01 6.396572524099415347e-01 6.482527352140733390e-01 6.759635855569433582e-01 6.795637502787758022e-01 7.461037751445921407e-01 7.726630940656130653e-01 7.758653896161303853e-01 7.843680183084342783e-01 9.563123755733500264e-01 9.592945278954775334e-01 9.619120260707094694e-01 9.692369351134564326e-01 1.014294126684522679e+00 1.016632400854799334e+00 1.024430345442898238e+00 1.026778661059789322e+00 1.220632649361671040e+00 1.222081724473040421e+00 1.228801821478842093e+00 1.236747424388882077e+00 1.257059657447496814e+00 1.264000271970345812e+00 1.268296211447969002e+00 1.270880258270555618e+00 1.477709409933407825e+00 1.480470668694981118e+00 1.481885573028697500e+00 1.483624229652066084e+00 1.490624597622505210e+00 1.497298919675444262e+00 1.497736016837478035e+00 1.500129316737465190e+00 1.594430765439159625e+00 1.601467584894044949e+00 1.604578042592274434e+00 1.606433315068948930e+00 1.798476313909969759e+00 1.802309780786196969e+00 1.804565769269117936e+00 1.808121827680026383e+00 2.278877504706458446e+00 2.287329555499279632e+00 2.292417235676588394e+00 2.293356759360285047e+00 2.350688324728240630e+00 2.352120568107179732e+00 2.352525799754950686e+00 2.354703586322526743e+00 3.051866826940621724e+00 3.054229168107242209e+00 3.070835371654336399e+00 3.075313967495980183e+00
