-1.737805468484416305e-01 -1.642705244016412144e-02 1.948222896040870122e-01 1.158379423065682756e+00 1.160143056831377972e+00 1.169016070628898563e+00 1.170031937198649397e+00 1.819917253315516348e+00 1.821809041049518685e+00 2.060424587862968338e+00 2.066728304611413325e+00 2.233731364837776567e+00 2.235818522797220265e+00 2.236946538362111880e+00 2.247527728893491172e+00 3.304006778822449863e+00 3.304349108592346429e+00 3.440245732330914130e+00 3.920990187583246023e+00 3.938142288387865619e+00 4.024691306631768661e+00 4.030843523463107481e+00 4.042937116988890800e+00 4.044054904832462327e+00 4.733472521047680459e+00 4.810678883714674114e+00 4.811898752897767473e+00 5.032320643415752137e+00 5.469644597750318304e+00 5.474134438778329503e+00 5.738801605649371140e+00 5.739216632480479419e+00 5.741902832160474368e+00 5.743872082092706499e+00 6.093066860937698337e+00 6.096257540210800130e+00 6.276020018125122668e+00 6.277465124897481097e+00 6.301438651914825329e+00 6.302087372282122679e+00 6.312346170381972321e+00 6.313072109502690488e+00 6.534425968979488353e+00 6.631832432781243014e+00 6.645344464606351309e+00 7.256154724205219786e+00 7.256763430432799034e+00 7.261909450758868623e+00 7.263460813180034670e+00 7.411825829989708403e+00 7.480476749998942410e+00 7.481532669209383535e+00 8.860121468900928221e+00 8.860822403021389349e+00 1.415014067470851344e+01 1.416082992920972750e+01 1.447689117179985629e+01 1.447699742280668289e+01 1.448643134442887792e+01 1.448893258889589220e+01 1.520204525786670757e+01 1.520320359338734839e+01 1.524997925026474554e+01 1.531242476027490262e+01 1.531264937849688756e+01 1.532089320685702560e+01 1.532308343657701677e+01 1.545436513567996428e+01 1.548966423359287070e+01 1.549788797760628256e+01 1.661766558217358991e+01 1.661817219741350371e+01
-7.288065401485469552e-01 -3.906610953940569675e-01 7.003203701565747785e-01 9.202594662900707156e-01 1.029221442383116969e+00 1.301026254827152506e+00 1.367809027452464798e+00 1.693120930625931608e+00 1.754702400662836448e+00 2.065622108516483202e+00 2.123173933102384670e+00 2.233162868609178897e+00 2.253845266930713631e+00 2.321123830560591461e+00 2.347172304236213147e+00 3.298141328173812781e+00 3.314236474931949061e+00 3.441885280973491223e+00 3.919591732403763906e+00 3.944623911526907278e+00 4.014674054058278152e+00 4.033164997996253831e+00 4.048952794985506642e+00 4.056052576453144098e+00 4.736538376460334376e+00 4.809859562260760946e+00 4.820646066145072517e+00 5.023565476760159854e+00 5.395599874137871232e+00 5.518191940050698463e+00 5.690431554322933572e+00 5.714038638969508810e+00 5.756939478152868439e+00 5.771255255921552418e+00 6.080218980569769727e+00 6.086714588670173676e+00 6.214089458235231511e+00 6.266544937432457552e+00 6.296089915764167877e+00 6.313124831548025284e+00 6.325458702222963581e+00 6.366055414153620085e+00 6.536524002641400877e+00 6.626617153541573657e+00 6.657534433042169297e+00 7.206023069072443832e+00 7.233519232894608741e+00 7.302975616342906484e+00 7.319340451135217585e+00 7.415283222004113384e+00 7.448575997744425692e+00 7.572931410997796320e+00 8.816954994060905548e+00 8.882161094117488886e+00 1.415068420029545493e+01 1.416435974078399340e+01 1.444529016014227629e+01 1.445650290171193930e+01 1.449436422053930862e+01 1.451799645646596204e+01 1.514842572649888552e+01 1.518761646048737468e+01 1.520882490026102651e+01 1.529557740031089352e+01 1.535004648133763894e+01 1.536838847112558071e+01 1.538295404333865868e+01 1.546407052796967463e+01 1.549829412952691854e+01 1.552843816882709937e+01 1.661171466719357426e+01 1.661485639256444458e+01
-1.015134322496374031e+00 -7.599622072205843848e-01 5.424169318204150603e-01 7.807806780212637188e-01 1.035290206198400620e+00 1.357940465390387486e+00 1.436786074711892791e+00 1.579893246712474442e+00 1.725076562397906965e+00 2.089526233807563749e+00 2.230404695382503188e+00 2.255960658614027281e+00 2.313284625353352553e+00 2.456618659243271274e+00 2.527290843113755514e+00 3.286245300908574585e+00 3.326363396076317702e+00 3.453858511619616323e+00 3.918285342722288345e+00 3.953090942758326509e+00 4.000108264115649348e+00 4.042430171714026521e+00 4.066002773221017996e+00 4.080062125611578772e+00 4.740140407151850255e+00 4.807140598032499490e+00 4.850008565147713391e+00 4.996429642292686601e+00 5.326295303626849886e+00 5.501863429281345752e+00 5.630630818787706104e+00 5.692066930592280194e+00 5.743295612579697895e+00 5.785353172320570891e+00 6.035080902144395409e+00 6.060778407905778487e+00 6.145859520034927748e+00 6.260952455490761182e+00 6.278267508529175700e+00 6.327906748276895144e+00 6.354384461635558701e+00 6.417368168508589044e+00 6.541466333440639325e+00 6.622559091947255006e+00 6.681594551898539791e+00 7.179234073089352464e+00 7.226908660962291009e+00 7.309682570082008723e+00 7.375350444094426194e+00 7.428732556619991101e+00 7.539038202094806351e+00 7.688351382755366004e+00 8.752081741940809678e+00 8.882737481953943970e+00 1.415443781234319331e+01 1.417398999548263916e+01 1.440477188192955360e+01 1.442609268878486972e+01 1.449727681320255712e+01 1.454784215672024317e+01 1.507419224880922926e+01 1.514142805718560858e+01 1.519081839177523818e+01 1.527430778640092512e+01 1.538240532997532739e+01 1.543818660095253570e+01 1.547586441321980111e+01 1.549707767963458060e+01 1.553400077710432470e+01 1.561345842868113287e+01 1.659582923025357459e+01 1.660380293945941688e+01
-1.225374925138190907e+00 -1.052281490999554370e+00 -4.129604031538078868e-01 5.794154692699848841e-01 9.151170548254710102e-01 1.195934423885406828e+00 1.516604936770185930e+00 1.665902161951340998e+00 1.861080961157945080e+00 2.133950773318826322e+00 2.289459746626203884e+00 2.327929202485547133e+00 2.429560452983721142e+00 2.590868491424336728e+00 2.705157170056681437e+00 3.262665025051597389e+00 3.335019912888022464e+00 3.474493471551643786e+00 3.901460094092960684e+00 3.951420897181411540e+00 3.999151524120886148e+00 4.065261211138499142e+00 4.091434659848058430e+00 4.116802865669660250e+00 4.740300158157396915e+00 4.802743782681242912e+00 4.889616103183348272e+00 4.962253208608246702e+00 5.277223710433560200e+00 5.444345227080425786e+00 5.570698295576701931e+00 5.659356595645350652e+00 5.716681278246776188e+00 5.768496532743905725e+00 5.974997300282598012e+00 6.021728752228557191e+00 6.097351397271327578e+00 6.244174705495544764e+00 6.269618274594571439e+00 6.340819718350251932e+00 6.379808205307442748e+00 6.450431527075373594e+00 6.548935749133646844e+00 6.620587282500985715e+00 6.712244404004365173e+00 7.168508412898241922e+00 7.238023207503099243e+00 7.314370428667005264e+00 7.405359075168568950e+00 7.506548152271547814e+00 7.677936009640399462e+00 7.818965156328888000e+00 8.667725794757460633e+00 8.864031981178072783e+00 1.416455386658491911e+01 1.418938461384802530e+01 1.436691260178752394e+01 1.439688324376317929e+01 1.449267423813078892e+01 1.457656592853478017e+01 1.500819579918915281e+01 1.510981878852173388e+01 1.519061035846717722e+01 1.525837066504506900e+01 1.541569793414716116e+01 1.546714085154584950e+01 1.551786104177071834e+01 1.557470994166182621e+01 1.564440037866608968e+01 1.571949401937906643e+01 1.657114620737396038e+01 1.658656923957320828e+01
-1.393113269344927740e+00 -1.252436669621545873e+00 -7.938731305109789638e-01 -1.736144897241061469e-01 7.161305379666910165e-01 1.045989384386608601e+00 1.601586920879612519e+00 1.825869224026993143e+00 1.976333857375212499e+00 2.187955838487610993e+00 2.335908973101535668e+00 2.402338951499158881e+00 2.584318200563589407e+00 2.705249538094927075e+00 2.864400956903452311e+00 3.237045775553907045e+00 3.336332109816096736e+00 3.485594920812403519e+00 3.852568239765678637e+00 3.943952384149305157e+00 4.011670240497220874e+00 4.100844508064589888e+00 4.136334524370191446e+00 4.165138403772631115e+00 4.739392081049031979e+00 4.795873907089896804e+00 4.892182483152832440e+00 4.971252159336779108e+00 5.230807310192150617e+00 5.392917047975750222e+00 5.512668807968171159e+00 5.595269054335284764e+00 5.694973051258742203e+00 5.738064954284947561e+00 5.897193830899145617e+00 5.996188619874555314e+00 6.066243196879711697e+00 6.205407512996480968e+00 6.275035159244558791e+00 6.340408386457985657e+00 6.392702156194271623e+00 6.468601907397837358e+00 6.559432518524031863e+00 6.619078854433259274e+00 6.742960721255311540e+00 7.164653764739821185e+00 7.261020595335178740e+00 7.352540184876473539e+00 7.418947626112699645e+00 7.625578164633759037e+00 7.824091089098744511e+00 7.960434471035125803e+00 8.567571127930648345e+00 8.829172597832267044e+00 1.418289400012402979e+01 1.421169350689578437e+01 1.434219413285247491e+01 1.437168091256739011e+01 1.449021015178379912e+01 1.460333302572672132e+01 1.495479205191086258e+01 1.509810784747375578e+01 1.519977722285593380e+01 1.524912548639813004e+01 1.544915758557671559e+01 1.549178277852700703e+01 1.554376151437956288e+01 1.566811858905610677e+01 1.576722843031917698e+01 1.582813370160991262e+01 1.653995658007174896e+01 1.656576928298631657e+01
-1.513315532573960009e+00 -1.370801774370200343e+00 -1.011354443811524950e+00 -6.423099022533078628e-01 6.665914590977733978e-01 9.598621120359986936e-01 1.658123231893372296e+00 1.954589760597735593e+00 2.052993104831973170e+00 2.230186958045768719e+00 2.387916518352005912e+00 2.461290668075890586e+00 2.721756536082646338e+00 2.808510531220240747e+00 2.990680083533421740e+00 3.218916005841731653e+00 3.330709287138389207e+00 3.477182681849558588e+00 3.788821516120846944e+00 3.923550866510344015e+00 4.031661939203682543e+00 4.137073399854855005e+00 4.199748561599617958e+00 4.228143750747670460e+00 4.735092317855047028e+00 4.785308974834265427e+00 4.882132571618879702e+00 5.001924031749871880e+00 5.175080483997254177e+00 5.357229993274242652e+00 5.463321050674330159e+00 5.523070934670729848e+00 5.687068414011166695e+00 5.716461944065446943e+00 5.814112254472453500e+00 5.975616314951194497e+00 6.043709074024898875e+00 6.163280995926260886e+00 6.275203551612341002e+00 6.323187620440921641e+00 6.393604495883317362e+00 6.474085627875290072e+00 6.571972832610552651e+00 6.619592626618825193e+00 6.764049971601425071e+00 7.168986360768890620e+00 7.287660372312664947e+00 7.393935345199360576e+00 7.460472910823241044e+00 7.753475666892547302e+00 7.964527432722032785e+00 8.105849040930145577e+00 8.458350110579788250e+00 8.783266858729630755e+00 1.420857308957648257e+01 1.424381846489316139e+01 1.432790756314673253e+01 1.436308703863815062e+01 1.449954620292848873e+01 1.462700217875984876e+01 1.491564186500649036e+01 1.510175907974364584e+01 1.521295945175277708e+01 1.524866027509783351e+01 1.548117640005367512e+01 1.551509047237701111e+01 1.558067567936247855e+01 1.575040411694068609e+01 1.587932138127904835e+01 1.592884283298596593e+01 1.650613803309448002e+01 1.654536605228853929e+01
-1.569720109727166912e+00 -1.421382266157743324e+00 -1.125242642341118593e+00 -7.759520286315481075e-01 7.078131086288569351e-01 9.675681877739912284e-01 1.690461744931318844e+00 2.017736188694795540e+00 2.112057757064779384e+00 2.258040401253296192e+00 2.425013334878140636e+00 2.497568954963836685e+00 2.789990321995642564e+00 2.919959284294310731e+00 3.068510662619581275e+00 3.205687739363551003e+00 3.322764376796154107e+00 3.451482157568642517e+00 3.725379561234649639e+00 3.905891221930649415e+00 4.048777192629033905e+00 4.166118868890224647e+00 4.255492325476654791e+00 4.311037944576264103e+00 4.720210602417199475e+00 4.768268080925231800e+00 4.888334732949208394e+00 5.024426819251853971e+00 5.126283528098583453e+00 5.319693608544017849e+00 5.427194523563198203e+00 5.476992620429958158e+00 5.686706083082263774e+00 5.699863985318952331e+00 5.757627881929438196e+00 5.941103735361576987e+00 6.025898819761752456e+00 6.133334662922026226e+00 6.261042825518694954e+00 6.296910652946889897e+00 6.387399932772440003e+00 6.467944569241003805e+00 6.581857230496408029e+00 6.626169670065500839e+00 6.768821567756288182e+00 7.181207362573156949e+00 7.316325505309960953e+00 7.409267884569413098e+00 7.545388451995735934e+00 7.871210079952314587e+00 8.093287916330112353e+00 8.237788488172428814e+00 8.359787745085645483e+00 8.734935615734523040e+00 1.423785863129005591e+01 1.428568842422184737e+01 1.431443820147487322e+01 1.438953655660667508e+01 1.452687082204746716e+01 1.464645879208760881e+01 1.489233006268848136e+01 1.511487689193508288e+01 1.522750441496723717e+01 1.526040848784444748e+01 1.550556666057574695e+01 1.554159895419962467e+01 1.562494131714296408e+01 1.581640947000625097e+01 1.596430289740455599e+01 1.601595432584835521e+01 1.647579014324531244e+01 1.653081279167371065e+01
-1.552705989635080774e+00 -1.404155641651267050e+00 -1.134003447532678122e+00 -7.445186324245095522e-01 8.129455670858209970e-01 1.045253883003969708e+00 1.709261914316739794e+00 2.029000611153189304e+00 2.148479478706457169e+00 2.279019403443974578e+00 2.437756262748323799e+00 2.506343922727416018e+00 2.809771815223720104e+00 3.000664993502669464e+00 3.094551580164180304e+00 3.181157678991664906e+00 3.307043543795161522e+00 3.414171580262180150e+00 3.672486093548001929e+00 3.918598060378711168e+00 4.054351063662790189e+00 4.180100300743166741e+00 4.294371857226865430e+00 4.390371796661691306e+00 4.691004687629655834e+00 4.738664702653122340e+00 4.899460702692592484e+00 5.042654659299963704e+00 5.111217169470560151e+00 5.285999664100343054e+00 5.405720172808774926e+00 5.458364095584330222e+00 5.642068369181661325e+00 5.710565865162870125e+00 5.759833336401492865e+00 5.882159206993573974e+00 6.015725257950013116e+00 6.123667334392104422e+00 6.231726563599623958e+00 6.267907868267065474e+00 6.378638869841591230e+00 6.456244573750510085e+00 6.577791792387960967e+00 6.644721351746645688e+00 6.756732883276315604e+00 7.198776431414598775e+00 7.345826382886791350e+00 7.419386978406803834e+00 7.639896961177516488e+00 7.950811538138133905e+00 8.172492731319298542e+00 8.275942881072655410e+00 8.397350646011977560e+00 8.698845569119233900e+00 1.426081956348316382e+01 1.429184997734136076e+01 1.435988841831378515e+01 1.444656836912688824e+01 1.457077152258776387e+01 1.466132493738055942e+01 1.488857314587422032e+01 1.513341273353284855e+01 1.524342836768202325e+01 1.528703827850747743e+01 1.551829460167790309e+01 1.557452640947524891e+01 1.566916100938147238e+01 1.586170927067943204e+01 1.600904255923217079e+01 1.608331028510211524e+01 1.645733649936032350e+01 1.652767590866429259e+01
-1.455823507070878042e+00 -1.305498221547237048e+00 -1.023204154449826264e+00 -5.367938183564112675e-01 9.643023639830667904e-01 1.153197021614615903e+00 1.724317018173758154e+00 2.014258315650690800e+00 2.149959342359536230e+00 2.298539624752249377e+00 2.432077882626440868e+00 2.493012581994880073e+00 2.803110330000829542e+00 3.027999117830559417e+00 3.066461020333004939e+00 3.143889585226474992e+00 3.265362075964568511e+00 3.374600213007183491e+00 3.638344307850301274e+00 3.968445107495754520e+00 4.045880555430647618e+00 4.179671772168096489e+00 4.304325805858801424e+00 4.435039610556433587e+00 4.640385080896127334e+00 4.709976738272708019e+00 4.911779756028051835e+00 5.055787860450354998e+00 5.137898042551521272e+00 5.269700226790436481e+00 5.391608538477856705e+00 5.461713591894732822e+00 5.606679122045076014e+00 5.721913095486587331e+00 5.776275885118895559e+00 5.828233788425085216e+00 6.010564933482512195e+00 6.113572621135115348e+00 6.203639094994334968e+00 6.237360671473401119e+00 6.366574338556063140e+00 6.444240793677380452e+00 6.562820191384684421e+00 6.668624640006409976e+00 6.733974127705742774e+00 7.219764105615183780e+00 7.374685978448746404e+00 7.429351945687384884e+00 7.728093579586538198e+00 7.948536147593328494e+00 8.150581137813976085e+00 8.366446055227878986e+00 8.500244054993524756e+00 8.694872065892660373e+00 1.425235672600162218e+01 1.431560292934384826e+01 1.443046118874028849e+01 1.453132192034435732e+01 1.461853036279460483e+01 1.467373484124415306e+01 1.491279442608511197e+01 1.515757803156516026e+01 1.526364600711401920e+01 1.532649614784899050e+01 1.552297217467022605e+01 1.560856503563111630e+01 1.570647577842199105e+01 1.588354364421044629e+01 1.601128945533928771e+01 1.612187937096809875e+01 1.645787804942607124e+01 1.653758353676172987e+01
-1.269680528334422354e+00 -1.090839234923991485e+00 -7.572619220663816542e-01 3.938381899106848660e-01 1.134541175667223012e+00 1.267461037242671784e+00 1.745964877638586765e+00 1.988839054158082931e+00 2.119654003936886522e+00 2.317438258542195761e+00 2.419941940359838561e+00 2.467513204718761344e+00 2.777835613226407041e+00 2.975141978263169840e+00 3.022403512867228859e+00 3.091577739080686449e+00 3.196520964017965039e+00 3.335634008373401738e+00 3.635009104918657474e+00 4.010515315889614740e+00 4.042025293586570811e+00 4.173009764253658105e+00 4.284002703584703475e+00 4.417764662657448937e+00 4.583394953570595121e+00 4.689349477495973417e+00 4.926284815651706950e+00 5.070078004884732259e+00 5.171694716946772630e+00 5.275582134072833718e+00 5.384874142786186368e+00 5.475022959019639757e+00 5.598468431058827299e+00 5.709342034882627814e+00 5.787392111794749994e+00 5.827130603330703984e+00 6.004741228459427482e+00 6.080070453356473337e+00 6.183533064532044321e+00 6.219428314460804685e+00 6.343294050343439849e+00 6.427282067123175402e+00 6.552115347064532358e+00 6.685211589443373903e+00 6.716381742426437818e+00 7.243880211882031794e+00 7.400853125698921176e+00 7.439370193631564376e+00 7.793499504919539689e+00 7.884663625896364714e+00 8.128311912928914751e+00 8.472073371240762540e+00 8.589483232627840081e+00 8.729368491928765295e+00 1.423531099286054236e+01 1.435090897523891407e+01 1.449797861788091780e+01 1.462289796654228446e+01 1.465609737609450391e+01 1.470160269698795119e+01 1.497371622781941802e+01 1.519178413829648555e+01 1.529022570711787310e+01 1.537462443164268500e+01 1.552165594993376985e+01 1.563962349839604116e+01 1.573108170381089721e+01 1.588209287967546324e+01 1.597754714718089630e+01 1.613036597639280245e+01 1.647577315799830444e+01 1.655556127086182272e+01
-9.596181085455282034e-01 -6.674568800071779551e-01 2.524868152907275842e-01 8.445905120985687242e-01 1.297651135031765435e+00 1.376009437014087622e+00 1.783119331120365469e+00 1.964011375563518014e+00 2.074624321845619512e+00 2.331868180329781826e+00 2.409593684450106910e+00 2.436035269624170052e+00 2.737037568626785156e+00 2.870432094141176282e+00 2.970647848352627740e+00 3.027046276555623638e+00 3.110446670433526073e+00 3.282100858555898615e+00 3.668856065003762268e+00 3.988610682120765194e+00 4.065130008632643843e+00 4.172665866288429726e+00 4.251410082868009255e+00 4.347660450386462649e+00 4.529916514811355377e+00 4.672590947529723593e+00 4.912556912648134322e+00 5.091819796152533328e+00 5.191103188859765183e+00 5.305157485176475340e+00 5.395134613428676396e+00 5.481768059770397272e+00 5.610336053070934526e+00 5.706712435162176078e+00 5.797418116247079034e+00 5.851172754608594317e+00 5.994290821115794365e+00 6.035943478264739426e+00 6.162480671383361752e+00 6.219082256613417847e+00 6.301596867678104452e+00 6.394736819633920710e+00 6.562185737211062353e+00 6.678129193383291806e+00 6.725940331909496805e+00 7.271746995748270770e+00 7.419131580158061290e+00 7.451839210163570648e+00 7.760775360821856594e+00 7.885302332921829915e+00 8.094190234617393287e+00 8.570618454386856655e+00 8.669125934566805469e+00 8.780156728259628451e+00 1.421972425415692065e+01 1.438846964695034636e+01 1.455369925098309558e+01 1.464055197876624526e+01 1.468381804184050488e+01 1.481379815036570768e+01 1.506492264032774386e+01 1.524190439930131546e+01 1.532371743420202037e+01 1.542700163340919772e+01 1.551539325009969339e+01 1.566466541328940387e+01 1.573837747418733279e+01 1.586004651693973422e+01 1.591875817753195754e+01 1.611520417887760814e+01 1.650175506453565433e+01 1.657386228388209659e+01
-2.853971914806822108e-01 6.602947626010756688e-01 8.751892554769158394e-01 1.137072584624519322e+00 1.429359971826931863e+00 1.475153883361445484e+00 1.838140146932679464e+00 1.944282690387609591e+00 2.046812438505919651e+00 2.330145226448080198e+00 2.393222200545506606e+00 2.413248124695615004e+00 2.685340183964668004e+00 2.759660663483041620e+00 2.909247618182161599e+00 2.956418245454901061e+00 3.013589125825484327e+00 3.209115855999189471e+00 3.731007981454947497e+00 3.959612279453260442e+00 4.050529331514172604e+00 4.175529914003615950e+00 4.227894592108373040e+00 4.265367158247342694e+00 4.473610560257579749e+00 4.658402279400137402e+00 4.842778390897650276e+00 5.115503798273552505e+00 5.222008573911617546e+00 5.345700956067717335e+00 5.417888324166428404e+00 5.481130129531866402e+00 5.630739725346154856e+00 5.724051622146367535e+00 5.800795230378970935e+00 5.872910227788031179e+00 5.967941759640482680e+00 6.015164988867962137e+00 6.146594617703173391e+00 6.220564969627617735e+00 6.247919493759053644e+00 6.353319321735920511e+00 6.587201039898793020e+00 6.668896714524182201e+00 6.742006624571363460e+00 7.303516221012099408e+00 7.424711139915971536e+00 7.469303115477702981e+00 7.682032596799778901e+00 7.912216590983461195e+00 8.062446545141444432e+00 8.658437700631729683e+00 8.738671180274474537e+00 8.824109029963736361e+00 1.420703439724464978e+01 1.442666572779757672e+01 1.458886653686738910e+01 1.463776375096526827e+01 1.469357154772662355e+01 1.496617337382877899e+01 1.516645662723226096e+01 1.530920056553979514e+01 1.536569749121929007e+01 1.547575829159135452e+01 1.550901195838251923e+01 1.567927037302418292e+01 1.572632521967237373e+01 1.581196530910895071e+01 1.585469870082331134e+01 1.608358947856863708e+01 1.652795059098734143e+01 1.658694469410176708e+01
9.116053092127025526e-01 1.137140496393975964e+00 1.189460224333603433e+00 1.335159871041565971e+00 1.497851496528138870e+00 1.570524299586588457e+00 1.905884389952163582e+00 1.942791396938226001e+00 2.052779592560163291e+00 2.298827369001812837e+00 2.358989583072939489e+00 2.416541003302730584e+00 2.630364764604701477e+00 2.668200653854210902e+00 2.849976205305768229e+00 2.881199371115402474e+00 2.919578475882085744e+00 3.129318442794015276e+00 3.806353011641946171e+00 3.933789915844191576e+00 4.017404415865287959e+00 4.154242165452139091e+00 4.206559061468630567e+00 4.221187215232863998e+00 4.419498341450843526e+00 4.647286058223375704e+00 4.746475863404385542e+00 5.119605481643143108e+00 5.281135192680904922e+00 5.382543575063160723e+00 5.434187152418236799e+00 5.480809410223736577e+00 5.658798794540099486e+00 5.730681189513533447e+00 5.793904262039103692e+00 5.890322440518480640e+00 5.937632744855530831e+00 6.022909895871532804e+00 6.123912011587951731e+00 6.205792178764559353e+00 6.221254610666175466e+00 6.314557167848454888e+00 6.613939697309666244e+00 6.663729449239477631e+00 6.754779488040580482e+00 7.337750705131390383e+00 7.421660172925630405e+00 7.486955729480374799e+00 7.612964401662378755e+00 7.910226068472966610e+00 8.053330420257090339e+00 8.732031466620238547e+00 8.792874131703310780e+00 8.850888667548511890e+00 1.419773982328829121e+01 1.446449416249086006e+01 1.458826134738970026e+01 1.464881161661323894e+01 1.469537835266628889e+01 1.512507280591204761e+01 1.525955288300322721e+01 1.537815704921868054e+01 1.542173444653813874e+01 1.548657465541382905e+01 1.553670330957189449e+01 1.567004756738563565e+01 1.570162092414433808e+01 1.572823935789891969e+01 1.581068411666247897e+01 1.604344560685422749e+01 1.655078075084207612e+01 1.659260074032091836e+01
1.286105075638183104e+00 1.366406429198592232e+00 1.383782960871854595e+00 1.459437869295420187e+00 1.525912273591849555e+00 1.612545879630545631e+00 1.973170164771993473e+00 1.987667120014293909e+00 2.047508422807892803e+00 2.272571500356955987e+00 2.320607053402804265e+00 2.418253690813151557e+00 2.587360271400970024e+00 2.614461699010770968e+00 2.764000384934767407e+00 2.837822722711238921e+00 2.855665367860860115e+00 3.066815239120233905e+00 3.874106684178074467e+00 3.915434079290061486e+00 3.989248111116438178e+00 4.116021763695593805e+00 4.194828212715442817e+00 4.210414393877115025e+00 4.375901184119049603e+00 4.640221918587108973e+00 4.667286262837793132e+00 5.114976221612752560e+00 5.335403983630374825e+00 5.407693395335572362e+00 5.438585138119623963e+00 5.485373781865926723e+00 5.690072962853092164e+00 5.721703870803358960e+00 5.771445366870699090e+00 5.909013014416843568e+00 5.923583415755425463e+00 6.038755340306130925e+00 6.085937692310955605e+00 6.197204192092033992e+00 6.214705488583554427e+00 6.288315272824131164e+00 6.635633197856355636e+00 6.658927986544466826e+00 6.762804508408459370e+00 7.370727845249359866e+00 7.412943571033658863e+00 7.503396864806642697e+00 7.560047850624343369e+00 7.894209556603417610e+00 8.058763104908024388e+00 8.786515767530090670e+00 8.828224905043368764e+00 8.857684838427754670e+00 1.419208371780052858e+01 1.450100284329747957e+01 1.456546380094648185e+01 1.466666607660900823e+01 1.469093935068702805e+01 1.527519967640851739e+01 1.533051276735607615e+01 1.542760972103712902e+01 1.545511394746678313e+01 1.551450082407236053e+01 1.556282655554842442e+01 1.561181227589006504e+01 1.565113740001542375e+01 1.568766512786407397e+01 1.577692130325601738e+01 1.600752615993314265e+01 1.656914501031225129e+01 1.659089080058138066e+01
1.426402590427360950e+00 1.431315300734108842e+00 1.448194501470437379e+00 1.493193048168168779e+00 1.583626945535704822e+00 1.584591823537974342e+00 2.011211969691037993e+00 2.018430316415113168e+00 2.019060499373415585e+00 2.289048666931280174e+00 2.290865463996685669e+00 2.412758621803536396e+00 2.579425452572783328e+00 2.591145366271276007e+00 2.712435023806269552e+00 2.828654072543165476e+00 2.831562267336121597e+00 3.043219150762844549e+00 3.905132312040959341e+00 3.906508051636074175e+00 3.978724874927434652e+00 4.101395546233698397e+00 4.198629945988857415e+00 4.199200456125694814e+00 4.357208752885812331e+00 4.637050298452150443e+00 4.638040313892228816e+00 5.112230004053890831e+00 5.354463207082577725e+00 5.426794915126942342e+00 5.430488181514452783e+00 5.489289224981378723e+00 5.710982564990310983e+00 5.714372941328651478e+00 5.752003960671217442e+00 5.919039589096146692e+00 5.920464244198043957e+00 6.054884910561045608e+00 6.057955271193339541e+00 6.201902742373154531e+00 6.206114094218333044e+00 6.279911943315613421e+00 6.649746725418218318e+00 6.651074575250462750e+00 6.765540341839841432e+00 7.396339055969247234e+00 7.397307950036908331e+00 7.523555495922681580e+00 7.525886390704957130e+00 7.886564219633119599e+00 8.062188021647855862e+00 8.809885945294496423e+00 8.846789684770618223e+00 8.848573163953666665e+00 1.419018611257496509e+01 1.453408984373578150e+01 1.453625022904782327e+01 1.468094178775792713e+01 1.468131766901740498e+01 1.536133163760326958e+01 1.536231802826673487e+01 1.545109064406117305e+01 1.547869932506508484e+01 1.547896922006597720e+01 1.557530889838957400e+01 1.557676721938268294e+01 1.564264285329801929e+01 1.566794905196781151e+01 1.576133679659703901e+01 1.599264995504622000e+01 1.658180251108355563e+01 1.658365247606292314e+01
1.266204276118316541e+00 1.315467048696204122e+00 1.380320332118153415e+00 1.424533843611706763e+00 1.569883827150987843e+00 1.615487995871649263e+00 1.811288534846325238e+00 2.010665331741319228e+00 2.080863806805517413e+00 2.306636420231332529e+00 2.376280179744497456e+00 2.488162176201351716e+00 2.574481921140835183e+00 2.622452789118506544e+00 2.724927113975334159e+00 2.883526458889923649e+00 2.886993051999469539e+00 3.084867099112478694e+00 3.876366099111371089e+00 3.897601331746954223e+00 3.941184046553829479e+00 4.133596277999960655e+00 4.173462822489499402e+00 4.204967301868809848e+00 4.374042307338497970e+00 4.662448546704959007e+00 4.702958911704089751e+00 5.091635953279446625e+00 5.352834517372121681e+00 5.391029847394101182e+00 5.433450477024849512e+00 5.498353228712347551e+00 5.685720327491980974e+00 5.720720805074404502e+00 5.774984664042461802e+00 5.907706899505376974e+00 5.945741379962808715e+00 6.047216598577398905e+00 6.056775413929930352e+00 6.199741256962512104e+00 6.223339529373751233e+00 6.278890181385787805e+00 6.632642631779689602e+00 6.644337465393392428e+00 6.762120369833017897e+00 7.350582695547630330e+00 7.464281597470895591e+00 7.504620158896726068e+00 7.563975757681651757e+00 7.868847170999252683e+00 8.085180644049414056e+00 8.796966126421343901e+00 8.832596799272010912e+00 8.859447512394543978e+00 1.419123234009928147e+01 1.450293244397336601e+01 1.455824381014517144e+01 1.467425262734873925e+01 1.468522266266487186e+01 1.528868006067006569e+01 1.533250263650597311e+01 1.540961983177258432e+01 1.547956264669688231e+01 1.551175428947566814e+01 1.552090108171771909e+01 1.558625843481194551e+01 1.567879869015798278e+01 1.572470292776781164e+01 1.583650005307366548e+01 1.599560808471780682e+01 1.656815034926735564e+01 1.658940363264873596e+01
7.399595560852373355e-01 9.660877435154456849e-01 1.106218817768430451e+00 1.249014235035958986e+00 1.511491303243419182e+00 1.590804899803593520e+00 1.739219784549349335e+00 1.991326403607571960e+00 2.073221769102011169e+00 2.435251165044316490e+00 2.470669933824100717e+00 2.587219805028518227e+00 2.640275558222940244e+00 2.677267188892872074e+00 2.785030852443248328e+00 2.988820120801818359e+00 3.032672897741256701e+00 3.172615799446449447e+00 3.795982796678783799e+00 3.874071970247736640e+00 3.935286186883250270e+00 4.073412023348997657e+00 4.180767268787065838e+00 4.209841653132105677e+00 4.435736477220982188e+00 4.724328914271737290e+00 4.841867299517941703e+00 5.051930333680311414e+00 5.272594726349696614e+00 5.368538749399944798e+00 5.445047263069469956e+00 5.520471445399060428e+00 5.653033272954946398e+00 5.731217003161437340e+00 5.799081524282182265e+00 5.915928080910492604e+00 5.960221225225971864e+00 6.050793870801004282e+00 6.070872313661612729e+00 6.184611716060148368e+00 6.258828520295724118e+00 6.276444978424808419e+00 6.589585298059521534e+00 6.622361614233931881e+00 6.751268489702657583e+00 7.328781879924944676e+00 7.477296053825500444e+00 7.557522917300491194e+00 7.623931058344214584e+00 7.844687662841910658e+00 8.132415779191971339e+00 8.766039041155446299e+00 8.810400077357115833e+00 8.864736862356766167e+00 1.419255765959450954e+01 1.446193810883884190e+01 1.455722856153978739e+01 1.466622160118533458e+01 1.470170980215494616e+01 1.516872565941067030e+01 1.526803078904568522e+01 1.536694591532037180e+01 1.540618347729462023e+01 1.551149399835585818e+01 1.554662520580114204e+01 1.559580355230237103e+01 1.575983894378953387e+01 1.580249180544604570e+01 1.597015815537599082e+01 1.601775296966565065e+01 1.654458585898793999e+01 1.658938076631568137e+01
-8.764795174684751888e-01 -3.383387096619838164e-01 6.923387048652810405e-01 9.513240181938983353e-01 1.421886500081415372e+00 1.512738798093597570e+00 1.815102118387499575e+00 2.007598132417822701e+00 2.079621045596224960e+00 2.501390127998077695e+00 2.518644342793708191e+00 2.639279940407645686e+00 2.771405974813899054e+00 2.841949505323956959e+00 2.914707991733302084e+00 3.103131669984859897e+00 3.188761424254275223e+00 3.264701333052635768e+00 3.723178388019063423e+00 3.852305524348291321e+00 3.933868699395577373e+00 4.025948913709798127e+00 4.124699070713606197e+00 4.208283585755119738e+00 4.512188914908207060e+00 4.791254561005809265e+00 4.954883988912528459e+00 5.038725448509281613e+00 5.187188256608758152e+00 5.332283745314129852e+00 5.468789896139195861e+00 5.541465305652446993e+00 5.636525415486686619e+00 5.759145701629194924e+00 5.810618346078544327e+00 5.904033828655874672e+00 5.988068391554340231e+00 6.047414906273739454e+00 6.124207640607715497e+00 6.171941977251860223e+00 6.259275085597911570e+00 6.294454131838567612e+00 6.538823427670314992e+00 6.586791773935589234e+00 6.729926650608420324e+00 7.324933258337718023e+00 7.460013398160319831e+00 7.617445967562948894e+00 7.700827982732090682e+00 7.864831409980492793e+00 8.181964471595128074e+00 8.724634683377260558e+00 8.778972699402460833e+00 8.860759563798431770e+00 1.418971813645193691e+01 1.440988523909855701e+01 1.453087712127560849e+01 1.466363230905936632e+01 1.473645603297518925e+01 1.507591345120189885e+01 1.520692396300068694e+01 1.528833472862582177e+01 1.535186070836790329e+01 1.551933583156774432e+01 1.557779509564842790e+01 1.561124810064683466e+01 1.583021689101249763e+01 1.587049480310333216e+01 1.603264979293183501e+01 1.613205411285841961e+01 1.651223303519195795e+01 1.658386455493707601e+01
-1.385123629658824518e+00 -1.072162219097875013e+00 -4.998138918562275435e-01 5.078628357866440401e-01 1.337705986028370209e+00 1.486084527059526872e+00 1.872159427069985282e+00 2.046608041041565240e+00 2.115225900398846726e+00 2.537454440405243705e+00 2.558829377606696376e+00 2.681199451625917440e+00 2.833301030123320796e+00 3.002185720972331939e+00 3.082190227082999723e+00 3.233119073013540401e+00 3.314748718446270725e+00 3.398848562274677576e+00 3.662108386227679535e+00 3.837538563402917102e+00 3.914808205523160556e+00 4.000266102783294642e+00 4.050532524964996384e+00 4.189803402750404970e+00 4.549347069100933894e+00 4.847508380379536241e+00 4.921099522536959370e+00 5.036862075326349775e+00 5.239829461559979862e+00 5.317796260462161584e+00 5.484196450736580353e+00 5.554446523995779650e+00 5.656701998854083868e+00 5.771591252684773465e+00 5.818991390696986343e+00 5.903273191213562754e+00 6.005926424915677408e+00 6.042470832713024542e+00 6.137713973231755382e+00 6.212070057418460856e+00 6.249817747573550797e+00 6.300950721967064183e+00 6.507519226244832034e+00 6.543130857155945002e+00 6.695894765769621948e+00 7.331816568829546021e+00 7.433740879518166089e+00 7.631496625155483216e+00 7.786377584482989000e+00 7.955891424271310797e+00 8.226150850687565352e+00 8.675742254623596494e+00 8.740393097689596047e+00 8.847208135712909538e+00 1.417807925600966890e+01 1.436133272540621952e+01 1.450043368408740463e+01 1.466109333903690626e+01 1.478061994463670814e+01 1.502855211755690590e+01 1.514986248359452858e+01 1.520813848052329575e+01 1.530100884206180289e+01 1.553683270169038977e+01 1.561095702586286649e+01 1.563321306266579036e+01 1.586652535080344428e+01 1.592519430362081678e+01 1.609181053384477522e+01 1.624429836728876708e+01 1.647707659391033275e+01 1.657467456610136836e+01
-1.653425598425794840e+00 -1.412519601200903807e+00 -9.664697208533924444e-01 -5.204370943575361563e-01 1.286393501278295881e+00 1.543003098767570691e+00 1.918412884751782510e+00 2.067361676047318131e+00 2.165582103476869857e+00 2.519738085470160094e+00 2.606642409984083919e+00 2.733047693363492403e+00 2.810826482878875154e+00 3.107583108622209433e+00 3.224787033866958197e+00 3.386599709498361310e+00 3.422957074040871461e+00 3.522797947422107168e+00 3.612015071952554113e+00 3.818277719234501433e+00 3.870636880331487006e+00 3.943040939287692392e+00 4.049418542799169352e+00 4.181666768150607005e+00 4.536334648171044037e+00 4.816070668899323337e+00 4.919962639446596953e+00 5.035472055993086116e+00 5.287732718014890310e+00 5.368273720221253598e+00 5.497176796679900335e+00 5.575729356562654004e+00 5.662366247485307369e+00 5.781729689193198851e+00 5.831870690331252938e+00 5.916019530317081276e+00 5.995650748936991015e+00 6.044356146122375151e+00 6.133554448584097152e+00 6.207981150949987814e+00 6.280284012242201896e+00 6.312443233686621191e+00 6.486550881035885396e+00 6.523881435227554704e+00 6.652605608606495302e+00 7.339506674058904778e+00 7.400987687929318604e+00 7.626330080257377020e+00 7.871943826638334585e+00 8.081929267392848004e+00 8.260954667215617775e+00 8.623416893391512517e+00 8.697704494434120193e+00 8.826003350579105344e+00 1.415953883065940389e+01 1.434072065160061449e+01 1.447738650203815425e+01 1.466513558333999789e+01 1.481892753772631899e+01 1.501186603038121525e+01 1.508049601419325825e+01 1.516514557166015820e+01 1.524013227879590637e+01 1.556258272925445141e+01 1.565167527664605096e+01 1.565891115629316488e+01 1.587900383254719827e+01 1.596500581943620567e+01 1.614789599125238695e+01 1.629691960629374492e+01 1.646459445357810836e+01 1.656662091227656930e+01
-1.795175273990305964e+00 -1.585366004192276801e+00 -1.203843732688785861e+00 -8.135221253648962092e-01 1.277769495652126164e+00 1.650506032053812300e+00 1.963532334528980128e+00 2.060463411163661274e+00 2.195095708190808459e+00 2.467420704627420136e+00 2.641174728395529137e+00 2.758159548939821182e+00 2.779509666997424855e+00 3.164539359441051580e+00 3.330004615532335066e+00 3.419367235440408326e+00 3.512581142153849090e+00 3.587569403206044338e+00 3.610775676413220392e+00 3.763664154928767935e+00 3.848604957584980113e+00 3.916491640192685697e+00 4.111282339513692818e+00 4.201961438787646941e+00 4.492387661313575364e+00 4.773437652046288449e+00 4.959950569419363298e+00 5.048605093150792200e+00 5.262279603889632007e+00 5.439861309842132009e+00 5.495817006054531717e+00 5.600203089489724562e+00 5.630324913638889761e+00 5.799882261294451169e+00 5.856263251025795036e+00 5.924309594653490940e+00 5.961934375769923022e+00 6.054788206827591779e+00 6.146417802243321127e+00 6.195155133174040429e+00 6.271205530816033935e+00 6.359629258031309185e+00 6.458474489984535438e+00 6.544266035201035336e+00 6.608151713242008896e+00 7.325846866421199088e+00 7.386360838755385849e+00 7.618962052307044708e+00 7.950884495883759229e+00 8.202827361792159877e+00 8.282194182599699417e+00 8.578318239538567980e+00 8.655089395017499854e+00 8.800953557457885879e+00 1.414994825868158479e+01 1.435344630056828308e+01 1.447141651277526542e+01 1.467900242921171916e+01 1.483550557524145930e+01 1.497049025934821209e+01 1.505414994330637768e+01 1.514863361618237825e+01 1.517808785261032334e+01 1.558374167760213425e+01 1.568069057981232994e+01 1.570997513932628564e+01 1.588305645194191662e+01 1.598209812082079218e+01 1.617212706794603605e+01 1.628173433536130332e+01 1.648698342153096164e+01 1.657162843264869423e+01
-1.855603755121628673e+00 -1.638167480808788268e+00 -1.296436316191436289e+00 -9.612001692141208808e-01 1.279835601411735135e+00 1.766020994256958243e+00 1.975656726094431770e+00 2.001931066415136407e+00 2.201581709973666978e+00 2.418580386217618727e+00 2.663023848945635486e+00 2.730908047931009275e+00 2.801214851597999100e+00 3.164926143857135887e+00 3.317660718391634234e+00 3.423157735431338278e+00 3.511994133493792081e+00 3.587224139056501837e+00 3.663424646149262554e+00 3.731123950827110569e+00 3.870317205747475509e+00 3.966754150787999311e+00 4.145512123332180110e+00 4.230146812119141231e+00 4.481610169034834001e+00 4.788791248424829838e+00 4.963255801150118884e+00 5.063933377024591564e+00 5.222488082887934979e+00 5.435611616926999012e+00 5.506422940060237359e+00 5.583202501718812272e+00 5.645821069990037522e+00 5.797599694807692217e+00 5.863476196503871307e+00 5.910683607696408437e+00 5.934937949400178603e+00 6.048640661848977196e+00 6.177695768839084778e+00 6.222237916348450248e+00 6.288446033345228336e+00 6.345066290662092712e+00 6.482159211843114832e+00 6.536761877465607107e+00 6.586195934506085869e+00 7.297823394541078201e+00 7.390711829118233211e+00 7.612685248377214720e+00 8.014715667691854506e+00 8.244568533851088787e+00 8.322144004188833932e+00 8.561268959653252963e+00 8.620501598187427561e+00 8.777188438659370817e+00 1.416380402380873527e+01 1.438566107380140124e+01 1.449057131562024381e+01 1.469343115313566805e+01 1.481752216499135955e+01 1.492555314037355352e+01 1.505408978740071646e+01 1.513542274225842732e+01 1.515367212976388700e+01 1.558992781109669146e+01 1.570639367220374361e+01 1.576401336024609989e+01 1.588369977806678079e+01 1.597428420939916549e+01 1.613512596024546752e+01 1.627047207173450616e+01 1.650189732779639229e+01 1.659675405597993958e+01
-1.844580113272250799e+00 -1.628247528469120020e+00 -1.261857100159247791e+00 -1.037110450750329038e+00 1.270877197117112889e+00 1.780115992816320380e+00 1.882760554632449734e+00 1.972802131163359673e+00 2.206512124241441608e+00 2.401515784902232387e+00 2.677274259228577424e+00 2.717721940625112520e+00 2.834016581844931881e+00 3.100916139361712620e+00 3.249395438525764401e+00 3.439046171412296182e+00 3.470927145934260771e+00 3.587209652794960402e+00 3.679442696534881652e+00 3.741014216250906355e+00 3.903270647668302562e+00 4.034123520783951200e+00 4.165246727581536135e+00 4.208847852538569967e+00 4.553825085943477902e+00 4.801138118144995026e+00 4.927237135547379410e+00 5.066056700064105023e+00 5.207025845994070146e+00 5.388803312948676094e+00 5.486303161357416691e+00 5.601014265756731447e+00 5.674036784672703781e+00 5.763495439069505899e+00 5.854039570802992642e+00 5.892289738180595648e+00 5.921498198395477530e+00 6.047847016019950672e+00 6.178304280363488665e+00 6.257629328367443122e+00 6.307931392688495009e+00 6.369900028361836775e+00 6.475671259815064751e+00 6.537583372838692064e+00 6.585954817783175486e+00 7.277846376672846951e+00 7.400517554317349145e+00 7.605836423887928355e+00 8.051361876720715571e+00 8.203715308259166505e+00 8.354993140126621753e+00 8.583148699411960791e+00 8.608239347161719124e+00 8.760926379043890933e+00 1.420038985784197116e+01 1.441457432377362480e+01 1.453202538824247014e+01 1.467872054001044724e+01 1.479983936726838856e+01 1.491559398802654535e+01 1.503229463691544865e+01 1.513916010959138347e+01 1.517553302585794661e+01 1.557992807710860461e+01 1.572437019658679880e+01 1.578050503067246346e+01 1.589224927558099054e+01 1.593268066550756501e+01 1.608836379709093123e+01 1.626309659412961395e+01 1.651209635234111772e+01 1.662308816021067059e+01
-1.879993468062473250e+00 -1.679398743139552508e+00 -1.297951774985441675e+00 -9.835604929182063527e-01 1.262316106014001571e+00 1.787479285205302304e+00 1.885750072992227411e+00 2.091119869508444751e+00 2.299577383655673213e+00 2.470397093230816576e+00 2.680892537547763688e+00 2.743924277414568902e+00 2.842718716176926730e+00 3.117664222954294129e+00 3.281860461802759588e+00 3.419553501918446869e+00 3.486600208247913280e+00 3.607486099368629073e+00 3.665729420701383745e+00 3.732200644314187965e+00 3.912172632878440748e+00 4.027774728791121639e+00 4.167851907458631544e+00 4.252446640352990137e+00 4.519656189092994936e+00 4.807545125689091314e+00 4.914185116876462089e+00 5.056034489839599466e+00 5.196625638264364966e+00 5.397901815007940307e+00 5.497034308414217030e+00 5.579006020102350583e+00 5.653032815971137381e+00 5.781988281020243647e+00 5.874750975063887992e+00 5.890025206090171217e+00 5.935498876610068919e+00 6.035058351387560194e+00 6.183190617168780712e+00 6.242615735852083958e+00 6.305711997619243725e+00 6.341849449522592330e+00 6.481380339655879119e+00 6.536942041135965553e+00 6.575113448512106551e+00 7.259544479104035553e+00 7.408595553046167126e+00 7.615526750064543826e+00 8.045118535169676122e+00 8.216531877227133407e+00 8.358768293808303440e+00 8.570338929159929009e+00 8.580632236400374424e+00 8.752726370052766214e+00 1.419587830166073417e+01 1.439842602107763803e+01 1.454177755063491340e+01 1.468379475304924675e+01 1.482364026917159094e+01 1.488962594422237018e+01 1.500616516610327800e+01 1.513275291540029777e+01 1.517983753839964045e+01 1.557712303218790417e+01 1.569672960518941451e+01 1.579869182138113359e+01 1.589456033955862679e+01 1.594945839962156775e+01 1.612128368815039536e+01 1.623915354777577491e+01 1.649735746302951611e+01 1.661854787663505917e+01
-1.897461119783037331e+00 -1.715359781280272555e+00 -1.234676800219630888e+00 -8.303610872309546975e-01 1.258038043110219606e+00 1.766732631286691557e+00 1.887155332658760232e+00 2.197796085482106587e+00 2.360586673036684680e+00 2.547918569949061407e+00 2.669165999746311968e+00 2.795106282942614317e+00 2.881439006749511034e+00 3.114382568682514840e+00 3.318251730656133436e+00 3.381966823651852305e+00 3.458889926134428361e+00 3.610403449758808225e+00 3.651534516054418145e+00 3.749782232059744036e+00 3.887666819361334625e+00 4.033407326674304016e+00 4.141982519362275461e+00 4.259138887379353200e+00 4.540171128320865002e+00 4.824623466944685468e+00 4.893043533648972598e+00 5.048054229359964395e+00 5.192141008930112100e+00 5.394748152166667587e+00 5.451022456265810057e+00 5.581787440140094425e+00 5.650400150096713148e+00 5.779941504918196138e+00 5.855750608834263460e+00 5.921723406087723518e+00 5.965271145572239142e+00 6.039619555082963664e+00 6.168559551161897581e+00 6.216874105015801177e+00 6.296131560816699668e+00 6.337061747909007892e+00 6.483684336937980852e+00 6.532820089764347138e+00 6.586225167627945076e+00 7.243018402727553706e+00 7.425335791572899247e+00 7.636674324564950211e+00 8.008453748723738386e+00 8.190126177913176875e+00 8.347954327106224426e+00 8.559537987865329711e+00 8.573284221541598527e+00 8.745300361521591626e+00 1.419090864433099242e+01 1.436967895518171368e+01 1.456590985031659713e+01 1.467989862200822060e+01 1.484674624908062945e+01 1.486403982570802462e+01 1.497835868250414926e+01 1.513097570977434358e+01 1.520225361592349245e+01 1.556799478890921939e+01 1.566384040615186457e+01 1.580182847167178473e+01 1.589417383350784085e+01 1.595782597257946556e+01 1.614141029687990780e+01 1.621666616552788653e+01 1.648128304686387224e+01 1.660635952467140442e+01
-1.890808071937060797e+00 -1.733091393347751419e+00 -1.128240422640895080e+00 -5.205567779048239085e-01 1.240150979151535715e+00 1.744419156346570077e+00 1.879368165668949819e+00 2.275105259736951435e+00 2.379258150221242207e+00 2.586856809999273032e+00 2.721696427455584821e+00 2.839288302679648712e+00 2.917795078381369756e+00 3.093619645099205506e+00 3.332412405991817650e+00 3.365680555491695536e+00 3.411953773574581295e+00 3.572520039218583410e+00 3.668310854541991795e+00 3.772983788314126841e+00 3.828701435916939122e+00 4.049839275215891377e+00 4.127308744252996320e+00 4.238494429138995656e+00 4.564189338098596060e+00 4.840208303522655520e+00 4.896000715220166555e+00 5.044720488882575182e+00 5.188080114922498431e+00 5.323080500598275755e+00 5.434197187806960372e+00 5.594411713499595429e+00 5.661939176102002591e+00 5.751868073880533672e+00 5.861377267667531754e+00 5.945333045387931392e+00 5.986796742865903020e+00 6.059312844820240684e+00 6.143519192321829081e+00 6.195446036432721293e+00 6.274521148411294824e+00 6.348344751237351424e+00 6.482026090766412452e+00 6.541918209498431835e+00 6.602507120757622694e+00 7.227648484107533022e+00 7.453506888057345847e+00 7.665322590643780742e+00 7.949740657412180056e+00 8.154309560486625585e+00 8.303363672438322851e+00 8.557468728019172133e+00 8.571165222678564177e+00 8.732198859551143499e+00 1.418640525679917097e+01 1.433835640575951587e+01 1.459067995442123689e+01 1.467365243715725853e+01 1.482643855417733647e+01 1.487143888304629158e+01 1.494891103765808538e+01 1.513208175656874133e+01 1.522986132067394571e+01 1.555388349784224289e+01 1.563115784590553936e+01 1.579113672338840857e+01 1.589482049803339869e+01 1.595414156065389477e+01 1.613360137880958689e+01 1.620943479897704975e+01 1.646562626216370973e+01 1.658964403196460324e+01
-1.858203859032918404e+00 -1.726974436313398975e+00 -1.040812007702722086e+00 4.790598454838629894e-01 1.196136809484005026e+00 1.735894679772444160e+00 1.860343501909016650e+00 2.313648602904138762e+00 2.358984320376534161e+00 2.584892752876063238e+00 2.807892726980325548e+00 2.871903313134867020e+00 2.940386650017502213e+00 3.066148671832345407e+00 3.298844615807104308e+00 3.334122654337376979e+00 3.441134485118940933e+00 3.534862462207129408e+00 3.658273504463995351e+00 3.769251253749979824e+00 3.803883467206434776e+00 4.053325668612805188e+00 4.123684887279011946e+00 4.213001831895917704e+00 4.582538628884588405e+00 4.808685798653358212e+00 4.968760424065608916e+00 5.040917580846994817e+00 5.158409368437435027e+00 5.259440095180727859e+00 5.427421447567187585e+00 5.598182454252269125e+00 5.651890719447596467e+00 5.760282429793375236e+00 5.871003026582909179e+00 5.950073507450520438e+00 6.004992538231037180e+00 6.074554388565856833e+00 6.127798905233678539e+00 6.185309882836086182e+00 6.255505926101439407e+00 6.361023225842064477e+00 6.477770834477987627e+00 6.563395583908757658e+00 6.617025488940320166e+00 7.214370707889369072e+00 7.491839492879942775e+00 7.692428005069412045e+00 7.884943339316511590e+00 8.114790178854756064e+00 8.246212598645245251e+00 8.533814992527361198e+00 8.578566563924100663e+00 8.709073478594344664e+00 1.418306016149294813e+01 1.431047440158270589e+01 1.460419571482128021e+01 1.466898378932610747e+01 1.478964153126371350e+01 1.488438063199197359e+01 1.492037406416767631e+01 1.512776959886325479e+01 1.524384299653693908e+01 1.554180662079235020e+01 1.560301772364793393e+01 1.577430495852568448e+01 1.589431197182326194e+01 1.593964128166901162e+01 1.610299136957139154e+01 1.620799645530787458e+01 1.645295635522225197e+01 1.657244051046965083e+01
-1.800756190655092848e+00 -1.697521974700578973e+00 -1.013500109968311191e+00 8.317797276462275402e-01 1.134191314584883647e+00 1.732944765894330219e+00 1.831592963282666631e+00 2.291619165647939660e+00 2.322697701335395770e+00 2.579465278933162242e+00 2.828168029286837193e+00 2.916710851675992533e+00 2.941919253603236584e+00 3.050298507502793299e+00 3.273990238559917554e+00 3.329259568199795183e+00 3.443393128038136464e+00 3.538120581554860866e+00 3.617185428384212642e+00 3.738605552203202453e+00 3.822827090768147418e+00 4.034402659190153173e+00 4.119186199265221227e+00 4.195710814482405127e+00 4.611802549687447517e+00 4.784700832768175260e+00 4.996341373306574241e+00 5.021860024104442211e+00 5.143655738936128152e+00 5.260957997662734087e+00 5.409533004264167388e+00 5.579025070148098564e+00 5.650940593747419527e+00 5.784530277181993974e+00 5.875346066922935151e+00 5.957717720426329855e+00 5.997793142023550850e+00 6.079273680457653484e+00 6.132034688778280618e+00 6.198239618827565245e+00 6.244325579397400183e+00 6.375762561518308225e+00 6.472845622617543704e+00 6.583680938787102477e+00 6.631225854867570213e+00 7.205481613581529388e+00 7.532083994318669262e+00 7.699256480151193571e+00 7.837181696054098978e+00 8.065493808164800882e+00 8.202629446418402637e+00 8.498639211303020247e+00 8.570552787996872368e+00 8.675180062360828614e+00 1.418082690852112293e+01 1.428947588264041180e+01 1.460170993511015070e+01 1.466301090075901215e+01 1.474809706560611566e+01 1.487467865475374573e+01 1.491644148181038787e+01 1.510692360801874123e+01 1.523144861225096491e+01 1.553830924831226490e+01 1.558388707818369490e+01 1.575719149778786665e+01 1.589022890605634686e+01 1.591643275277094105e+01 1.606454584198949576e+01 1.619425451588012166e+01 1.644555377675347074e+01 1.655825795996160821e+01
-1.720754020076157298e+00 -1.648821773219388387e+00 -1.054976199863285391e+00 9.615480323963336851e-01 1.100683643159481750e+00 1.707070125272979411e+00 1.801134497501133191e+00 2.205418907991083088e+00 2.282490039575713059e+00 2.590652004517593809e+00 2.784502550128482135e+00 2.900537059702687603e+00 2.957560969735264056e+00 3.078823620273219319e+00 3.258576097301591812e+00 3.367300326744962824e+00 3.413693776380375855e+00 3.520045823748480185e+00 3.625164188132794507e+00 3.698479033690095008e+00 3.832835879521752087e+00 4.010277866662114832e+00 4.105414832689457505e+00 4.188041240947098842e+00 4.647994368837111701e+00 4.766336617883517590e+00 4.926674542657179856e+00 5.029225871638364431e+00 5.178401837424051912e+00 5.303330219498829656e+00 5.388773024225904429e+00 5.559608734656908524e+00 5.664707704473285865e+00 5.785549662278427263e+00 5.872943228284852601e+00 5.966617478504412375e+00 5.993785291217204048e+00 6.070322235142707967e+00 6.154120260478550541e+00 6.227847095622041529e+00 6.248744104796569943e+00 6.392177716367213769e+00 6.467987505013581107e+00 6.590777996595406307e+00 6.649208765594559978e+00 7.203218288369766853e+00 7.554611140951879911e+00 7.672816984479090330e+00 7.824694921424268479e+00 8.003415371670921985e+00 8.190456803981653877e+00 8.453493934115780206e+00 8.540488935057570785e+00 8.634530465101288854e+00 1.417872860972698312e+01 1.427772290632730900e+01 1.458664565192211704e+01 1.464580008282284851e+01 1.470577914529827268e+01 1.484200546969550238e+01 1.493823212782504051e+01 1.506268988813765297e+01 1.520450371233249420e+01 1.552949594311457204e+01 1.558165253544603424e+01 1.574081177584353242e+01 1.587002110694058743e+01 1.589484807704698710e+01 1.602719609726978689e+01 1.616289413126709107e+01 1.644385868805514406e+01 1.654891236402622923e+01
-1.622484698790517266e+00 -1.586546822489083963e+00 -1.137683993953610972e+00 8.903679509606526876e-01 1.136448433837887073e+00 1.630625300852112991e+00 1.784472452028694756e+00 2.100234299107538671e+00 2.210262641084348445e+00 2.617469929589940847e+00 2.708606869504063486e+00 2.883227391559239461e+00 2.986017971948760508e+00 3.104132905611772131e+00 3.232276327601610433e+00 3.357205122518360785e+00 3.419741607939729811e+00 3.493078854761912933e+00 3.638798972123579833e+00 3.687507548097939125e+00 3.826363334878396749e+00 4.003058010081768536e+00 4.084352030233867836e+00 4.188131330814524489e+00 4.616005401187021739e+00 4.778824595088710048e+00 4.918188678401133274e+00 5.027801622087658906e+00 5.183075394134685432e+00 5.309747235895991402e+00 5.434752442197376965e+00 5.552869055864446679e+00 5.678830911567192885e+00 5.768001459310864831e+00 5.866073633129054166e+00 5.942107837619395205e+00 6.036487801336423153e+00 6.068499738365695784e+00 6.171999958200165892e+00 6.257438391343589146e+00 6.278826948584722345e+00 6.407641476641241063e+00 6.464965355040521722e+00 6.584863785654027524e+00 6.667755721634229360e+00 7.208611721920472171e+00 7.534760281212774302e+00 7.639002003353575709e+00 7.815671898569634735e+00 7.955357875310080651e+00 8.199775112505093944e+00 8.401880571552144517e+00 8.489450645471215751e+00 8.595001583273596424e+00 1.417544984918886364e+01 1.427646563611848585e+01 1.455917658019173366e+01 1.461245046305315398e+01 1.466790004580470175e+01 1.480569845099975979e+01 1.495352467022370213e+01 1.501446227398516164e+01 1.517880435900131531e+01 1.550858466274563696e+01 1.558738465593020983e+01 1.572269214275184623e+01 1.582558523702296682e+01 1.587711288075862015e+01 1.600047149935594604e+01 1.611517925180358546e+01 1.644655144103890265e+01 1.654450147943695271e+01
-1.545591531786087547e+00 -1.490401021856237795e+00 -1.211388508688354904e+00 7.642885758420625564e-01 1.122140011815109695e+00 1.517441098294999513e+00 1.773422666069846443e+00 1.994121360062547366e+00 2.112863323958049211e+00 2.558503392756199535e+00 2.731936482921469622e+00 2.878234733239012577e+00 3.010182262731442737e+00 3.098450030146102652e+00 3.198038014239142246e+00 3.336154695118292324e+00 3.364406440402255782e+00 3.457108219514104075e+00 3.664855053559625819e+00 3.730245410467714073e+00 3.809446354414797398e+00 4.012733024673996063e+00 4.065643332687599809e+00 4.195523102849984198e+00 4.517728404615903415e+00 4.839166365820791960e+00 4.950022109446826413e+00 5.024303039510347624e+00 5.173939466483429506e+00 5.276923493373333329e+00 5.515909386615262200e+00 5.550675031729042530e+00 5.690737514040193901e+00 5.743107202373137987e+00 5.866891257163347362e+00 5.934101892343815798e+00 6.051680013592536156e+00 6.103584485980900531e+00 6.185674015707324891e+00 6.288176386557882580e+00 6.319218349490668629e+00 6.419749621539371454e+00 6.466789318251585428e+00 6.571520080324543933e+00 6.682027791473723610e+00 7.220977818226651301e+00 7.483589147187940327e+00 7.599013935079499404e+00 7.757594896072094848e+00 7.961665060497996826e+00 8.197029558852255704e+00 8.346391847772705930e+00 8.434953542310550390e+00 8.568949236595225116e+00 1.417043921301800857e+01 1.428505125486876892e+01 1.451169680385572214e+01 1.457574685436287432e+01 1.463280974074945284e+01 1.476670140077604643e+01 1.492403391958188585e+01 1.501732537732392103e+01 1.515756199615593225e+01 1.548235518255247634e+01 1.558417942508751786e+01 1.569903154126724765e+01 1.577313790515598591e+01 1.584513060730657941e+01 1.598800131758649101e+01 1.605458857965140140e+01 1.645236754888604480e+01 1.654444216379826216e+01
-1.528626047956274991e+00 -1.359554176824667726e+00 -1.210626913926124537e+00 6.481881080610276680e-01 1.044522115634897608e+00 1.387666733882676695e+00 1.756961986447590718e+00 1.900598428086453628e+00 2.002872978634832712e+00 2.462406301040069412e+00 2.791030806839885248e+00 2.876924054197643077e+00 3.019081166406131000e+00 3.044005739225563278e+00 3.171173564987342708e+00 3.291665747886950211e+00 3.326579589744067089e+00 3.389009403669750231e+00 3.710310677423946935e+00 3.758410927197442408e+00 3.807163421450093121e+00 4.002524428726161432e+00 4.069984426849297954e+00 4.194228135937486002e+00 4.460839964661283297e+00 4.893868809388870922e+00 4.970262858419045138e+00 5.027540527255366598e+00 5.176423464801124474e+00 5.252056858363246761e+00 5.511534022103813157e+00 5.597795734507337251e+00 5.701422689208127892e+00 5.734224477096302230e+00 5.871420112495002286e+00 5.951685833884098109e+00 6.061560420615753841e+00 6.147643990978019168e+00 6.197757818393068163e+00 6.318411817806775410e+00 6.359159375269805459e+00 6.428850220236466129e+00 6.474871063946118888e+00 6.555919863538355763e+00 6.690365133990844981e+00 7.237754748095255763e+00 7.424172949819507927e+00 7.546206851535651516e+00 7.667487845599774587e+00 7.976507158175501822e+00 8.155404819471186784e+00 8.276364927794238824e+00 8.407138099879686521e+00 8.577100428307431912e+00 1.416391539509076480e+01 1.430120490675151146e+01 1.444785055880260138e+01 1.454235426613282023e+01 1.459958659139189407e+01 1.472451086331641257e+01 1.489212036443658782e+01 1.504118300551699505e+01 1.514142212031672052e+01 1.545365344019949205e+01 1.556656897219238900e+01 1.566450316679726384e+01 1.572427879690528485e+01 1.579895882699791443e+01 1.597837660492795031e+01 1.598562701091490545e+01 1.646140372775935035e+01 1.654836591035659765e+01
-1.538625759026660322e+00 -1.240289532259222671e+00 -1.104244720350379128e+00 6.151012582555698271e-01 9.332623246886228019e-01 1.253923854072843014e+00 1.718882394893124665e+00 1.821052827936339158e+00 1.901292566047128707e+00 2.374408631458933439e+00 2.789614741101526629e+00 2.860809617464782129e+00 2.940344180136132746e+00 3.029383548861170006e+00 3.131359305880063282e+00 3.235570611627686777e+00 3.308384840578509678e+00 3.370839217539363109e+00 3.720402815947585928e+00 3.761609887614386860e+00 3.837828940323868121e+00 3.969820970946213556e+00 4.081514784565206888e+00 4.158104366111110117e+00 4.504906704636025161e+00 4.914142484558471580e+00 4.977305082912850231e+00 5.017444304466948779e+00 5.212111322544860315e+00 5.252741993647086716e+00 5.466345769013802425e+00 5.639556693277206101e+00 5.716377124154487177e+00 5.753534123646208975e+00 5.874053452739932624e+00 5.982710589936490742e+00 6.086984732399074005e+00 6.172520213925752230e+00 6.216786669054523706e+00 6.341879096549233985e+00 6.394697867369276700e+00 6.438047216184991761e+00 6.488312905527076069e+00 6.543243604081050435e+00 6.692724107439754988e+00 7.253749649883570072e+00 7.365848753494847578e+00 7.487242070517408088e+00 7.569954379458544658e+00 7.941208336499888887e+00 8.080643245687770815e+00 8.193958398572625867e+00 8.419597728200068687e+00 8.622570294485980114e+00 1.415631738594901101e+01 1.432140082312975693e+01 1.438401782299809994e+01 1.450708537095834139e+01 1.457240489014098905e+01 1.468124366563745298e+01 1.487992082691854101e+01 1.506450235039705987e+01 1.513181123329624356e+01 1.542398595006642559e+01 1.553648558162169024e+01 1.561802319040356402e+01 1.568319593050482830e+01 1.574386132046667441e+01 1.590796858984521300e+01 1.596089033736194907e+01 1.647506785514761063e+01 1.655608337012355591e+01
-1.519571758134979023e+00 -1.141700897193304698e+00 -9.386988578236851177e-01 7.205552887086426050e-01 8.455037197630088652e-01 1.128583617894871605e+00 1.639841557844833764e+00 1.743900263287987640e+00 1.833365037052316682e+00 2.299646397727276081e+00 2.724700773065963588e+00 2.789451949672636211e+00 2.823965474205221593e+00 2.952913861292840281e+00 3.106356763631138662e+00 3.196542842766756820e+00 3.316439939020197070e+00 3.413979307242302141e+00 3.677334704086206774e+00 3.779570936531221115e+00 3.876566008662458263e+00 3.947021911999431421e+00 4.084313919317913211e+00 4.121567679931287920e+00 4.599665716159255346e+00 4.902534797305195369e+00 4.969185291853373876e+00 4.995554358190413602e+00 5.250527466971543156e+00 5.293693704171862358e+00 5.437222622112623860e+00 5.661047084765849391e+00 5.739830232013367173e+00 5.776634214441445536e+00 5.886458977441062501e+00 6.012071324080817902e+00 6.121860509217765589e+00 6.175361397538395636e+00 6.247560874346986814e+00 6.353346526606696187e+00 6.418577906216731854e+00 6.446922521813802653e+00 6.507625529149809296e+00 6.538512070952508637e+00 6.689846094627622364e+00 7.255745749248303511e+00 7.319427957766786008e+00 7.427745380698563160e+00 7.480824991513886246e+00 7.853572267760968728e+00 7.978015009394137991e+00 8.102296849083112207e+00 8.475087924031116771e+00 8.684887385954416672e+00 1.414878470774902830e+01 1.431770858198339091e+01 1.435583157334892945e+01 1.447212112820664132e+01 1.455227119747206110e+01 1.463973415910067821e+01 1.488633208959885224e+01 1.508509272691759406e+01 1.513011105963980718e+01 1.539475049525952421e+01 1.549986128546866126e+01 1.556733799895765635e+01 1.564148868653454016e+01 1.568527420377580661e+01 1.582783467478708772e+01 1.592248646018161828e+01 1.649465831516062764e+01 1.656700648622400962e+01
-1.442666496573278945e+00 -1.047844410820542915e+00 -7.586782533757349123e-01 8.217852954818689604e-01 9.251095327038739713e-01 1.040930814914883928e+00 1.526685810451157810e+00 1.676842506471293515e+00 1.779184730589698837e+00 2.238515817391721008e+00 2.618865666134633674e+00 2.680405552279534476e+00 2.693813799984165591e+00 2.826892612276776795e+00 2.988453974691996695e+00 3.226557651242279334e+00 3.333170102441861182e+00 3.498499202505642725e+00 3.618772177966947279e+00 3.809939173488764208e+00 3.914624526821898431e+00 3.949260627819557445e+00 4.077740964711884075e+00 4.102266175510179913e+00 4.691801910018896571e+00 4.883569444219401312e+00 4.932650960063029721e+00 4.976791555485910123e+00 5.254548382898659220e+00 5.361954443918195423e+00 5.468995521440441543e+00 5.675304989197472949e+00 5.758701620371808438e+00 5.792960503599322131e+00 5.915716558543045345e+00 6.037350283414339991e+00 6.140615127007034602e+00 6.188334781732939049e+00 6.274065404275518176e+00 6.354829716283932228e+00 6.426515187622753977e+00 6.447413043232464780e+00 6.522494293461189585e+00 6.551789289996152732e+00 6.683153776551421288e+00 7.226009819581666882e+00 7.296366580571509886e+00 7.367811394995944063e+00 7.424426342887580077e+00 7.740249164246302271e+00 7.857697931312787709e+00 7.999072548417752060e+00 8.553620503769998606e+00 8.747703244356667796e+00 1.414365000566016661e+01 1.427513742858443635e+01 1.437808300210650003e+01 1.444483597292479971e+01 1.453724777712657534e+01 1.460167472237975872e+01 1.490944221902483413e+01 1.510399953629593384e+01 1.513670016182034672e+01 1.536765048723841609e+01 1.546287815931244047e+01 1.551719057931286017e+01 1.559095992872063263e+01 1.563073257903534241e+01 1.574594349014409644e+01 1.586142896559274185e+01 1.651954778567319337e+01 1.657990207163987151e+01
-1.304966614667379954e+00 -9.353639116445877644e-01 -5.354314353105945612e-01 8.458546142918983435e-01 1.010757052190818239e+00 1.148964862177114243e+00 1.420278063056261475e+00 1.620102772513321021e+00 1.714933638975289609e+00 2.189087447982632995e+00 2.495164189548734868e+00 2.538773226711510844e+00 2.565823154271503981e+00 2.685607550332956173e+00 2.829890757814299551e+00 3.257180204906608090e+00 3.342435403390906057e+00 3.507913121962316527e+00 3.663389271534354119e+00 3.848950024786323532e+00 3.943889328770270097e+00 3.968670038097745323e+00 4.065958705717611643e+00 4.092360414453080963e+00 4.755895310210649818e+00 4.863387318704195827e+00 4.905312277153913492e+00 4.946508988262039885e+00 5.250818901718456111e+00 5.434215693877079367e+00 5.540805805349824809e+00 5.692627615446997247e+00 5.755569342341432026e+00 5.819494574655679209e+00 5.949994667501232293e+00 6.058334547880166454e+00 6.145169411352194189e+00 6.213261180573052656e+00 6.290220898422964169e+00 6.352878315823437205e+00 6.417030076200432198e+00 6.433303367139260764e+00 6.530912202671955491e+00 6.576545158766686328e+00 6.674579620335199692e+00 7.190471178537802821e+00 7.264685699824502407e+00 7.329969486129714440e+00 7.404298889452706867e+00 7.619118749443276606e+00 7.730315751432163651e+00 7.888080743760028213e+00 8.636572101848438265e+00 8.802132636470863858e+00 1.414294603161384778e+01 1.423712872825778319e+01 1.440139816546874663e+01 1.443274967933382236e+01 1.452565327762100189e+01 1.456810055306317864e+01 1.494834474979179895e+01 1.512402911484523571e+01 1.515041515964833962e+01 1.534466958170763107e+01 1.542884750955797379e+01 1.546905479382340509e+01 1.553273315986505843e+01 1.558379959811624360e+01 1.566431451346598003e+01 1.578048407769700567e+01 1.654693517051330431e+01 1.659314556152281384e+01
-1.124767918933645472e+00 -7.659832055463955403e-01 1.892600858946129339e-01 8.678835514124333406e-01 1.040350124285402300e+00 1.269647207043778314e+00 1.406812530669676153e+00 1.571339893257143405e+00 1.660791953664170650e+00 2.147801411561733431e+00 2.355610579754940037e+00 2.407995104612281612e+00 2.436480802621335595e+00 2.539509843223690222e+00 2.660240486362321022e+00 3.278304233196483342e+00 3.341066184103532066e+00 3.467706957052859362e+00 3.772104142726433462e+00 3.891305946007405314e+00 3.958601760371757816e+00 3.996023858450279409e+00 4.055306551477993793e+00 4.081448728700965312e+00 4.773220863731731711e+00 4.841763794284116962e+00 4.888069400918612750e+00 4.938663884892751099e+00 5.269620659382475480e+00 5.501001304757838106e+00 5.604906986478165543e+00 5.716465992815956909e+00 5.743202510516638881e+00 5.838199698202837240e+00 5.987224800109650857e+00 6.077884248501451481e+00 6.155514403026550063e+00 6.232740508126051182e+00 6.298963544484863952e+00 6.346573318055151347e+00 6.387653893079285439e+00 6.412060980551371969e+00 6.538195623231271014e+00 6.597387749872249962e+00 6.665784243552352883e+00 7.171165588579419214e+00 7.234763982666672533e+00 7.316305106441792105e+00 7.401990311657717925e+00 7.502899912812559968e+00 7.605252350009351403e+00 7.774610908574375756e+00 8.713600054958238417e+00 8.843089321512932699e+00 1.414614282636759413e+01 1.420450738874104601e+01 1.441900857217992638e+01 1.444029033495615089e+01 1.451606316312606637e+01 1.453977530856132105e+01 1.500251752747711720e+01 1.514743650712341605e+01 1.516996761952515627e+01 1.532745495978869776e+01 1.539728637958356039e+01 1.542389523587346467e+01 1.547724001174785791e+01 1.554051198709557546e+01 1.558642054676924360e+01 1.568766176019139635e+01 1.657314558157971263e+01 1.660506176585571581e+01
-9.181690803268284240e-01 -5.260838835210612796e-01 6.240065066821420814e-01 9.109424108409146514e-01 9.772116920792933703e-01 1.322963824243918118e+00 1.404485086258423276e+00 1.580545811048989613e+00 1.699767838654807850e+00 2.111009001604871038e+00 2.212617723351911092e+00 2.309286384232627221e+00 2.325878570140417878e+00 2.401685157534182657e+00 2.491403323787831692e+00 3.290827899097037879e+00 3.328767954308429200e+00 3.446709748515413896e+00 3.859833214508236576e+00 3.924406448208237475e+00 3.975111559739743061e+00 4.017749641545929506e+00 4.047022197932205856e+00 4.066898549521853923e+00 4.758888071804056707e+00 4.825070902718422872e+00 4.851015978002567230e+00 4.978537004416101475e+00 5.316798831963338579e+00 5.549158097299602410e+00 5.650475701845551590e+00 5.704686436919089942e+00 5.761350726339657058e+00 5.825381260308749809e+00 6.036944132532465979e+00 6.092512882863408308e+00 6.179612259989952783e+00 6.248404503763491213e+00 6.303596675278106076e+00 6.331911150555355583e+00 6.350968968852041208e+00 6.386451933673570558e+00 6.540076367048919259e+00 6.613019413335234020e+00 6.657600044947427520e+00 7.176077086010689499e+00 7.224814246011358243e+00 7.317873517154107610e+00 7.384175411772893050e+00 7.421747453169706965e+00 7.495736081556302111e+00 7.664039089319505393e+00 8.778796165825159648e+00 8.867485558861206485e+00 1.415037436587177133e+01 1.417877382613722226e+01 1.443660722790689022e+01 1.445719662062578159e+01 1.450656939963099390e+01 1.451718878265341317e+01 1.507095851346539206e+01 1.517278568140191908e+01 1.519571380666386418e+01 1.531667123065961356e+01 1.536548401749318238e+01 1.538114857595605756e+01 1.543176953390743478e+01 1.548912747501996812e+01 1.552906674748576421e+01 1.559669533257799756e+01 1.659492189261333550e+01 1.661410295412136051e+01
-6.530024266607536987e-01 -2.607956955336656613e-01 6.351623523691395379e-01 9.597486691389439661e-01 1.070696708957735277e+00 1.250392234482584186e+00 1.321421558804968255e+00 1.721192289736477532e+00 1.786035101814059223e+00 2.079287629567097451e+00 2.104000811808824256e+00 2.246695739788882040e+00 2.253751599543773132e+00 2.294742303976705422e+00 2.332625702941047763e+00 3.297970901650684628e+00 3.314066378151282688e+00 3.440986183839350510e+00 3.908704696181440674e+00 3.934845384102586774e+00 4.006562136958469189e+00 4.028923173110499079e+00 4.042770199549396537e+00 4.052275825754062311e+00 4.741083354822573703e+00 4.814678609246957564e+00 4.822036818181652862e+00 5.017119931085737505e+00 5.388334866400538381e+00 5.540384797415248030e+00 5.694099893846845895e+00 5.707382019109297211e+00 5.765854097376866605e+00 5.787728151189978298e+00 6.079399116387147473e+00 6.095459320951690962e+00 6.227898349079075579e+00 6.266410975278328799e+00 6.303291206904155786e+00 6.315219620555084568e+00 6.320364326167113411e+00 6.351297660271938206e+00 6.536809818761968316e+00 6.625240166670602449e+00 6.650113349237882332e+00 7.206743546924053945e+00 7.232910098177044667e+00 7.306824067501128006e+00 7.316736174918370139e+00 7.412409582299833488e+00 7.443108775390141929e+00 7.562769958722709518e+00 8.828502618191027551e+00 8.873533248649454919e+00 1.415186362599082059e+01 1.416376895852783768e+01 1.445741561737057168e+01 1.447310685330379876e+01 1.449409284592912428e+01 1.450075616144700419e+01 1.514898937568656834e+01 1.519434894915416123e+01 1.522714127549197727e+01 1.531225806250213317e+01 1.533465030449041677e+01 1.534210007532839981e+01 1.537189425794892728e+01 1.545360041303276333e+01 1.550283613063019672e+01 1.552548971370600128e+01 1.661010348044963791e+01 1.661885142476090849e+01
-1.737805468484416305e-01 -1.642705244016412144e-02 1.948222896040870122e-01 1.158379423065682756e+00 1.160143056831377972e+00 1.169016070628898563e+00 1.170031937198649397e+00 1.819917253315516348e+00 1.821809041049518685e+00 2.060424587862968338e+00 2.066728304611413325e+00 2.233731364837776567e+00 2.235818522797220265e+00 2.236946538362111880e+00 2.247527728893491172e+00 3.304006778822449863e+00 3.304349108592346429e+00 3.440245732330914130e+00 3.920990187583246023e+00 3.938142288387865619e+00 4.024691306631768661e+00 4.030843523463107481e+00 4.042937116988890800e+00 4.044054904832462327e+00 4.733472521047680459e+00 4.810678883714674114e+00 4.811898752897767473e+00 5.032320643415752137e+00 5.469644597750318304e+00 5.474134438778329503e+00 5.738801605649371140e+00 5.739216632480479419e+00 5.741902832160474368e+00 5.743872082092706499e+00 6.093066860937698337e+00 6.096257540210800130e+00 6.276020018125122668e+00 6.277465124897481097e+00 6.301438651914825329e+00 6.302087372282122679e+00 6.312346170381972321e+00 6.313072109502690488e+00 6.534425968979488353e+00 6.631832432781243014e+00 6.645344464606351309e+00 7.256154724205219786e+00 7.256763430432799034e+00 7.261909450758868623e+00 7.263460813180034670e+00 7.411825829989708403e+00 7.480476749998942410e+00 7.481532669209383535e+00 8.860121468900928221e+00 8.860822403021389349e+00 1.415014067470851344e+01 1.416082992920972750e+01 1.447689117179985629e+01 1.447699742280668289e+01 1.448643134442887792e+01 1.448893258889589220e+01 1.520204525786670757e+01 1.520320359338734839e+01 1.524997925026474554e+01 1.531242476027490262e+01 1.531264937849688756e+01 1.532089320685702560e+01 1.532308343657701677e+01 1.545436513567996428e+01 1.548966423359287070e+01 1.549788797760628256e+01 1.661766558217358991e+01 1.661817219741350371e+01
-7.743844099198265996e-01 4.098096881207372588e-01 4.959654506068788549e-01 9.333724974802020125e-01 9.771477663845936634e-01 1.173049959105671114e+00 1.254229431279615614e+00 1.717565665297074551e+00 1.872530026664522174e+00 2.052923744931708150e+00 2.074036076541437623e+00 2.178670488944553618e+00 2.225381370934695902e+00 2.261892447805968764e+00 2.287291958668824066e+00 3.272280800456357941e+00 3.329084363426327187e+00 3.436447414309357740e+00 3.917752922879842892e+00 3.944497400852296831e+00 4.010746845012215012e+00 4.029191528255164911e+00 4.046851584736627316e+00 4.057592368726318455e+00 4.710934479859599122e+00 4.782293093785844107e+00 4.821561171516812294e+00 5.128826849738129745e+00 5.340856180918373219e+00 5.530755922419602122e+00 5.628215591779123450e+00 5.657897520616455012e+00 5.793852230949414484e+00 5.919775644840347795e+00 5.949333557257570071e+00 6.107656499054088250e+00 6.225523580291810077e+00 6.240156882888460821e+00 6.287683107629793433e+00 6.352353443964086743e+00 6.371140758378427194e+00 6.410824683982588645e+00 6.549215399768767654e+00 6.622810445284064151e+00 6.646319315559498619e+00 7.193789765365704802e+00 7.206425463932526476e+00 7.302399446506080416e+00 7.344048381322733299e+00 7.467877678294112975e+00 7.494276537428566698e+00 7.555887850295508912e+00 8.670096307567925820e+00 8.995467141747658602e+00 1.416316180462131413e+01 1.417419213983655979e+01 1.441713807992438312e+01 1.442996654488419495e+01 1.451375382469464093e+01 1.452494069452088077e+01 1.508389560920248229e+01 1.520899336732252927e+01 1.526894602913340471e+01 1.528091711411414799e+01 1.528595410891619899e+01 1.535560862666127058e+01 1.536556439761261750e+01 1.548444038664339750e+01 1.549693133136908862e+01 1.557847999686932994e+01 1.652889859579157772e+01 1.666561099822634162e+01
-7.509378193862975559e-01 -6.486847662301896689e-01 6.463510147175680620e-01 8.201245774542165190e-01 9.115701279163622717e-01 1.173707403843270658e+00 1.288002116891369786e+00 1.496777779809567832e+00 1.961255925816764778e+00 2.055132812257856489e+00 2.092046478741945936e+00 2.155686107716586974e+00 2.204651175224500381e+00 2.272783582600192531e+00 2.290150887213073805e+00 3.242382054889525023e+00 3.350801629951163374e+00 3.425788461819257336e+00 3.922710117751246894e+00 3.943532646453325796e+00 3.985472695261290443e+00 4.016934904999882150e+00 4.061780678513764009e+00 4.082220729386348168e+00 4.699027605454133116e+00 4.763577576870416941e+00 4.832010371156189699e+00 5.315789618273520034e+00 5.396267827349984003e+00 5.430473031770380210e+00 5.562993730164497386e+00 5.672811718400997627e+00 5.780372722798970742e+00 5.813382238671332303e+00 5.951624714797670634e+00 6.087676341437481042e+00 6.194206097027341151e+00 6.250086352153159552e+00 6.255239828052838291e+00 6.398996804584418996e+00 6.442407593119373388e+00 6.477411096858734396e+00 6.559647144751359349e+00 6.601919002308397566e+00 6.636829959403390156e+00 7.154918846658957499e+00 7.193548408212256717e+00 7.316638608231102126e+00 7.373418645075662248e+00 7.546296364068112439e+00 7.566988849245363191e+00 7.645191084879532362e+00 8.401601399539231352e+00 9.116987298604534828e+00 1.419552611779612761e+01 1.420643335580999356e+01 1.434044691138962691e+01 1.435618412596100946e+01 1.454845094608098144e+01 1.456492274904728212e+01 1.499424770213828850e+01 1.519612842897561755e+01 1.524285289746835304e+01 1.525291586366024532e+01 1.529028726893691292e+01 1.538971118826365370e+01 1.540106244365725630e+01 1.547739676510410689e+01 1.548885224985791709e+01 1.577697508662004999e+01 1.636462285091685231e+01 1.672375170487656959e+01
-6.628788982229032456e-01 4.367577859543596563e-01 6.452730910464324898e-01 8.885195859961024789e-01 9.964509078233471095e-01 1.226151536437769529e+00 1.279352731324873371e+00 1.336745850186193296e+00 2.058750035556665026e+00 2.086560192651107926e+00 2.110058434507343428e+00 2.150128762574558206e+00 2.165495894627742057e+00 2.261107451106653343e+00 2.305045284568906006e+00 3.228595646424372134e+00 3.370613011005526793e+00 3.408988591703723259e+00 3.933310022656552274e+00 3.946077852400084129e+00 3.968265208329968097e+00 3.989638766501217404e+00 4.083262752027556175e+00 4.101359604307031503e+00 4.726846096845900291e+00 4.757702369285313537e+00 4.848004163181971471e+00 5.362082042165091877e+00 5.499949777709390197e+00 5.525692204542766994e+00 5.556064071539838167e+00 5.674485774921254944e+00 5.701486827317891581e+00 5.861863501956406708e+00 5.953506181856704771e+00 6.071561309283365127e+00 6.131565285238051999e+00 6.152722146415823268e+00 6.288103469672872592e+00 6.400788473855686611e+00 6.500149658600602898e+00 6.504271711970177172e+00 6.516692488600590139e+00 6.576015982223556655e+00 6.603031268868561732e+00 7.150103964323479389e+00 7.198843790254387365e+00 7.331569542180726984e+00 7.384659725858731427e+00 7.479295465830324119e+00 7.522960932239788789e+00 7.782781739942291388e+00 8.116780440863676560e+00 9.217999891474688567e+00 1.422791135341289959e+01 1.423847098820338708e+01 1.428155030261531522e+01 1.429447503339899761e+01 1.459287554325951319e+01 1.460955375021446834e+01 1.498628966047721178e+01 1.513196631903076472e+01 1.522597354046911100e+01 1.523525370034879423e+01 1.533250863261639552e+01 1.541583169178999846e+01 1.542573754534725516e+01 1.546168773395777229e+01 1.547098405569942337e+01 1.592951938218489794e+01 1.617694674809235167e+01 1.678421710034347925e+01
6.240357429127244560e-01 6.308362521711097237e-01 6.422645167104293895e-01 6.472707207487052861e-01 1.066959190123197176e+00 1.071611134427757461e+00 1.387299483871005767e+00 1.388499162304866363e+00 2.112946030348212823e+00 2.124655217564964005e+00 2.126123383521359322e+00 2.127027482808692582e+00 2.139375224945475384e+00 2.269061467128381082e+00 2.276620237664130020e+00 3.226979557466104431e+00 3.389237012059862497e+00 3.389607721946162222e+00 3.943447877442759708e+00 3.949935439757454425e+00 3.963154131170427252e+00 3.963729408533268384e+00 4.094541269988265952e+00 4.109259856293297375e+00 4.752213340910685702e+00 4.752966014315003207e+00 4.857704192339672211e+00 5.537930504120351038e+00 5.539678040899304712e+00 5.541998172381134680e+00 5.544652948313877339e+00 5.633085857775919969e+00 5.633927926224586713e+00 5.980671772158931532e+00 5.986083140440467076e+00 6.028781364198265713e+00 6.042547785811139605e+00 6.076296140148861546e+00 6.343838407594640572e+00 6.405433572681842769e+00 6.408016491435079232e+00 6.543915000322626518e+00 6.544648104731787264e+00 6.556300569859859984e+00 6.558351686923601598e+00 7.170891025670531604e+00 7.177961120127184458e+00 7.406068598784389501e+00 7.407404043666599769e+00 7.411053014866390676e+00 7.412827533440385253e+00 7.911637019276055227e+00 7.913562647150510720e+00 9.258692879319172064e+00 1.425045953755025963e+01 1.425061582905267699e+01 1.425989063277935465e+01 1.426264340404086539e+01 1.461878740972493773e+01 1.462950089842742862e+01 1.504580300347814870e+01 1.504698981498422761e+01 1.521944462252364616e+01 1.522884731427199334e+01 1.536109606327492649e+01 1.543882389998035087e+01 1.543916175515782463e+01 1.544704440930963329e+01 1.544970755696620301e+01 1.603706864665338827e+01 1.603736858888936112e+01 1.681108928637681643e+01
-3.259322426872863221e-01 2.150688269987416357e-01 8.481822452769812726e-01 9.116202708661388376e-01 9.742101253274804140e-01 1.077310025646355474e+00 1.263938289849490859e+00 1.507129704413526339e+00 1.969993125220410590e+00 2.113670631175101899e+00 2.138944294957657810e+00 2.159646391940017285e+00 2.266720132146410549e+00 2.288994072818423486e+00 2.349506088275699067e+00 3.229907470464953967e+00 3.382357042932862878e+00 3.399594416922260720e+00 3.942376327758385646e+00 3.946087703449537631e+00 3.964910153144274751e+00 3.979120602285782127e+00 4.090152994394005148e+00 4.113945198424795890e+00 4.752448811234686765e+00 4.760357093972017672e+00 4.859926343293535567e+00 5.447606118313860435e+00 5.506139675956557511e+00 5.552228743027574964e+00 5.586174588941015706e+00 5.623225031296381182e+00 5.644620306677675003e+00 5.959797528358140362e+00 5.971565310020976014e+00 6.034338026180028791e+00 6.055773819550767101e+00 6.100367125030270898e+00 6.315472540554130987e+00 6.398462148328119881e+00 6.419595830179974705e+00 6.534927637234840603e+00 6.540815003075472589e+00 6.561404541998838269e+00 6.582740634996824269e+00 7.150517428808958798e+00 7.204922607325128681e+00 7.352004084254364358e+00 7.383943848419338707e+00 7.457981693519319499e+00 7.502497092874982343e+00 7.881199920664896830e+00 7.939529208610705879e+00 9.248366764391487749e+00 1.422832728179863260e+01 1.424645021993010907e+01 1.426828757526970470e+01 1.428142215611014798e+01 1.460943709922433520e+01 1.462638709555216288e+01 1.501582376940341312e+01 1.505574076322578314e+01 1.522995372325799934e+01 1.524864268745938567e+01 1.533130012041275769e+01 1.543268563601166399e+01 1.545067783313070464e+01 1.546667110704445314e+01 1.549133444602311904e+01 1.603030514088343494e+01 1.605025903784345331e+01 1.680601893868410457e+01
-7.790981489229261703e-01 -5.842317327990617093e-01 6.176820035838084255e-01 8.313205130173985102e-01 1.011088434237649158e+00 1.145991481436439585e+00 1.310646754183816043e+00 1.583807810580763809e+00 1.846404305310645366e+00 2.122164900867439918e+00 2.176462732694532054e+00 2.217573848818010784e+00 2.335218585815332482e+00 2.408190469076981977e+00 2.495524820965481894e+00 3.235945207158481551e+00 3.367643005169838499e+00 3.423397813335118389e+00 3.937660368520858878e+00 3.946533068211647066e+00 3.974149246750677378e+00 4.005763750847153304e+00 4.084772657847716815e+00 4.123512956539635788e+00 4.751657433141915909e+00 4.778482400147836984e+00 4.870075696123605802e+00 5.340201758798546194e+00 5.450720355715310106e+00 5.530602717905128252e+00 5.557269521826944114e+00 5.608793259863714908e+00 5.682528499450395287e+00 5.913312905926053631e+00 5.944000725262193363e+00 6.044492810020684281e+00 6.078754175188552544e+00 6.146094221807399727e+00 6.259684062936503146e+00 6.386979356492516580e+00 6.430930002580558913e+00 6.523884287311044083e+00 6.533562327508162682e+00 6.580037460970671326e+00 6.620539990766753924e+00 7.145045424549458346e+00 7.207415123009634605e+00 7.346011362636677866e+00 7.401588631174645272e+00 7.526648264509620212e+00 7.614293716651400423e+00 7.846516814788393468e+00 7.962534984417853678e+00 9.217756376167688614e+00 1.420423548955952242e+01 1.423625846700642050e+01 1.428467625676838892e+01 1.430443958300949703e+01 1.458410871375405016e+01 1.461776526828958822e+01 1.497403260476274411e+01 1.505639745173122890e+01 1.524159043808739078e+01 1.527218761150787962e+01 1.533639316143949394e+01 1.542099380678254406e+01 1.547427146384431218e+01 1.550280005675091388e+01 1.557429987423556916e+01 1.602434193583527389e+01 1.607552716412949678e+01 1.679093141162095293e+01
-1.044230127233704675e+00 -8.829061268832220088e-01 -4.451081241135092514e-01 6.989797228783127814e-01 8.437454589347022083e-01 1.254678135681803752e+00 1.459035276579558449e+00 1.601730127563195882e+00 1.854974938185731448e+00 2.143024111263916343e+00 2.224328955488342530e+00 2.295143767328719608e+00 2.416285598974885040e+00 2.534481327500784698e+00 2.658424338866230308e+00 3.238143308484920713e+00 3.353738361455279371e+00 3.450783295493064617e+00 3.921491450685603120e+00 3.951753483566014413e+00 3.988839448735006954e+00 4.039428914129906900e+00 4.090587192585444676e+00 4.136106167497660913e+00 4.751070414821975341e+00 4.791335065571460383e+00 4.896067124320824249e+00 5.231249527078152717e+00 5.382944359133000845e+00 5.469572155093517019e+00 5.538626708928993558e+00 5.591201628556287773e+00 5.693728097263843324e+00 5.861564987078060618e+00 5.909385415522673490e+00 6.040916411801456221e+00 6.096755649098246188e+00 6.179772289891457326e+00 6.223848379698358357e+00 6.367815761113708284e+00 6.432554283828206820e+00 6.512866819657592288e+00 6.536430830040405482e+00 6.592198941560110548e+00 6.664117956939666243e+00 7.148416892156856051e+00 7.200608469554405033e+00 7.361902245922514076e+00 7.472162162374218930e+00 7.611745108317672148e+00 7.730311315185355525e+00 7.818093313344004258e+00 7.983790110073549329e+00 9.167984451244604927e+00 1.418348657632008170e+01 1.422856104994549042e+01 1.430411790811936079e+01 1.432934392230223430e+01 1.455102985838951390e+01 1.460424017648377593e+01 1.493395305191888767e+01 1.505712667353469669e+01 1.525891462628584527e+01 1.526491366906193292e+01 1.540125842553734614e+01 1.541534309075640685e+01 1.549547771115615191e+01 1.555525906154320559e+01 1.566526596784074243e+01 1.601811687326652134e+01 1.611636354489606759e+01 1.676619546311250275e+01
-1.242870570607486291e+00 -1.105959292823636142e+00 -8.554892654025513243e-01 4.870694084377968358e-01 6.874909285810973936e-01 1.236131940447545041e+00 1.479097241436031496e+00 1.767171025813744967e+00 1.928120959144805191e+00 2.171966833360817972e+00 2.278596148982356517e+00 2.364831587984005612e+00 2.528767486848172208e+00 2.643549063458940029e+00 2.817420009338793996e+00 3.231664782047048323e+00 3.347583725257081255e+00 3.469253894094076696e+00 3.882800448702877105e+00 3.964206050552767202e+00 4.005112494776756016e+00 4.079117385211785241e+00 4.116187525591389118e+00 4.153602765336397162e+00 4.750732955290698278e+00 4.790499757909869594e+00 4.932992450749122959e+00 5.135676736370822226e+00 5.309037400907860693e+00 5.407537465345892969e+00 5.524269371071389045e+00 5.575266810741440260e+00 5.669609314747849460e+00 5.809462027230696712e+00 5.868800701953478693e+00 6.011586795719838783e+00 6.109558196286411835e+00 6.173632627866388667e+00 6.244720019350237017e+00 6.340844368119051389e+00 6.425973155710129170e+00 6.501454387336158547e+00 6.546570734584764573e+00 6.598518850568786398e+00 6.705671677983316314e+00 7.140467592068903357e+00 7.228124304501513997e+00 7.390295536528267206e+00 7.554910836670783780e+00 7.704276754705738028e+00 7.770046288609567142e+00 7.880660455037234335e+00 8.010681165576581719e+00 9.100995159985483696e+00 1.417084626594765417e+01 1.422366790507048151e+01 1.432893273290396685e+01 1.435697736389585977e+01 1.452008655269067461e+01 1.458667002488555831e+01 1.490043409671432251e+01 1.505985862781921192e+01 1.527344963600950933e+01 1.528361414093260073e+01 1.539998591216674662e+01 1.547838363522123295e+01 1.551860854047911609e+01 1.560883676325831892e+01 1.575850014864183812e+01 1.601309543697784576e+01 1.617295359335403404e+01 1.673242086926060779e+01
-1.394504734215061603e+00 -1.265353330070253302e+00 -1.064855537864314305e+00 -3.420272429654905855e-01 6.686780650665757886e-01 1.119107445136024559e+00 1.553232826296105262e+00 1.899137575102910924e+00 2.007020566575512532e+00 2.205487827621650077e+00 2.334491087618947525e+00 2.421740697442590129e+00 2.649982464871644350e+00 2.740052468110675488e+00 2.955822098680444654e+00 3.222058594212687144e+00 3.346705722637711933e+00 3.471580557877052886e+00 3.828269559103044894e+00 3.973611474676093103e+00 4.020890810853122943e+00 4.122506577736620770e+00 4.155031891388367704e+00 4.185082992507858535e+00 4.746696436004365083e+00 4.780482817464582368e+00 4.959639881488790536e+00 5.071226009118575462e+00 5.232697286466622799e+00 5.364869817998437540e+00 5.507215250300451892e+00 5.563730417746122647e+00 5.626859614605248083e+00 5.764708994244524654e+00 5.816494845801543079e+00 5.974634258932448816e+00 6.115453063225461783e+00 6.169044201244965997e+00 6.260269336957555275e+00 6.314706775426606633e+00 6.415056224047305911e+00 6.493316550101977391e+00 6.551021193210295301e+00 6.604572714608718975e+00 6.740338344571834561e+00 7.129740563633623296e+00 7.279455230758321349e+00 7.428423624134494752e+00 7.602366050536808473e+00 7.760283016968715586e+00 7.829054958617845728e+00 7.976253460561687270e+00 8.073843203853515504e+00 9.019709271853406207e+00 1.416995702614722319e+01 1.422280236498754746e+01 1.436097611420282583e+01 1.438777934777472289e+01 1.449977585528046831e+01 1.456640711256901000e+01 1.487584120059208992e+01 1.506620614385069068e+01 1.529921217345329332e+01 1.531204488363922067e+01 1.539155781149326963e+01 1.552574130921418316e+01 1.555494218432380471e+01 1.565641885314945370e+01 1.585049453796877117e+01 1.601200354891944855e+01 1.624216066506415856e+01 1.669045566374022727e+01
-1.498745905662124622e+00 -1.360625075345265556e+00 -1.175715984748058274e+00 -6.347142599622580539e-01 7.060060989478381677e-01 1.034840059720919303e+00 1.615577335346543020e+00 1.957491830089233664e+00 2.087531005325727662e+00 2.238889032643601062e+00 2.381576880251192740e+00 2.467359230986492680e+00 2.748401160657471198e+00 2.831489768668193019e+00 3.054103926953448234e+00 3.223798103606893228e+00 3.344450374978201523e+00 3.458744226139537137e+00 3.767649162214381064e+00 3.969952095709170514e+00 4.038230133297116886e+00 4.160661633389860725e+00 4.190975815846520902e+00 4.244435874927813046e+00 4.728182007450652868e+00 4.771754353617575717e+00 4.957860690484909405e+00 5.051140139174551180e+00 5.164784322672849370e+00 5.342311692099916520e+00 5.481286123663243970e+00 5.546741579979060255e+00 5.596764477968887874e+00 5.728370586472736115e+00 5.770107321425287594e+00 5.939880449034879106e+00 6.109693420120321683e+00 6.167397864442549782e+00 6.240024377132302291e+00 6.309029044103162676e+00 6.402443950627976221e+00 6.488694038661311225e+00 6.545263210702676027e+00 6.614659114336960855e+00 6.765111053309496469e+00 7.121917572069992985e+00 7.335622146744761984e+00 7.466845837113686990e+00 7.601780599789602633e+00 7.818495172052728037e+00 7.916080695051998184e+00 8.046845227837900794e+00 8.190931882056029067e+00 8.928392113439052480e+00 1.418008357586069401e+01 1.423023980377284659e+01 1.440014589734922446e+01 1.442173141811773718e+01 1.449563677938070683e+01 1.454610594282994462e+01 1.486243189927485098e+01 1.507742418591008260e+01 1.533148852240545601e+01 1.534522675139075787e+01 1.538405759215082291e+01 1.554969642257519169e+01 1.559735474775748365e+01 1.569696496909102024e+01 1.593742789256397252e+01 1.601757991782699975e+01 1.631840912267346511e+01 1.664139321197387034e+01
-1.547833171179453959e+00 -1.392664299751487755e+00 -1.217366751786062018e+00 -7.411478909767246215e-01 7.619930599107377356e-01 1.021715974327342735e+00 1.660700320354686177e+00 1.975454272418330826e+00 2.144553995618681430e+00 2.266253232205988954e+00 2.410943274126475355e+00 2.497551915149077484e+00 2.807244106393475658e+00 2.914531605865751107e+00 3.092794681252715616e+00 3.246604321754054112e+00 3.334559639943574627e+00 3.436474159513528193e+00 3.709873704464483168e+00 3.960003628285667432e+00 4.053694112919941972e+00 4.182160749487755069e+00 4.228895910973974104e+00 4.316873687214467736e+00 4.699072553090074322e+00 4.762557492840836737e+00 4.938118386764376311e+00 5.057896311395770006e+00 5.118827502887780767e+00 5.329643782462600399e+00 5.448359268094280949e+00 5.517918819590959423e+00 5.595458620938664751e+00 5.688709487029556477e+00 5.761382480373384851e+00 5.905699953431151172e+00 6.095391582992577106e+00 6.156604175979484950e+00 6.209128087746344171e+00 6.304136821088532905e+00 6.392304189925016367e+00 6.483861946121426634e+00 6.538325972299127820e+00 6.625919029319321751e+00 6.778921082171158297e+00 7.116299155064701232e+00 7.369041320016243901e+00 7.498536758272922320e+00 7.612300152720479218e+00 7.863275881068890527e+00 7.994028515074435681e+00 8.137489113690708820e+00 8.319117567218853537e+00 8.833665058686539950e+00 1.419202182316222505e+01 1.425661526948571023e+01 1.444049785772704375e+01 1.445967817107047360e+01 1.450332035210089643e+01 1.453824712015901532e+01 1.486315207026996887e+01 1.509344696816723363e+01 1.535545333137327795e+01 1.537903578292146101e+01 1.538825685875334237e+01 1.556821258568404431e+01 1.562529232023629255e+01 1.573130825701438695e+01 1.601334696833100324e+01 1.603242863571077947e+01 1.639563335398238308e+01 1.658660706435171761e+01
-1.533941962008952054e+00 -1.362243525343154404e+00 -1.197129284548029915e+00 -7.227839586379294357e-01 8.266266859300192005e-01 1.079859335143496857e+00 1.694543712669163593e+00 1.974248277340814983e+00 2.173909161905355880e+00 2.284795064508625018e+00 2.422069468840148510e+00 2.506619123933663928e+00 2.834221021539804042e+00 2.969011881891173044e+00 3.089545644223723464e+00 3.257187391146994404e+00 3.313705720236874264e+00 3.408955021179226552e+00 3.662005757412866824e+00 3.962219430136840082e+00 4.062103046859379951e+00 4.186587659047047438e+00 4.261008209483858167e+00 4.383795268202652196e+00 4.671992010278121832e+00 4.742385826749869082e+00 4.915934138217420646e+00 5.068135134541045694e+00 5.103507076434008916e+00 5.322516640632567686e+00 5.418930374182616028e+00 5.497048625358174512e+00 5.590181282768671878e+00 5.674534871716781836e+00 5.771172106435571436e+00 5.876876476719878895e+00 6.081237279959423425e+00 6.124004399204890703e+00 6.190420995002196669e+00 6.284979886900823765e+00 6.387664872481328970e+00 6.472587883772188633e+00 6.542118275304644293e+00 6.635598268293905200e+00 6.782794962463868593e+00 7.110976554524063964e+00 7.350608138506177447e+00 7.544695565412482985e+00 7.651178760143209523e+00 7.879502866877139411e+00 8.073942931558200087e+00 8.238164434616152221e+00 8.437897820120303649e+00 8.748030274592817790e+00 1.419957620202869819e+01 1.430681493681424321e+01 1.445980813214570126e+01 1.450147205393519734e+01 1.451316669262741321e+01 1.457289362270907596e+01 1.488189193104179786e+01 1.511349244127796965e+01 1.535274495232100911e+01 1.540541834202345761e+01 1.542386926162483540e+01 1.558257919075160558e+01 1.564066323759591803e+01 1.575960457508791457e+01 1.604290782492751788e+01 1.608536470588156320e+01 1.646869328207228023e+01 1.652789042227432148e+01
-1.449949042209591088e+00 -1.266047403832730955e+00 -1.106722433314955456e+00 -5.698973030004963469e-01 9.152585501573489157e-01 1.176523453717367440e+00 1.724587121342926244e+00 1.961238985740390683e+00 2.177521438523757347e+00 2.298759473499768724e+00 2.420745344198256266e+00 2.495413058937691275e+00 2.836555304647669917e+00 2.981517805159542345e+00 3.068494589771792125e+00 3.223039088728303359e+00 3.286546888368957475e+00 3.373672438050772993e+00 3.630074430889193682e+00 3.984520375121114011e+00 4.064126780416834173e+00 4.177471707558812142e+00 4.276604384160513028e+00 4.426947741902894862e+00 4.649705338891375384e+00 4.707006006958614819e+00 4.905578736092839343e+00 5.074885751927612709e+00 5.109856878166483263e+00 5.321301767811240424e+00 5.402739793844264504e+00 5.491278262761816187e+00 5.569794527634995163e+00 5.682354282429550985e+00 5.788144176001968511e+00 5.864450278093639390e+00 6.062230994621162772e+00 6.089541784500773325e+00 6.173927839271658335e+00 6.255535521916985253e+00 6.386401516226335673e+00 6.456875251319575959e+00 6.556822162741176463e+00 6.643562844057933958e+00 6.779397073288512487e+00 7.103406264301757034e+00 7.301082414984464641e+00 7.603310989641526518e+00 7.699114683254219216e+00 7.882004527089422119e+00 8.141353308163404634e+00 8.334380127522218018e+00 8.522481639372724516e+00 8.704103355960683075e+00 1.420568629522620618e+01 1.437275505577661328e+01 1.444522690576715895e+01 1.453869522687592308e+01 1.455492084580377288e+01 1.463685315034660839e+01 1.492247321042750308e+01 1.513693367226741593e+01 1.534122051615675275e+01 1.543020358126313596e+01 1.546141600260166804e+01 1.559250140192854595e+01 1.565034227304103531e+01 1.578160036138016054e+01 1.605580206197213045e+01 1.613828087358043106e+01 1.646705745473587257e+01 1.653446028636754761e+01
-1.286332371332953972e+00 -1.091184823064389242e+00 -9.211474481342102338e-01 1.175467975808694721e-01 1.031897164787088261e+00 1.283207125634008516e+00 1.757569952165437988e+00 1.941422027918827675e+00 2.156533436930085479e+00 2.313370017838046078e+00 2.413165376190742339e+00 2.472083701324920835e+00 2.815230615833479888e+00 2.953029466940495951e+00 3.034848653664178997e+00 3.158151320210850876e+00 3.245516146895793153e+00 3.327309433401713701e+00 3.621819237226166166e+00 4.004908405624486356e+00 4.074455596920078193e+00 4.159963878944924254e+00 4.272737401828007542e+00 4.428187853052640399e+00 4.626140176008025406e+00 4.666590365555001618e+00 4.914211372992577154e+00 5.079092800229985549e+00 5.119548208195340955e+00 5.324121208891136270e+00 5.405071879572121318e+00 5.490043393506568670e+00 5.554025981112245880e+00 5.693930158412247700e+00 5.814075325939195515e+00 5.868861923314248941e+00 6.020533548545158986e+00 6.070304638009921483e+00 6.159754804496620828e+00 6.224564476951031544e+00 6.384715296664442263e+00 6.442620495976764339e+00 6.576094881718894669e+00 6.651356716796513524e+00 6.771843517316781025e+00 7.090226853216049285e+00 7.244635999215266686e+00 7.661568078162355633e+00 7.745197175830984548e+00 7.880860842744383810e+00 8.172424069559507842e+00 8.420616921315032144e+00 8.546229261569799007e+00 8.746052134953409052e+00 1.421246049921478516e+01 1.441917383062622626e+01 1.444431826939488239e+01 1.457920887421457756e+01 1.460603569255409617e+01 1.471728444456416263e+01 1.498565413621225417e+01 1.516388898764588156e+01 1.532742321221163273e+01 1.544545193142150197e+01 1.549763432201058500e+01 1.560004449631515477e+01 1.565890368438584446e+01 1.579687278286933072e+01 1.605812561017539508e+01 1.617714724521842129e+01 1.640787327183346989e+01 1.659013461913867005e+01
-1.022707708122690073e+00 -7.951385998590786430e-01 -5.615339251642010865e-01 6.704086137140528034e-01 1.165075725908937265e+00 1.383085537644330509e+00 1.796774790483456563e+00 1.921518826062202034e+00 2.120483035803056193e+00 2.327093083678474450e+00 2.401926897223879642e+00 2.446166740421075847e+00 2.767653751212501234e+00 2.903920636953231327e+00 2.986367545533511692e+00 3.077616647028629249e+00 3.189395490372904707e+00 3.268306467194966647e+00 3.641440107451852093e+00 3.999196583598961130e+00 4.102565905219012876e+00 4.140785104896651525e+00 4.255604933187196792e+00 4.382149318433538276e+00 4.593426250693714685e+00 4.638724622587210966e+00 4.919868821450909202e+00 5.080594081325175537e+00 5.130270160485742359e+00 5.331284075148526647e+00 5.415267921612905155e+00 5.498770439364863094e+00 5.549155995778695782e+00 5.712436718893415311e+00 5.838762631957836291e+00 5.880571719647738504e+00 5.977873409850174014e+00 6.045146212328980084e+00 6.142762069649352341e+00 6.210411413846398609e+00 6.377669328829196793e+00 6.433077916493073367e+00 6.595660576295366617e+00 6.660550075633948630e+00 6.762535808119790381e+00 7.067481100631374247e+00 7.194462563900938967e+00 7.714255495454294120e+00 7.785342216692569650e+00 7.880705138050649872e+00 8.153578728828753341e+00 8.495739003221553176e+00 8.567732680563887371e+00 8.825015541623539406e+00 1.422061772882570452e+01 1.439555050542236891e+01 1.449780116543064956e+01 1.462150686342978112e+01 1.467115376330417931e+01 1.480627313972040859e+01 1.506664355688486623e+01 1.519560103345735413e+01 1.531277273870532163e+01 1.544951954117992976e+01 1.553207864514416947e+01 1.560779317474665717e+01 1.566672248528815814e+01 1.580489914503559845e+01 1.604411051534443899e+01 1.620177250744540132e+01 1.635390777084266389e+01 1.663529968655049984e+01
-5.755519628541322374e-01 2.155079715273432450e-01 5.794424934359159174e-01 9.653032866701988235e-01 1.297057778409224316e+00 1.463878680693559975e+00 1.839167219049602453e+00 1.910287775001618282e+00 2.089960011686467833e+00 2.327787074268465428e+00 2.389175864330058907e+00 2.425991050174142849e+00 2.698866376285856461e+00 2.852307179101783330e+00 2.929003334366518718e+00 2.986092162638135150e+00 3.125242288811241664e+00 3.195489360870592321e+00 3.684275430951853725e+00 3.984053869275006043e+00 4.101159013039580969e+00 4.141590239284127506e+00 4.239789387516949226e+00 4.307698118812271382e+00 4.556422615247239349e+00 4.617218417294736810e+00 4.883202276611732451e+00 5.092867116865328114e+00 5.147767685108320279e+00 5.343197038486183104e+00 5.434560597190439601e+00 5.513555144054165247e+00 5.560724653438444243e+00 5.718517673063896467e+00 5.853349878980683485e+00 5.889895280036607339e+00 5.948419606176326369e+00 6.023829725363569310e+00 6.116726156867890118e+00 6.220804491769611033e+00 6.362566895304120784e+00 6.426850340025850983e+00 6.614102515077774136e+00 6.670962109339063417e+00 6.752770185289805660e+00 7.034877444945962566e+00 7.158057805515748662e+00 7.758881195066680725e+00 7.818156696181374876e+00 7.883636157136987954e+00 8.102416076475741136e+00 8.560921332389659355e+00 8.606580119349343860e+00 8.900198333522263638e+00 1.423040443629981766e+01 1.437119521648525833e+01 1.453025574376282947e+01 1.466042455115873899e+01 1.475610238703303700e+01 1.489332189994332367e+01 1.515428792124740021e+01 1.523518308358741535e+01 1.529890636194495102e+01 1.544881868641778944e+01 1.556344714999454837e+01 1.561491855760337444e+01 1.567222438050871069e+01 1.580542294205829812e+01 1.600986346130450855e+01 1.621344452560235538e+01 1.630921382592724456e+01 1.667008079564234535e+01
6.561957921111504222e-01 8.825479741578727833e-01 1.015503713197587254e+00 1.188047175850923676e+00 1.408957910711105210e+00 1.516232355008664046e+00 1.877326289383472568e+00 1.915770627177181273e+00 2.090136853861935595e+00 2.292143079626365321e+00 2.386960048005327462e+00 2.415271865026742848e+00 2.628465862831502520e+00 2.800170399661679355e+00 2.870908852025447100e+00 2.889030872474696032e+00 3.059531250904931277e+00 3.113592169236187868e+00 3.739339533450542152e+00 3.974047711904538094e+00 4.074944458215207455e+00 4.135217256073326020e+00 4.220419901574658184e+00 4.252596406161141651e+00 4.522372829903218872e+00 4.590544733097829067e+00 4.808315108163866647e+00 5.114365903088750720e+00 5.168777962735120468e+00 5.367900050535322265e+00 5.456801334017262306e+00 5.524712986133010872e+00 5.586930789986901402e+00 5.694647066015179782e+00 5.858578087359701314e+00 5.893238429656741495e+00 5.928095984646507333e+00 6.015908344856422119e+00 6.105831112123628834e+00 6.239357460062631588e+00 6.341753731649987458e+00 6.418344618208178254e+00 6.631618153881330358e+00 6.680969639808438387e+00 6.742854724253807497e+00 7.000998617583031880e+00 7.133878573802975076e+00 7.794350639844265238e+00 7.843464640552723743e+00 7.890009177900130233e+00 8.043543837262795648e+00 8.615955843105782108e+00 8.646412349636174000e+00 8.961914888576387739e+00 1.424191004056014265e+01 1.434785735415219854e+01 1.454770973803486456e+01 1.469322387938783692e+01 1.485019590366044362e+01 1.496610469900390683e+01 1.522032216311771080e+01 1.527786231530120453e+01 1.530649556647836107e+01 1.545731807370057354e+01 1.558824976213649549e+01 1.562059794703272075e+01 1.567338124142531441e+01 1.579870994389560934e+01 1.595554564068859094e+01 1.621524667668587227e+01 1.627552664250492498e+01 1.669532211014482925e+01
1.085163169037681508e+00 1.198395421588658527e+00 1.280675858308297999e+00 1.361399096438770551e+00 1.488871860098948119e+00 1.540170935422180420e+00 1.911962834924940458e+00 1.942433841104862724e+00 2.125059725441379221e+00 2.227867507649211376e+00 2.387805937829478253e+00 2.411023548256120641e+00 2.576440279765285890e+00 2.743472654079479156e+00 2.784808589818972280e+00 2.828617081738439509e+00 3.000267947630470555e+00 3.035403796684691624e+00 3.790741999371834758e+00 3.979005391942376679e+00 4.047711616012734659e+00 4.112517160202960653e+00 4.154163792286604817e+00 4.268586296137280911e+00 4.496290631846290076e+00 4.550056653370399218e+00 4.735089208372992076e+00 5.134801601552617889e+00 5.182000079676684301e+00 5.407589926871787966e+00 5.471011213275843055e+00 5.537063993278011687e+00 5.603677210580668699e+00 5.662544174327783786e+00 5.865255171756552421e+00 5.879530828715787472e+00 5.912873191859901567e+00 6.008566163595451037e+00 6.125342114554613637e+00 6.257165560052701636e+00 6.318072137734086269e+00 6.405684598784385564e+00 6.647936629376012263e+00 6.689570559186081233e+00 6.732245576485741623e+00 6.975523586985565849e+00 7.117371310352121228e+00 7.821659653478249652e+00 7.860729657930636272e+00 7.898832153216550189e+00 7.990633272249875851e+00 8.658576985371599477e+00 8.677415776328341934e+00 9.007147672210230382e+00 1.425516835233794133e+01 1.432594188199276530e+01 1.455707571407756085e+01 1.471841409280508550e+01 1.494008429126607496e+01 1.501658749316969121e+01 1.523884994458336273e+01 1.527223496114493706e+01 1.539358484377055092e+01 1.548919481190468339e+01 1.559679172151749782e+01 1.563156508252191479e+01 1.566846510774866985e+01 1.578593897495557030e+01 1.588631490607470553e+01 1.621286749721179632e+01 1.625100993969019569e+01 1.671218066601615959e+01
1.334968322873266722e+00 1.374477771128300496e+00 1.416225621073338603e+00 1.479239722311477934e+00 1.526271649490510196e+00 1.564421308224224427e+00 1.953757588975780113e+00 1.973180059307052536e+00 2.133756844046123646e+00 2.202105315970322774e+00 2.385997292403405190e+00 2.402033445108319398e+00 2.550821996068919795e+00 2.684393823556224579e+00 2.707103604775792149e+00 2.794399146108589083e+00 2.960237251001036629e+00 2.977171956452099089e+00 3.822032883384091750e+00 4.000473477404655753e+00 4.026871189433086862e+00 4.093357694024759574e+00 4.107722933715959535e+00 4.283574801249290687e+00 4.480579235603411981e+00 4.499582270653655236e+00 4.692324380976937270e+00 5.153567162985878802e+00 5.181947170299174843e+00 5.452572056484825680e+00 5.476792229894122954e+00 5.548175109282706075e+00 5.577680646481076643e+00 5.664284712620556661e+00 5.863910439507867167e+00 5.876063284231855199e+00 5.894845415809273348e+00 5.999883132085513715e+00 6.158059244017822564e+00 6.270139036056481707e+00 6.294184609222285509e+00 6.393559039895652774e+00 6.660783430934503535e+00 6.697781500151143597e+00 6.720369577469886835e+00 6.961530203513757620e+00 7.106996012725386613e+00 7.843520039707600588e+00 7.867260608630989971e+00 7.909529848384803330e+00 7.950167574727554864e+00 8.686590546810249336e+00 8.695574696198804077e+00 9.034640247967107740e+00 1.427018614119859130e+01 1.430565895340526872e+01 1.456174483847879486e+01 1.473440337346391615e+01 1.501221145384225331e+01 1.504419472789130374e+01 1.522941014891199352e+01 1.526476062111054510e+01 1.548359510727110688e+01 1.553770592842677623e+01 1.558757288649821859e+01 1.564602167594635773e+01 1.565829902449115885e+01 1.577159779818048868e+01 1.581422568393662154e+01 1.621304335461541868e+01 1.623265350364406245e+01 1.672176916669700830e+01
1.405796939290795855e+00 1.449805753962382759e+00 1.451160314424335462e+00 1.523772220117151077e+00 1.552491700890029191e+00 1.562680479022145352e+00 1.977255262384618906e+00 1.984317932003618612e+00 2.107700900286953338e+00 2.227961284223161087e+00 2.387179596186170372e+00 2.387865755873204598e+00 2.544802589051792019e+00 2.660143100623078016e+00 2.672119176499255122e+00 2.781580534274056049e+00 2.950861004334301541e+00 2.951135628465152205e+00 3.831110505497620444e+00 4.014822104498900757e+00 4.018570581845123613e+00 4.088474717530268698e+00 4.089519469535018992e+00 4.288865042263297234e+00 4.474081915047089630e+00 4.475671607304961164e+00 4.679849637812885987e+00 5.168214203366661152e+00 5.173078318897351480e+00 5.477643156479314435e+00 5.479505318723679075e+00 5.552548124595408474e+00 5.553868927988147242e+00 5.670032291781939016e+00 5.862688693382638760e+00 5.879931769175957612e+00 5.883116654824541492e+00 5.995787464295985636e+00 6.175411319860125481e+00 6.277538153445507696e+00 6.278960435649217686e+00 6.388575997994428768e+00 6.665875983435704200e+00 6.707216817985248269e+00 6.708958549998913057e+00 6.957334036860520321e+00 7.103356519184067963e+00 7.860017512606488843e+00 7.860789348073653038e+00 7.923070436170002395e+00 7.925903420159708723e+00 8.698413758982622923e+00 8.699450427144318709e+00 9.043854377661846300e+00 1.428586897862528460e+01 1.428821017751163325e+01 1.456316621105005282e+01 1.473989973106333906e+01 1.504741771503036674e+01 1.504820789942145964e+01 1.521962324147812673e+01 1.526172548264450057e+01 1.553520745285676341e+01 1.556770170774937867e+01 1.556952731071621088e+01 1.565161320217306162e+01 1.565242253170217701e+01 1.576977449865800196e+01 1.577089161089928915e+01 1.621917918280633941e+01 1.622007962616486410e+01 1.672487179020207648e+01
1.286348575527344495e+00 1.329951829360269233e+00 1.402785930962856753e+00 1.488911460746904725e+00 1.522716731166273929e+00 1.596291917222095957e+00 1.854115681401154792e+00 1.990124665976107154e+00 2.123995871652714307e+00 2.244677433994245241e+00 2.428351500039694244e+00 2.462310705737322802e+00 2.559057645482924581e+00 2.644726709570078160e+00 2.700658140992501011e+00 2.831107592396068906e+00 2.975517020178276351e+00 3.003269107064310717e+00 3.827014444113659764e+00 3.963446156842483248e+00 3.979021330870479822e+00 4.109844320171887944e+00 4.133187925570804389e+00 4.258929802947346133e+00 4.488412401794859896e+00 4.510736113227212130e+00 4.722967428517262256e+00 5.136561522410251435e+00 5.176064981258633679e+00 5.478243404356112123e+00 5.489501713282276540e+00 5.546583485615284026e+00 5.569822055237097835e+00 5.642284376883825558e+00 5.847465807073188415e+00 5.871060410742602542e+00 5.908928948938624970e+00 6.005385956478854759e+00 6.184557406675212476e+00 6.271025727718556375e+00 6.280901324030888411e+00 6.388860495109707216e+00 6.632811920839642106e+00 6.697068984031314898e+00 6.726538071332917923e+00 6.969652668899509962e+00 7.126165255505994445e+00 7.807759141977293815e+00 7.862968064507562360e+00 7.942740873100078147e+00 7.963458004527743661e+00 8.688436477622841991e+00 8.702979509829107840e+00 9.039725345763709896e+00 1.427106492604196397e+01 1.430510097267142910e+01 1.455981422445788276e+01 1.473063893270362357e+01 1.502423536042002539e+01 1.504381579165918481e+01 1.520449847448902148e+01 1.528382746887992916e+01 1.545411203041566672e+01 1.551347430074332756e+01 1.562295022885503037e+01 1.563856814130676653e+01 1.571844671389948367e+01 1.578759580833765419e+01 1.580974243275415425e+01 1.621168216984380450e+01 1.623358052363251858e+01 1.671987774166946394e+01
8.863597300145084068e-01 1.043366739919248332e+00 1.214929605350340891e+00 1.302750131092379471e+00 1.508652334441008769e+00 1.626579857829437037e+00 1.741850773434409749e+00 1.975523593144678403e+00 2.092913623714746318e+00 2.360699860446290099e+00 2.517653335973370154e+00 2.551534200365157101e+00 2.616164019766693105e+00 2.659852169585925186e+00 2.759375893910290145e+00 2.949309807609549416e+00 3.033834239644825903e+00 3.117195966880634384e+00 3.803565819158674977e+00 3.901228968737270097e+00 3.937007780151273284e+00 4.113220696749337435e+00 4.157387884494499808e+00 4.221924764050910994e+00 4.533832090489514854e+00 4.576617623699336335e+00 4.825246428582574687e+00 5.088059776068281970e+00 5.160600384940558172e+00 5.464092125086017049e+00 5.501859503413956354e+00 5.549923513934508890e+00 5.571365250063470498e+00 5.624016734317674349e+00 5.825733509576958014e+00 5.870111109558115992e+00 5.946453029368866439e+00 6.022176568526194984e+00 6.193849396909448579e+00 6.264343005251866714e+00 6.281025407463290300e+00 6.392809323296375190e+00 6.572676831843785372e+00 6.669033993141937344e+00 6.740296555004240631e+00 7.005161092480282292e+00 7.187619111795148008e+00 7.759411166399748261e+00 7.827199248660820174e+00 7.992758709567854503e+00 8.019127661909246640e+00 8.671717797752611645e+00 8.701041705567046591e+00 9.027332651851667222e+00 1.425574085207187913e+01 1.432292931012181647e+01 1.454935726888798975e+01 1.470327809086922244e+01 1.497668105521030668e+01 1.503472725415788780e+01 1.518515151059777324e+01 1.528035573570669214e+01 1.539241881679912183e+01 1.544815732347077919e+01 1.562436633535754638e+01 1.566449712691952634e+01 1.576814023970231915e+01 1.584167544658889959e+01 1.590897342769534717e+01 1.620730724830148617e+01 1.625874831854048352e+01 1.670486493278535534e+01
-6.134685376565464088e-01 4.931588752172933465e-01 8.733690323777174580e-01 1.073058312190146024e+00 1.439458991725719228e+00 1.570754614617695832e+00 1.783606567132659748e+00 1.985188073999016645e+00 2.080642833966797944e+00 2.444752706900134687e+00 2.550033221973987629e+00 2.625685928895277410e+00 2.718663488051074495e+00 2.769863955689039425e+00 2.886442054111257427e+00 3.067118799160580167e+00 3.115198598495544147e+00 3.232711630898658761e+00 3.758625751458160469e+00 3.857120746253046129e+00 3.925991186583623893e+00 4.080242081944437160e+00 4.141395344620084629e+00 4.201458243324365682e+00 4.578618785827939242e+00 4.652365827586884883e+00 4.917688398523918814e+00 5.069946805973451376e+00 5.143851902645367069e+00 5.400918212629067128e+00 5.496695587694651053e+00 5.549969997797912669e+00 5.592373041349913088e+00 5.662039486153848777e+00 5.814054534997501023e+00 5.870005134394919999e+00 5.996094799004580089e+00 6.035405549155939298e+00 6.178086896391139504e+00 6.260550901039071192e+00 6.286007133581318129e+00 6.404152036316993701e+00 6.504058271007562730e+00 6.627940750842758355e+00 6.736732328607040188e+00 7.058330685789956149e+00 7.268227333276880309e+00 7.722820648822625422e+00 7.796487888758506735e+00 8.032110491187205881e+00 8.086072974566681282e+00 8.649019834089596515e+00 8.695066766517703272e+00 9.006548158441049168e+00 1.423591163684539040e+01 1.433705178472299302e+01 1.452888859398690968e+01 1.466929344499201804e+01 1.493606190022796731e+01 1.502276589876742108e+01 1.514557025398348422e+01 1.525513703467757232e+01 1.534550540596339552e+01 1.543079598517048190e+01 1.561567986779835060e+01 1.568858864815346088e+01 1.580561661657053740e+01 1.590882549915798094e+01 1.600904889147027532e+01 1.620605605715848085e+01 1.630158259580148439e+01 1.667999867831532512e+01
-1.220530350584845047e+00 -7.861563150623227525e-01 -1.420593083817842661e-01 7.980775820948872168e-01 1.348366198176292663e+00 1.516757014997576203e+00 1.846808251565422943e+00 2.021721323452637442e+00 2.094729084754038517e+00 2.505353597248661135e+00 2.577263320083707399e+00 2.658326777037987476e+00 2.841256364043778682e+00 2.894324248616506168e+00 3.020253288140864356e+00 3.167801862006110358e+00 3.237125116930119173e+00 3.346460170037171444e+00 3.713161749245224907e+00 3.825879731418934782e+00 3.928018747213241291e+00 4.029117090935320000e+00 4.110537821590041219e+00 4.177264505519341142e+00 4.595140588341298127e+00 4.708218109552147368e+00 4.933201732975470932e+00 5.075569703551414236e+00 5.203157732629152044e+00 5.330520085578509537e+00 5.495560938728289102e+00 5.557412014009600831e+00 5.643943273934282523e+00 5.693601590015550329e+00 5.808389810393373764e+00 5.868950361692241380e+00 6.033126356167763937e+00 6.063301372291717506e+00 6.147953859197293980e+00 6.259046613785280933e+00 6.287436017948802025e+00 6.407690948773592687e+00 6.451972683423762511e+00 6.581726700677003272e+00 6.716372914139279615e+00 7.120803468475386033e+00 7.334941204690849759e+00 7.697528940909398543e+00 7.792070414772600984e+00 8.065155117681921837e+00 8.151494657466168192e+00 8.621080015994909473e+00 8.688290421819885978e+00 8.977009155894146275e+00 1.420736031286072709e+01 1.434711933669530204e+01 1.449511551399639231e+01 1.465334032053450564e+01 1.490747099669887632e+01 1.500657423278303781e+01 1.511158899788058285e+01 1.520724150059217727e+01 1.531630629608344663e+01 1.544352001299238530e+01 1.561047121811722782e+01 1.570949045863983606e+01 1.583471344006254000e+01 1.597189872575961722e+01 1.608402597634775688e+01 1.620841684397097282e+01 1.636240105099264852e+01 1.664645449929262355e+01
-1.539619932950557102e+00 -1.178598106815512025e+00 -8.853548726568486460e-01 3.888940364162946084e-01 1.283468837287665254e+00 1.516432778439128493e+00 1.905757907826204578e+00 2.050912078139627504e+00 2.127973590084089039e+00 2.537109602030455768e+00 2.616181115526277079e+00 2.681842825202897629e+00 2.877524366954194335e+00 3.024916425762110173e+00 3.118370124659394005e+00 3.280687672943850330e+00 3.361171002529671270e+00 3.472685336463667394e+00 3.681265705408513611e+00 3.800247296273746578e+00 3.910745713891853548e+00 3.982269426380177890e+00 4.066247075249223464e+00 4.173079446312323526e+00 4.581388042016271811e+00 4.708957087687667631e+00 4.942724219642804506e+00 5.066666674034452811e+00 5.267953739212313025e+00 5.338884483958419302e+00 5.494876020496266555e+00 5.576986995985001805e+00 5.687107695171059518e+00 5.729873449234205829e+00 5.793812945690987704e+00 5.872313056554553157e+00 6.022430688664178966e+00 6.102208594740096359e+00 6.136350973040014090e+00 6.264909308533120225e+00 6.273396750499629526e+00 6.375785708695517862e+00 6.454527039700332480e+00 6.545313517847185736e+00 6.683467652402972803e+00 7.182607965649966175e+00 7.356186517887484122e+00 7.674756731907752538e+00 7.840126016655167618e+00 8.092929744232995048e+00 8.209818150107610180e+00 8.590706782990789492e+00 8.683903671510387667e+00 8.938411476872518691e+00 1.417464486994839667e+01 1.435711425087120219e+01 1.445889653442235279e+01 1.466216292682796940e+01 1.488621904277318819e+01 1.499028442935361660e+01 1.508151667557491038e+01 1.516164695819454522e+01 1.528331570276832529e+01 1.548106391487852207e+01 1.561250519104585344e+01 1.572901333251832412e+01 1.585102549914732073e+01 1.602220991180678666e+01 1.613205915451911920e+01 1.621430482289145303e+01 1.642995160648245445e+01 1.660806374044506128e+01
-1.723128158094389573e+00 -1.410093575522896492e+00 -1.188237375936407547e+00 -5.368891545847848112e-01 1.262926144130237294e+00 1.571437368755503661e+00 1.965579679764055454e+00 2.060713906829599651e+00 2.165538215765825836e+00 2.520931938096624858e+00 2.650413368962000416e+00 2.711583905668527805e+00 2.844676639005223606e+00 3.125638983975208340e+00 3.216157751291935707e+00 3.365232222395118544e+00 3.443283061113675991e+00 3.560469155604980340e+00 3.695729068929927141e+00 3.780410061468285843e+00 3.852626306690038582e+00 3.940298306997626732e+00 4.071086670923508066e+00 4.192117268209968550e+00 4.543897786654145676e+00 4.681575891056159122e+00 4.974338751138221326e+00 5.060539973215496090e+00 5.260657819190076800e+00 5.415775948999473677e+00 5.499562652328075174e+00 5.596669208142463603e+00 5.697860289758434504e+00 5.769113156960114175e+00 5.788195985527165632e+00 5.878188121259242394e+00 6.002776383357062429e+00 6.089431648478548453e+00 6.164280545138620226e+00 6.238407999495399814e+00 6.276664058226354648e+00 6.371069313753788599e+00 6.457889450731920000e+00 6.537166529564387041e+00 6.645319381373318457e+00 7.220543997518196200e+00 7.352215397432635413e+00 7.649582863294217105e+00 7.927357774665281909e+00 8.114621114788155509e+00 8.258928448709440318e+00 8.564264035884830761e+00 8.683519675101246449e+00 8.891403389190788431e+00 1.415057646970607053e+01 1.437104278737815655e+01 1.443664212298805438e+01 1.468656634896918689e+01 1.487047474125579249e+01 1.496968596229206483e+01 1.503133971862731322e+01 1.515499965502565338e+01 1.523917195872186348e+01 1.552702305796379001e+01 1.562991599259500042e+01 1.574713431406169484e+01 1.585471840968784818e+01 1.605444524389439209e+01 1.615567900859355177e+01 1.621967537471465803e+01 1.648859379517131174e+01 1.657498785097861571e+01
-1.818197559043572609e+00 -1.543667714948943948e+00 -1.338059293811828976e+00 -8.113655956882732667e-01 1.277348278641817991e+00 1.652055571144260826e+00 2.016720859547457945e+00 2.056931346631047486e+00 2.188060869541461173e+00 2.464332835879085692e+00 2.669410324322639028e+00 2.739926637965707901e+00 2.803728251672935379e+00 3.169477786575240597e+00 3.298704368986899560e+00 3.380183235059070590e+00 3.479023117692499945e+00 3.573705580059756137e+00 3.724588527088562806e+00 3.770038367390101008e+00 3.843877289662179564e+00 3.920178887208179308e+00 4.109942599597260049e+00 4.223613127690557967e+00 4.503093367074924913e+00 4.685100369188162084e+00 5.002521919182493448e+00 5.046985001525290393e+00 5.256789832681961094e+00 5.430992882982187631e+00 5.534365404142320699e+00 5.595977982980238075e+00 5.683616523841724444e+00 5.763306136810850688e+00 5.828705536907484941e+00 5.879568063784054388e+00 5.980889960859386179e+00 6.084579604597213809e+00 6.176287753499262401e+00 6.217258667705204189e+00 6.290179817921845107e+00 6.381466812482003981e+00 6.457358724721776078e+00 6.549623452848082117e+00 6.613667583465952404e+00 7.196660786293946011e+00 7.383232231276410928e+00 7.623181204550774304e+00 8.012176567301493080e+00 8.128394307076217018e+00 8.300920265808619192e+00 8.550358738894514588e+00 8.686369554953959238e+00 8.839328881224414403e+00 1.414615861591833124e+01 1.438968272288849448e+01 1.443767308650557268e+01 1.471936738811622902e+01 1.485521950905135569e+01 1.492853654005341824e+01 1.499359175898695540e+01 1.514829188851814123e+01 1.521594096102871596e+01 1.555413456397227456e+01 1.567482645393419638e+01 1.576182181531259374e+01 1.584876695111443468e+01 1.606772871271079950e+01 1.615150077602183032e+01 1.621921721182976128e+01 1.651658464313274521e+01 1.657283560406184009e+01
-1.850290982979182708e+00 -1.607376920354501859e+00 -1.364841608684791430e+00 -9.716481906418462655e-01 1.304004513714446922e+00 1.718403232187067031e+00 1.987832574872166802e+00 2.058284972540082691e+00 2.198794645981923868e+00 2.411462234100520963e+00 2.680406458904282196e+00 2.757492218090970670e+00 2.781194350695301853e+00 3.151217525568222655e+00 3.297325701218289939e+00 3.406898297392635389e+00 3.463153513138882200e+00 3.568837448182823113e+00 3.694585237443654968e+00 3.791176021359805137e+00 3.883654315413904712e+00 3.971300342552166462e+00 4.118386389996676833e+00 4.233561351312266297e+00 4.525378893409123471e+00 4.715619621735397615e+00 4.996227816107892572e+00 5.025344752154134120e+00 5.256304079961283904e+00 5.418729317790694999e+00 5.551571868615081229e+00 5.586039964010236503e+00 5.668073006376300960e+00 5.759615937215287751e+00 5.849817834151396667e+00 5.880210740113154699e+00 5.958820974455893094e+00 6.057282006437824329e+00 6.186312701522880708e+00 6.234109690655692759e+00 6.324863169002012953e+00 6.381262429804505310e+00 6.453140706276712102e+00 6.566270369751547875e+00 6.597844978966274532e+00 7.141055139920369221e+00 7.433726323162789917e+00 7.602338824666430739e+00 8.051777854644692312e+00 8.143315795465676743e+00 8.338806449437997870e+00 8.554037574747006545e+00 8.686881873219805428e+00 8.792624658901862844e+00 1.416411301997826833e+01 1.441348631835486316e+01 1.445969914934709166e+01 1.475480516360067895e+01 1.482691709340210195e+01 1.488575778293128060e+01 1.497330420758785330e+01 1.512079871913348939e+01 1.523261274910074548e+01 1.556260747711501047e+01 1.573308894792167578e+01 1.576696979471860516e+01 1.583957471756541047e+01 1.605740256155292656e+01 1.611891182775899267e+01 1.621622972344155400e+01 1.652053072787197152e+01 1.659948076840104747e+01
-1.831903247051176908e+00 -1.612126172723503892e+00 -1.305321375005631834e+00 -1.067022965177328864e+00 1.324865593879994474e+00 1.723814407882809041e+00 1.869819620723915721e+00 2.038118677704692239e+00 2.210948255169307597e+00 2.402806205095580072e+00 2.679566566164241603e+00 2.751509387457977684e+00 2.810924896266585815e+00 3.093149419410093692e+00 3.257909682552418751e+00 3.399098555185641413e+00 3.444513369378490619e+00 3.564540313244084935e+00 3.695916459028905532e+00 3.820628286541754015e+00 3.887354769612722194e+00 4.045973667949271935e+00 4.119667079915756425e+00 4.216190613849712499e+00 4.600476147898198143e+00 4.743114454690833703e+00 4.948267498609324910e+00 4.995961942582314741e+00 5.268236420952006505e+00 5.409352573118063390e+00 5.525797174914677257e+00 5.583079154047323023e+00 5.653336452482555785e+00 5.782864345340764878e+00 5.812259861142436534e+00 5.900814165872542816e+00 5.948086162565602741e+00 6.034028063809572018e+00 6.163320075085739980e+00 6.287530303744349958e+00 6.346512752288140824e+00 6.385346171466991905e+00 6.457174856151375764e+00 6.577067213687973535e+00 6.595624581148640253e+00 7.088631433043579122e+00 7.467108226551088634e+00 7.605179587107865125e+00 8.034868442897785457e+00 8.161760398975969721e+00 8.363712020222665799e+00 8.572564676297023567e+00 8.671784380059776254e+00 8.773243151493032244e+00 1.419799695023738906e+01 1.444297088858583500e+01 1.448633146321690290e+01 1.477352447337388419e+01 1.479768795156494043e+01 1.485381234798434313e+01 1.497909265587516536e+01 1.510324864059514560e+01 1.525749608122483636e+01 1.556305062290401686e+01 1.574119627332683358e+01 1.579071062722986696e+01 1.583651166495807949e+01 1.600340200785545619e+01 1.609045805359351888e+01 1.621403898602306981e+01 1.653049378778286638e+01 1.662114012333245938e+01
-1.863504104693545216e+00 -1.661537818777601316e+00 -1.326394291026541161e+00 -1.045764683796508665e+00 1.330184547790435268e+00 1.720598826165178563e+00 1.898288675059326636e+00 2.135660863925371800e+00 2.292003336953391646e+00 2.462035273051189854e+00 2.696287953523095915e+00 2.743251011579435072e+00 2.824163626277117700e+00 3.115093698760613705e+00 3.278210358277183545e+00 3.411567927495571251e+00 3.441435137539359257e+00 3.560144304629041301e+00 3.692070737929976421e+00 3.842303172915950249e+00 3.891424454634377472e+00 4.045089327152080472e+00 4.123373711168311750e+00 4.242913293173182332e+00 4.587703595856432059e+00 4.699776938984757457e+00 4.960532519123534989e+00 5.001705618911770124e+00 5.249530190710880895e+00 5.399074616310304719e+00 5.502292660489923826e+00 5.587751693591259894e+00 5.676300722999108039e+00 5.772824526640905951e+00 5.851009139681451643e+00 5.911737542002390988e+00 5.942601549415144291e+00 6.017056774678076536e+00 6.180860839058849976e+00 6.259429457612915471e+00 6.337294423313923453e+00 6.364202612115041902e+00 6.457646317835384231e+00 6.567478575695337106e+00 6.601305012462497679e+00 7.113662167391574975e+00 7.449292845077167158e+00 7.600009096805611541e+00 8.050286210238123630e+00 8.154788227983649662e+00 8.349297861141510069e+00 8.556655249393505969e+00 8.668805059456634154e+00 8.767124825687318435e+00 1.418404630205590244e+01 1.443523525985074052e+01 1.451582971968920965e+01 1.474795693414022857e+01 1.479878182705099476e+01 1.486297156245286288e+01 1.497318394601399127e+01 1.508369350598522729e+01 1.525401205784941538e+01 1.556012886737859624e+01 1.575773094935397367e+01 1.578234353647439470e+01 1.583183556086387611e+01 1.602441158854766812e+01 1.608892582422019046e+01 1.621450576722416415e+01 1.652086745645155474e+01 1.661279816228100970e+01
-1.894228670860692132e+00 -1.671085826251013318e+00 -1.309328735039073877e+00 -9.064172897949109853e-01 1.334452492510757704e+00 1.707324634939312524e+00 1.903161503265599297e+00 2.220126502728678286e+00 2.353115056146659612e+00 2.546571949185922890e+00 2.660573965038310007e+00 2.781298817545543756e+00 2.868419837795733951e+00 3.116297005988229341e+00 3.308410461988745332e+00 3.386252517945684826e+00 3.448333245136240510e+00 3.539082228705328959e+00 3.695209124646074983e+00 3.851559235066415177e+00 3.873839185596949175e+00 4.035323551337387293e+00 4.116300639481335288e+00 4.250932772244267355e+00 4.617724990776224558e+00 4.664189183685418350e+00 4.952647942840618711e+00 5.016534843657282750e+00 5.232381597151501751e+00 5.392320764184931114e+00 5.436662347696915809e+00 5.607721673645587934e+00 5.693610389356719814e+00 5.768973802666686801e+00 5.873025100672144561e+00 5.909558605174739299e+00 5.968603270772643299e+00 6.009613558130339150e+00 6.190266833509510569e+00 6.233970875180542492e+00 6.314536108121627578e+00 6.349036337455221002e+00 6.465914401187194294e+00 6.549787429689157392e+00 6.619525404849877503e+00 7.140748555928121633e+00 7.431071977367295744e+00 7.609404233160756093e+00 8.030125330893396196e+00 8.146138529144943519e+00 8.329146629582918848e+00 8.515902175609140201e+00 8.679717519166196382e+00 8.768057137395635081e+00 1.416764244334860479e+01 1.443002896329995188e+01 1.454316689158870624e+01 1.472253008439195021e+01 1.478716690503720166e+01 1.487481387146115885e+01 1.497152309188803265e+01 1.508391121339475127e+01 1.524462561253528570e+01 1.555974871440373875e+01 1.572903734020950850e+01 1.579183773386160183e+01 1.583581656497044143e+01 1.603151935571106534e+01 1.608407097248179696e+01 1.621627863056561836e+01 1.650157287252079286e+01 1.660485792125833981e+01
-1.909248781280627361e+00 -1.666510821803931508e+00 -1.243885569566341553e+00 -6.565352171706164697e-01 1.334023573887919145e+00 1.688437413676890708e+00 1.888390451602902864e+00 2.281917922248454023e+00 2.385505284628017808e+00 2.604421941471277258e+00 2.680666560613066629e+00 2.824569398095245099e+00 2.906160868409890519e+00 3.105285328503267106e+00 3.328596082012770463e+00 3.363970180416030242e+00 3.430429967536481328e+00 3.530292254637021454e+00 3.700453259034654607e+00 3.822120156279896541e+00 3.845503116808718147e+00 4.036343507791524843e+00 4.121290395150239760e+00 4.233846260474862788e+00 4.601740951234608801e+00 4.712318873219186521e+00 4.933642356378889815e+00 5.033180413972904610e+00 5.206155014057539887e+00 5.365950666005065983e+00 5.389100997576982799e+00 5.622502751476946337e+00 5.706038074138580107e+00 5.773534319972114304e+00 5.873896505543795499e+00 5.922050183919730593e+00 5.979307574896062683e+00 6.023239868083155812e+00 6.180520784705045401e+00 6.230176056258134309e+00 6.284036885354628232e+00 6.342374020331211781e+00 6.473654862284973888e+00 6.535311639478680767e+00 6.640572361463795481e+00 7.169506313644548712e+00 7.415912337945975707e+00 7.630078684159950164e+00 7.986953445784690686e+00 8.128051801218116879e+00 8.303575231005424939e+00 8.477306478252023325e+00 8.679995852367365927e+00 8.770472274116093203e+00 1.415094914816510574e+01 1.442559090009308598e+01 1.456377428205524360e+01 1.470373318072554092e+01 1.477128842941694664e+01 1.487147375484221179e+01 1.497345331036991389e+01 1.509487776361084066e+01 1.523415195264043120e+01 1.556153749742074943e+01 1.569325677602895652e+01 1.578370387527250074e+01 1.584836894587797396e+01 1.602476390050262367e+01 1.607462993120348926e+01 1.621905188198973136e+01 1.647858970464772455e+01 1.659569413931842163e+01
-1.901202961843226458e+00 -1.653040609165604025e+00 -1.147663014063737386e+00 -1.648107125402140938e-01 1.333256011842119948e+00 1.663998702504465577e+00 1.863753285840534568e+00 2.310392355046483104e+00 2.396747150223044187e+00 2.588588776581273621e+00 2.784345120880761026e+00 2.858352322460696371e+00 2.927715720072802785e+00 3.101695268278954920e+00 3.278049800197165631e+00 3.369936035556214016e+00 3.426039631693526211e+00 3.536961618732399337e+00 3.690914231877713725e+00 3.782163058156848834e+00 3.814330164386797062e+00 4.047253836314167685e+00 4.128002983876580601e+00 4.204804026704258568e+00 4.582730720284629022e+00 4.770902747767929775e+00 4.936454263536879772e+00 5.044244787997767432e+00 5.160247624558131463e+00 5.309491966735157220e+00 5.382930997783945237e+00 5.628015409967443539e+00 5.718552969093460447e+00 5.780197379275934466e+00 5.872752207377621048e+00 5.942764993032445986e+00 5.981741297188894357e+00 6.034643794120619908e+00 6.168876483220389950e+00 6.233971466017344198e+00 6.261539802210742245e+00 6.338038185245427059e+00 6.476762718457561796e+00 6.528114757173902660e+00 6.662597794648588589e+00 7.199834710100307511e+00 7.406162545775607065e+00 7.654754729331546770e+00 7.933236186613368268e+00 8.097537484505924255e+00 8.275422297598639787e+00 8.447035658656982804e+00 8.665325628070988273e+00 8.767090656540196036e+00 1.413641824069397046e+01 1.441940235312709717e+01 1.457430367906423108e+01 1.469197413334883251e+01 1.475551376721389119e+01 1.485259211330215834e+01 1.498137974993948340e+01 1.509624704173256760e+01 1.522613631198030681e+01 1.556382882254185063e+01 1.565824703584876154e+01 1.576846879043075766e+01 1.585685597572507000e+01 1.600555256893801825e+01 1.606342472455350645e+01 1.621777554286521550e+01 1.645671570704909215e+01 1.658565628159272975e+01
-1.869330519450221884e+00 -1.627724630990569743e+00 -1.053650341674950530e+00 5.328381994468152083e-01 1.343455104913842568e+00 1.630944483688996582e+00 1.839581402820594125e+00 2.301593609232098991e+00 2.386914891017084095e+00 2.572402989220418323e+00 2.851005695467328849e+00 2.886770098195668766e+00 2.943298147594255010e+00 3.108292845100631308e+00 3.220186779320155956e+00 3.354189778502134622e+00 3.459479063292886902e+00 3.544781993308061985e+00 3.656066645388045266e+00 3.742975248611886574e+00 3.803173135527873061e+00 4.050047733703369346e+00 4.128831723108272733e+00 4.175984255338629936e+00 4.587144045374648371e+00 4.785829221310216930e+00 4.991371609460287573e+00 5.036446624797386917e+00 5.111960695190391313e+00 5.273450689397629176e+00 5.368765108062322433e+00 5.628660112783874681e+00 5.727250649720410536e+00 5.777038316284111907e+00 5.887936470834550740e+00 5.957146207196179155e+00 5.985401505859953453e+00 6.040100595273671935e+00 6.162040915078204506e+00 6.231569306410180253e+00 6.260800473485161000e+00 6.334841153681747272e+00 6.476170058523192274e+00 6.527331328711529324e+00 6.683781872662787116e+00 7.231623760012753088e+00 7.403565282368043121e+00 7.671759437785973468e+00 7.876343524021513609e+00 8.055604592185654056e+00 8.258267236517578880e+00 8.418629344093872646e+00 8.638154714290665837e+00 8.751550403212231544e+00 1.412596889701177361e+01 1.440969359749837864e+01 1.457501366047813285e+01 1.468263314413017007e+01 1.474090857312456215e+01 1.482616096090049140e+01 1.498982547807844057e+01 1.508404613702204067e+01 1.521223285608656184e+01 1.556576899872514552e+01 1.562948628713742671e+01 1.575069940693002479e+01 1.585899041002056897e+01 1.597547454050674709e+01 1.605244536556132218e+01 1.620762961047417150e+01 1.644008441861883085e+01 1.657552488765496435e+01
-1.815206186712250425e+00 -1.589757612418235100e+00 -1.002345139687204290e+00 6.778511559266975350e-01 1.345815904953419517e+00 1.598838357135359933e+00 1.820052867144710707e+00 2.259735955429901022e+00 2.348844615750325993e+00 2.568200531987738788e+00 2.845149886927269556e+00 2.898708382716791210e+00 2.959049539402523799e+00 3.111905176400654227e+00 3.214364614041236745e+00 3.364243823731690952e+00 3.456539150146557215e+00 3.562682341656954410e+00 3.622964590266474882e+00 3.693616971521662684e+00 3.813961720266591193e+00 4.035336903074171921e+00 4.114968574338610630e+00 4.164520786838308730e+00 4.608979198884830097e+00 4.785273586585552685e+00 4.972297608185523465e+00 5.057901193399268358e+00 5.125260736585353527e+00 5.255183368090086127e+00 5.348411556830487079e+00 5.625912119787879639e+00 5.721429332725417538e+00 5.774398203967097132e+00 5.904929894437292326e+00 5.955579287708243186e+00 6.002507446025809656e+00 6.048808064204546753e+00 6.157658730667423086e+00 6.240083750420579278e+00 6.268680463189390650e+00 6.333800436634422937e+00 6.474227957198403161e+00 6.529621902359157737e+00 6.702066054877266588e+00 7.263986116968434104e+00 7.409474106409125405e+00 7.668737936400670918e+00 7.820651880609187145e+00 8.004009433774980309e+00 8.266198330524927584e+00 8.384454704457981578e+00 8.601607064042648076e+00 8.720849958231127630e+00 1.412073318409839473e+01 1.439573676683641956e+01 1.456963861180076236e+01 1.466852443459563737e+01 1.472400389121779796e+01 1.479948692170522762e+01 1.498912105353769419e+01 1.507057253337710812e+01 1.518381335842465951e+01 1.556783269777998591e+01 1.560748594517921362e+01 1.573112439036128940e+01 1.585612867081980326e+01 1.593629743631700535e+01 1.604132413864097018e+01 1.618689583058902315e+01 1.643147654078114783e+01 1.656564383207309632e+01
-1.741297840792412011e+00 -1.541270018760195759e+00 -1.022833876248227858e+00 7.507194637558850525e-01 1.289620699079435440e+00 1.581648721762473953e+00 1.800890467273170037e+00 2.189819301482471392e+00 2.285787913184373021e+00 2.583416940833322073e+00 2.783331180310268049e+00 2.899077231006575772e+00 2.967842489268777140e+00 3.124404583077954989e+00 3.231286877952963987e+00 3.384962960999224002e+00 3.432297348352769006e+00 3.554212089244455974e+00 3.616319522623863136e+00 3.673108595381048502e+00 3.822065852214192816e+00 4.012752826673728457e+00 4.094491892773914898e+00 4.166604248960453560e+00 4.618032979875985156e+00 4.797508501742240306e+00 4.923782121720672755e+00 5.058562452086908579e+00 5.176052781678150971e+00 5.269573652564306876e+00 5.336225954205387367e+00 5.617390248026073785e+00 5.700928655917756771e+00 5.779935848493379602e+00 5.891665574227265445e+00 5.969762415286276713e+00 6.027487067162250689e+00 6.056705376042118338e+00 6.167658280022357609e+00 6.256679691269661170e+00 6.278602753510178935e+00 6.337719564378583748e+00 6.470893172212945466e+00 6.533689586329232135e+00 6.715782441361750621e+00 7.295107406100452607e+00 7.423955911733253643e+00 7.641613562513692948e+00 7.767474548847314253e+00 7.946257926083992729e+00 8.298662652098869330e+00 8.340300112319559034e+00 8.561541584299952490e+00 8.674776448026502607e+00 1.412104047555636299e+01 1.437778502773762135e+01 1.456057832941201546e+01 1.464717631746949777e+01 1.469806568532334445e+01 1.477555125996209817e+01 1.497210659973480240e+01 1.506409792002350301e+01 1.515031942326674397e+01 1.556835205981094106e+01 1.558860725648823298e+01 1.570914408844279997e+01 1.584393046929515592e+01 1.589453926977761533e+01 1.602857161156131838e+01 1.615695670663458472e+01 1.643103755378202990e+01 1.655627151132544839e+01
-1.651490290447472420e+00 -1.487146777990992819e+00 -1.098386776883730320e+00 8.061657816885630101e-01 1.180289587991718125e+00 1.550190543072699212e+00 1.777438526349480963e+00 2.098597118183620047e+00 2.208810632473326319e+00 2.608013459845900606e+00 2.702580388213042362e+00 2.906395167359334675e+00 2.990439383245216742e+00 3.124572085492268947e+00 3.236543899191553386e+00 3.361885938793934159e+00 3.388901327504337591e+00 3.532329741893473152e+00 3.640302637346641834e+00 3.701935918748097798e+00 3.818885928348287884e+00 3.997214082545345715e+00 4.083793461623216992e+00 4.171066677539668532e+00 4.577347656014832289e+00 4.835520824063859635e+00 4.916842406413414857e+00 5.047582546780917667e+00 5.177386208213485830e+00 5.278706931283498882e+00 5.392019164558471189e+00 5.603524574702310801e+00 5.675220782762892213e+00 5.775521659291904975e+00 5.880165462164171686e+00 5.986085198599887747e+00 6.044245045596091437e+00 6.075290285842929627e+00 6.195357982938155317e+00 6.267560808908227976e+00 6.293678365183659196e+00 6.349652188120862739e+00 6.466177107007528235e+00 6.539293359017213092e+00 6.723998172642430937e+00 7.322908745113497098e+00 7.443790819908997491e+00 7.597230295854336291e+00 7.716194818058077054e+00 7.887259171585779605e+00 8.283636853065480921e+00 8.330624987956335659e+00 8.534696714133424678e+00 8.617428817798055363e+00 1.412643491911236993e+01 1.435675274583483052e+01 1.454588361609685521e+01 1.462099506872627153e+01 1.466280361435514834e+01 1.474997638081242357e+01 1.494463929630999921e+01 1.505711899507565121e+01 1.513103206625985209e+01 1.555904076390110191e+01 1.557500112587576702e+01 1.568412943392954162e+01 1.580532455586323337e+01 1.586745645834535878e+01 1.601196825936426649e+01 1.612167584840682721e+01 1.643476829114422699e+01 1.654945880879053632e+01
-1.557347244969726541e+00 -1.434953746630859284e+00 -1.172332033828976439e+00 8.370825905195811156e-01 1.059116786417923839e+00 1.481054631330178672e+00 1.748460614642405764e+00 1.995460196741306147e+00 2.125865966264256279e+00 2.562859354259084288e+00 2.700747226097006681e+00 2.920899821236488947e+00 3.019870415910154371e+00 3.103065974278298444e+00 3.219335262477896364e+00 3.314405677602978439e+00 3.333314415660369789e+00 3.479734697950625844e+00 3.699340353209394472e+00 3.748030144855511558e+00 3.805789284421067453e+00 3.989353742569983208e+00 4.091316987274173478e+00 4.175017858068200027e+00 4.513965398739297363e+00 4.887560793888095390e+00 4.934267183917794064e+00 5.040241202820520350e+00 5.161044354141480994e+00 5.270799454985871435e+00 5.477647246946497184e+00 5.591407117705252006e+00 5.646654759300274939e+00 5.753389285440894341e+00 5.896349125222137388e+00 5.991519206700419709e+00 6.051278982645094118e+00 6.110854328828011717e+00 6.232299339207072464e+00 6.272435664893385443e+00 6.308232540893864204e+00 6.370185834448937712e+00 6.462350558010045098e+00 6.545845066473710006e+00 6.726426865608709171e+00 7.343694139283833522e+00 7.461939671567772159e+00 7.545482844279780110e+00 7.667730681074820254e+00 7.833716176080183224e+00 8.216096464150352219e+00 8.313835470760109203e+00 8.512662988592834878e+00 8.595977317149237962e+00 1.413565490782502287e+01 1.433383650326044645e+01 1.451939742333666317e+01 1.459520115491534220e+01 1.462351000294033909e+01 1.471971318800038908e+01 1.491774375742359382e+01 1.504724995669234389e+01 1.512979055508810156e+01 1.553555972737148672e+01 1.556809942083351395e+01 1.565556699715442335e+01 1.574862981076365998e+01 1.584691401595667593e+01 1.598764215433108404e+01 1.608756955258186494e+01 1.643280966653543729e+01 1.655169627682716182e+01
-1.507347490371742094e+00 -1.368724678429916741e+00 -1.178878000994417530e+00 7.968177891023660031e-01 9.905067941196487036e-01 1.382139780622629210e+00 1.713535019623388944e+00 1.891324720925131597e+00 2.040038188495013394e+00 2.477729265044932294e+00 2.736331360771468546e+00 2.930354042462703923e+00 3.042197043342665719e+00 3.067607169713500781e+00 3.164947781451957542e+00 3.257926467072519650e+00 3.309424803847667018e+00 3.426215385493529109e+00 3.726908316170745916e+00 3.781882038522370149e+00 3.810476472780072843e+00 3.981327919765616397e+00 4.108356833372647010e+00 4.162357612049175870e+00 4.497923182562574063e+00 4.925797469145442697e+00 4.946194494044345191e+00 5.050296036599460692e+00 5.140772564228718089e+00 5.281196019187304636e+00 5.510699615204402768e+00 5.609818753359058441e+00 5.624465076246639050e+00 5.736570372819221220e+00 5.926310094688309604e+00 5.989916551810306800e+00 6.057389042984214989e+00 6.151247363210912589e+00 6.263345954630902490e+00 6.284108117267517279e+00 6.317463530364632263e+00 6.393635366448933155e+00 6.464294945059260833e+00 6.552420803649191328e+00 6.723173210675144951e+00 7.347373879075853154e+00 7.463759427661250889e+00 7.504618831119474365e+00 7.622958565235705919e+00 7.795076150336225140e+00 8.138488643665811040e+00 8.249292376412981298e+00 8.433452610071034528e+00 8.666409311907555590e+00 1.414658609982384796e+01 1.431049510682232473e+01 1.447940711519192547e+01 1.456845541833261848e+01 1.458887881631367556e+01 1.468932700853519613e+01 1.489858570317377939e+01 1.504022410303813651e+01 1.513605114476675872e+01 1.550488529995272202e+01 1.556057191141346330e+01 1.562128304975187909e+01 1.569193683168684927e+01 1.581842154476481355e+01 1.595118464663040392e+01 1.606182497990203117e+01 1.641478611615751149e+01 1.656950671171549772e+01
-1.515819504061626688e+00 -1.268784112120755925e+00 -1.103559084097208043e+00 6.947983621004121257e-01 9.831873386300556961e-01 1.280075178462851460e+00 1.669293823489800488e+00 1.796921309466386951e+00 1.953693791437656868e+00 2.397840268500316174e+00 2.744068629870307863e+00 2.899176065537827807e+00 2.970103896107702646e+00 3.083448183948928722e+00 3.122069123083299313e+00 3.221260643214652220e+00 3.288057046634643488e+00 3.394927575500594319e+00 3.723339963593044644e+00 3.778987260894812295e+00 3.847709430800514863e+00 3.973702428232165129e+00 4.106923648692357709e+00 4.130920961053767826e+00 4.568061092639617904e+00 4.916651424738524234e+00 4.964515211588418353e+00 5.060662200994578086e+00 5.136924711720739722e+00 5.320043941149101840e+00 5.477069155181545135e+00 5.601496234432585375e+00 5.670219588130056110e+00 5.743279270116656399e+00 5.954509514240496237e+00 5.989971848149719058e+00 6.060732715326381914e+00 6.190248163826765904e+00 6.271896935601629863e+00 6.310691898068446548e+00 6.328556504252635939e+00 6.413055013959447770e+00 6.477264698678519395e+00 6.558043614680877376e+00 6.714493879571093338e+00 7.323254027634964025e+00 7.418362313590143309e+00 7.511302522793974035e+00 7.581788120509554751e+00 7.776880096954004173e+00 8.054488671054137683e+00 8.161959866472610514e+00 8.336672010334883254e+00 8.761583941233530126e+00 1.415639773310961047e+01 1.428898492092483608e+01 1.443484340577576219e+01 1.453067957344673111e+01 1.456782766550140806e+01 1.466511466131462171e+01 1.488910344866018676e+01 1.503676176488047034e+01 1.514406913208322081e+01 1.546843462933952296e+01 1.555168238732965946e+01 1.557709217880885788e+01 1.564568920867490576e+01 1.577905970566124161e+01 1.590341396392566864e+01 1.604587266393646416e+01 1.637999197596532497e+01 1.660015134539935744e+01
-1.508920697309429571e+00 -1.170779008846730695e+00 -9.762879601363250170e-01 6.090076353985520718e-01 9.733184954482941853e-01 1.221653358593867811e+00 1.606369649248742260e+00 1.721770196430296940e+00 1.871251441608512422e+00 2.327897640252904576e+00 2.710341590982995097e+00 2.812226098577580213e+00 2.879262383882889687e+00 2.987980067559436570e+00 3.163053318659227120e+00 3.204911509530905978e+00 3.264018884765907735e+00 3.411514073821483972e+00 3.689375504297315977e+00 3.781639461674935365e+00 3.880787670643320642e+00 3.973241247169333690e+00 4.069724669216848945e+00 4.128240869932890078e+00 4.684318715915408937e+00 4.894613343931021987e+00 4.962292259917105319e+00 5.045744552969304131e+00 5.172543984088720848e+00 5.379278863416439016e+00 5.431880964393197786e+00 5.596811242679232912e+00 5.698838300328870510e+00 5.783715096722422899e+00 5.960823175357796266e+00 6.006464687166439553e+00 6.061377418042082965e+00 6.222848283067941466e+00 6.273224120476301735e+00 6.319321990972963654e+00 6.357408674125037074e+00 6.430009115514441653e+00 6.499061997602479046e+00 6.561936019794966768e+00 6.700642750554359317e+00 7.278687171521554866e+00 7.359958795357033345e+00 7.504425950926477462e+00 7.570579072624254557e+00 7.768634913401982089e+00 7.971508103431467873e+00 8.064113890918052974e+00 8.232477051041213301e+00 8.860566771014763532e+00 1.416266027541702321e+01 1.427247069727560458e+01 1.439447006452169830e+01 1.448811636834724226e+01 1.455393124134409000e+01 1.464923631789495850e+01 1.488897864704973273e+01 1.503551565415559388e+01 1.515302849014290665e+01 1.542796568657690237e+01 1.552269966347237684e+01 1.554291246300032014e+01 1.561102631755568737e+01 1.573033063494412787e+01 1.584866974404994089e+01 1.603667904204003491e+01 1.633260434537063688e+01 1.663717896482727454e+01
-1.451882945418449200e+00 -1.078578891248664906e+00 -8.238684457889275947e-01 5.710747244234954945e-01 9.495930141549957515e-01 1.244839578325453555e+00 1.518331902763143004e+00 1.666008557643346100e+00 1.798499250308441821e+00 2.268498888481724762e+00 2.635340688046143853e+00 2.704751122884285763e+00 2.773283208549468082e+00 2.871592325083492714e+00 3.079020135607112074e+00 3.220984808357727935e+00 3.292648481017505624e+00 3.473735826421850525e+00 3.634999327295065363e+00 3.797088973443912163e+00 3.914086180354341415e+00 3.983471076717798098e+00 4.042553499907492132e+00 4.126839208081949373e+00 4.795378581921333705e+00 4.877604729261056704e+00 4.939575219268236062e+00 5.030738827142347880e+00 5.225261525778949867e+00 5.394191241985797802e+00 5.449358285599802620e+00 5.602349058937788229e+00 5.718534948502409954e+00 5.832124582036062321e+00 5.950132934821056097e+00 6.024910656120305852e+00 6.066753818318606939e+00 6.245039678205598577e+00 6.269820784852815798e+00 6.319699458165835004e+00 6.391334506028129248e+00 6.447849012771767363e+00 6.521844524134848164e+00 6.563863598291710844e+00 6.681915387378096760e+00 7.230112419653458744e+00 7.301046730323689893e+00 7.464450022066507096e+00 7.589307012615611470e+00 7.750562448466198795e+00 7.899609581327502461e+00 7.968168138629949659e+00 8.126876788069322899e+00 8.955618538146445928e+00 1.416608815766269203e+01 1.426265920297224099e+01 1.436114393205363093e+01 1.444405721798672992e+01 1.454779702753319626e+01 1.463992747567198194e+01 1.489743565217623988e+01 1.503559383534677529e+01 1.516421709118501404e+01 1.538634471189613961e+01 1.546851042299895340e+01 1.552912355775234232e+01 1.558240590485450916e+01 1.567598255701279797e+01 1.578956455631865907e+01 1.603190370755205052e+01 1.627679759106937141e+01 1.667583537438647667e+01
-1.332500230993014512e+00 -9.815265124504828353e-01 -6.497988784788647498e-01 5.886049034545972614e-01 9.504403621405701497e-01 1.321138152275268984e+00 1.414903509565706763e+00 1.610457594722017660e+00 1.746213793170220185e+00 2.219903408437858161e+00 2.529813140831256302e+00 2.594359452679696254e+00 2.657179304187612168e+00 2.737575581690615323e+00 2.944024900298028324e+00 3.236922641552183233e+00 3.322845849280851915e+00 3.512773478557529305e+00 3.630825278855767113e+00 3.823692345484284161e+00 3.947961560765238076e+00 3.998137941577786236e+00 4.023448172190989602e+00 4.124365348691123145e+00 4.828539104174246255e+00 4.877152537018560885e+00 4.932308208744483835e+00 5.039750391746641078e+00 5.281454451426102814e+00 5.393033435135646592e+00 5.499026475025419636e+00 5.623885469529475323e+00 5.745744176614351773e+00 5.865598587249168716e+00 5.935284021037061208e+00 6.033027528240555881e+00 6.079662976477913539e+00 6.250068273265260821e+00 6.263393895788248678e+00 6.322878356851511228e+00 6.423017754041095095e+00 6.465114931561926070e+00 6.539299752227230478e+00 6.564477473502903671e+00 6.659106925528247345e+00 7.190656490954522084e+00 7.247796487577003788e+00 7.424479636210874922e+00 7.575453679271912044e+00 7.730570146645836971e+00 7.820653193589750529e+00 7.902859764085236272e+00 8.031866537881350965e+00 9.042173842873339140e+00 1.417119740960771246e+01 1.425776544160716597e+01 1.433397470370530513e+01 1.440028633527973234e+01 1.455160540011591230e+01 1.463468072000416065e+01 1.491358389688362251e+01 1.503681980501855264e+01 1.517942643472400732e+01 1.534656629113810311e+01 1.541628475230772821e+01 1.551136722781260602e+01 1.555584652425978653e+01 1.562085962067752831e+01 1.572705313518389048e+01 1.603029469260035356e+01 1.621712708689004501e+01 1.671290567193816656e+01
-1.149000224587411800e+00 -8.637522547130888073e-01 -3.969563146720821445e-01 6.665103463855842625e-01 9.863144417990582502e-01 1.291114298017103312e+00 1.408089075024822279e+00 1.535580004976927926e+00 1.737906663574098509e+00 2.182295996473996524e+00 2.413956342634407282e+00 2.480633100893460785e+00 2.533819573228338839e+00 2.595844872595622910e+00 2.792827368200932359e+00 3.245127457488942824e+00 3.345261157243608618e+00 3.473745750648935093e+00 3.719953448538134921e+00 3.856554549522003050e+00 3.974207067282122363e+00 4.004041495389516925e+00 4.017868784988569253e+00 4.121396083134937882e+00 4.813471425253139202e+00 4.846075110549832310e+00 4.928102242445905112e+00 5.106584970562701997e+00 5.337035869059743476e+00 5.427556481068060101e+00 5.526904247591981623e+00 5.653953692861682256e+00 5.786823480605939096e+00 5.861181878560384639e+00 5.938415330312505347e+00 6.037276231670445803e+00 6.088154667142008591e+00 6.225535945441682983e+00 6.263962029903868967e+00 6.337868154252551456e+00 6.444699184861645058e+00 6.481644360042385422e+00 6.548115677068866880e+00 6.564718692398386679e+00 6.634292589264569884e+00 7.167555093512467224e+00 7.208081439444208982e+00 7.392155064515443463e+00 7.508687400357697328e+00 7.702936029524375172e+00 7.746783331714230059e+00 7.855603291320261583e+00 7.973673073160073344e+00 9.116992041958658533e+00 1.418181272179769081e+01 1.425522811585653926e+01 1.431149204882168391e+01 1.435905988873991035e+01 1.456443624952149207e+01 1.463174985235750469e+01 1.493647110248427090e+01 1.503944402614488851e+01 1.519952765739940936e+01 1.531082566218980290e+01 1.536904933952110852e+01 1.549048689475963947e+01 1.552770778565440857e+01 1.556997936949598405e+01 1.566190804232120648e+01 1.603091022307355473e+01 1.615898151148581618e+01 1.674606481013088555e+01
-9.124576133816495460e-01 -7.013178865416815899e-01 4.110573102680136759e-01 7.796428482240981284e-01 1.036708485159801629e+00 1.194348752651496426e+00 1.353129153565080456e+00 1.508996429957409458e+00 1.789834157444417206e+00 2.154995437189942464e+00 2.303223207682592477e+00 2.364158845764757100e+00 2.408069670114461047e+00 2.465228650341052319e+00 2.638033515221989589e+00 3.244242634743220055e+00 3.362900277892366230e+00 3.434510827614139838e+00 3.813161620338764823e+00 3.890487670049868729e+00 3.978935707568559632e+00 3.993135839352634164e+00 4.039941392085317773e+00 4.117884465576864272e+00 4.793271648206017588e+00 4.812025443321969576e+00 4.902479130980683664e+00 5.202347179661327203e+00 5.392038934633306191e+00 5.485051701800449209e+00 5.544405140607698179e+00 5.669834059942180815e+00 5.801337040952867063e+00 5.863745661369749840e+00 5.955139919076737343e+00 6.038920211460979459e+00 6.084791725848285537e+00 6.179322765828699993e+00 6.277359675598590982e+00 6.358983948554614685e+00 6.449846714579852147e+00 6.499443460315125876e+00 6.549988169749720868e+00 6.563109973831135591e+00 6.610777423338205949e+00 7.155237533918159087e+00 7.195144011524118532e+00 7.368935990691862337e+00 7.427944017705285340e+00 7.613675109462629820e+00 7.689518453816204691e+00 7.841234387906591330e+00 7.952984585169350140e+00 9.177624711452539330e+00 1.419789326896717441e+01 1.425403175888416385e+01 1.429288555709753616e+01 1.432274765347901990e+01 1.458261659170063673e+01 1.463010007670843216e+01 1.496494737491657290e+01 1.504361795018790282e+01 1.522191384480279908e+01 1.528029083992218773e+01 1.533177552876899163e+01 1.546938663512701773e+01 1.549687211213370297e+01 1.552649433485753860e+01 1.559567685737473397e+01 1.603279660818574115e+01 1.610806768038192516e+01 1.677356703051569653e+01
-6.307114621326372905e-01 -4.447702130890911487e-01 7.506285155885237259e-01 8.587746388270025566e-01 1.037492818869774069e+00 1.180535189864294177e+00 1.203628907758575117e+00 1.502189729378435423e+00 1.888075238527178845e+00 2.136276465068652097e+00 2.211038760165275896e+00 2.249763807108244862e+00 2.297112523546581464e+00 2.361897445048687594e+00 2.485993706665120762e+00 3.237283864635761343e+00 3.376113080653582621e+00 3.408963655327089448e+00 3.886221517850787066e+00 3.920277047844868523e+00 3.970493178472433105e+00 3.981984573222926205e+00 4.065588300413831568e+00 4.114103945652746397e+00 4.773065463933646946e+00 4.782662932907729036e+00 4.878027862801242343e+00 5.311579948270229501e+00 5.446682643448125027e+00 5.541980344600730746e+00 5.560107030612125634e+00 5.664859562557967188e+00 5.745783115703295252e+00 5.917348113002742771e+00 5.970687208011391967e+00 6.036384196579886563e+00 6.071506384859810979e+00 6.127341994808686465e+00 6.301921474166818804e+00 6.379454058015677553e+00 6.440600858811325047e+00 6.517303025464626920e+00 6.548265795157034219e+00 6.558411581593927231e+00 6.590835499374263939e+00 7.147933755201147044e+00 7.207672103165334576e+00 7.345371954012123616e+00 7.379088810104220464e+00 7.527993733115018848e+00 7.595495869942693545e+00 7.863177197047799716e+00 7.942322761809811560e+00 9.222231133763321154e+00 1.421650271100379825e+01 1.425421951940295351e+01 1.427785347960780271e+01 1.429324554197086883e+01 1.460103145725385332e+01 1.462922431381009147e+01 1.499682112974664072e+01 1.504860357932875381e+01 1.523347054562136726e+01 1.525551758367289601e+01 1.531894627182301605e+01 1.545102036355125819e+01 1.546944201372291161e+01 1.548956514141533702e+01 1.553131210924568606e+01 1.603499898747702446e+01 1.606917862010626052e+01 1.679411439933064543e+01
-3.859565693678835424e-02 3.344433502295361960e-01 7.966092858767439555e-01 8.880442160436017307e-01 1.016261386737382644e+00 1.071217535221924200e+00 1.288967373497210911e+00 1.462237651440829733e+00 2.005560365241789267e+00 2.125112377225415017e+00 2.150958080708515574e+00 2.163359970979884306e+00 2.208711208651711999e+00 2.296415061951322834e+00 2.346056123062917553e+00 3.229964386438037405e+00 3.384618941733146258e+00 3.395430245917691270e+00 3.930467083534144201e+00 3.941396968705935144e+00 3.963097343000175243e+00 3.970745677636311477e+00 4.086058927541987629e+00 4.110882584905980686e+00 4.758191698892752619e+00 4.760823499888698684e+00 4.862722325404071455e+00 5.428980008388252898e+00 5.498940322856847196e+00 5.558464281469176704e+00 5.586869605064142874e+00 5.645519348032572715e+00 5.670363536626341627e+00 5.961173477429536405e+00 5.982684684173071865e+00 6.031261121853705554e+00 6.053875386906337752e+00 6.088758300421660330e+00 6.329450185103951299e+00 6.395207994850674815e+00 6.423131541825694235e+00 6.534247659836315059e+00 6.545766550209555668e+00 6.553229467165191835e+00 6.573404600116911745e+00 7.153480666013448008e+00 7.202880196011114400e+00 7.348113248002907660e+00 7.381665899989953594e+00 7.458427642866573670e+00 7.497387880265076632e+00 7.889711536700072969e+00 7.929984505178299337e+00 9.249512739615905588e+00 1.423442985392824056e+01 1.425599032447121672e+01 1.426569382042493217e+01 1.427181869065816322e+01 1.461429805715012264e+01 1.462912284763075021e+01 1.502687775648834823e+01 1.505159702163611257e+01 1.522561719211817710e+01 1.523663398113929190e+01 1.534027285339843161e+01 1.543913007706023954e+01 1.545222836758695095e+01 1.546025051978500819e+01 1.547457545782657640e+01 1.603669255149565842e+01 1.604517604816231824e+01 1.680680097832182440e+01
6.240357429127244560e-01 6.308362521711097237e-01 6.422645167104293895e-01 6.472707207487052861e-01 1.066959190123197176e+00 1.071611134427757461e+00 1.387299483871005767e+00 1.388499162304866363e+00 2.112946030348212823e+00 2.124655217564964005e+00 2.126123383521359322e+00 2.127027482808692582e+00 2.139375224945475384e+00 2.269061467128381082e+00 2.276620237664130020e+00 3.226979557466104431e+00 3.389237012059862497e+00 3.389607721946162222e+00 3.943447877442759708e+00 3.949935439757454425e+00 3.963154131170427252e+00 3.963729408533268384e+00 4.094541269988265952e+00 4.109259856293297375e+00 4.752213340910685702e+00 4.752966014315003207e+00 4.857704192339672211e+00 5.537930504120351038e+00 5.539678040899304712e+00 5.541998172381134680e+00 5.544652948313877339e+00 5.633085857775919969e+00 5.633927926224586713e+00 5.980671772158931532e+00 5.986083140440467076e+00 6.028781364198265713e+00 6.042547785811139605e+00 6.076296140148861546e+00 6.343838407594640572e+00 6.405433572681842769e+00 6.408016491435079232e+00 6.543915000322626518e+00 6.544648104731787264e+00 6.556300569859859984e+00 6.558351686923601598e+00 7.170891025670531604e+00 7.177961120127184458e+00 7.406068598784389501e+00 7.407404043666599769e+00 7.411053014866390676e+00 7.412827533440385253e+00 7.911637019276055227e+00 7.913562647150510720e+00 9.258692879319172064e+00 1.425045953755025963e+01 1.425061582905267699e+01 1.425989063277935465e+01 1.426264340404086539e+01 1.461878740972493773e+01 1.462950089842742862e+01 1.504580300347814870e+01 1.504698981498422761e+01 1.521944462252364616e+01 1.522884731427199334e+01 1.536109606327492649e+01 1.543882389998035087e+01 1.543916175515782463e+01 1.544704440930963329e+01 1.544970755696620301e+01 1.603706864665338827e+01 1.603736858888936112e+01 1.681108928637681643e+01
1.405796939290795855e+00 1.449805753962382759e+00 1.451160314424335462e+00 1.523772220117151077e+00 1.552491700890029191e+00 1.562680479022145352e+00 1.977255262384618906e+00 1.984317932003618612e+00 2.107700900286953338e+00 2.227961284223161087e+00 2.387179596186170372e+00 2.387865755873204598e+00 2.544802589051792019e+00 2.660143100623078016e+00 2.672119176499255122e+00 2.781580534274056049e+00 2.950861004334301541e+00 2.951135628465152205e+00 3.831110505497620444e+00 4.014822104498900757e+00 4.018570581845123613e+00 4.088474717530268698e+00 4.089519469535018992e+00 4.288865042263297234e+00 4.474081915047089630e+00 4.475671607304961164e+00 4.679849637812885987e+00 5.168214203366661152e+00 5.173078318897351480e+00 5.477643156479314435e+00 5.479505318723679075e+00 5.552548124595408474e+00 5.553868927988147242e+00 5.670032291781939016e+00 5.862688693382638760e+00 5.879931769175957612e+00 5.883116654824541492e+00 5.995787464295985636e+00 6.175411319860125481e+00 6.277538153445507696e+00 6.278960435649217686e+00 6.388575997994428768e+00 6.665875983435704200e+00 6.707216817985248269e+00 6.708958549998913057e+00 6.957334036860520321e+00 7.103356519184067963e+00 7.860017512606488843e+00 7.860789348073653038e+00 7.923070436170002395e+00 7.925903420159708723e+00 8.698413758982622923e+00 8.699450427144318709e+00 9.043854377661846300e+00 1.428586897862528460e+01 1.428821017751163325e+01 1.456316621105005282e+01 1.473989973106333906e+01 1.504741771503036674e+01 1.504820789942145964e+01 1.521962324147812673e+01 1.526172548264450057e+01 1.553520745285676341e+01 1.556770170774937867e+01 1.556952731071621088e+01 1.565161320217306162e+01 1.565242253170217701e+01 1.576977449865800196e+01 1.577089161089928915e+01 1.621917918280633941e+01 1.622007962616486410e+01 1.672487179020207648e+01
9.816706392927319058e-01 1.276302159070760167e+00 1.445330322790285837e+00 1.470816734166994433e+00 1.534189091359333679e+00 1.582353364206117163e+00 1.696440192600936481e+00 1.997695107763980849e+00 2.127304710966467116e+00 2.187620931678237124e+00 2.362930222008654546e+00 2.397901795796360869e+00 2.540990421981618841e+00 2.632416841260599494e+00 2.672385637833556871e+00 2.781208323433858265e+00 2.911420348779362399e+00 2.986749483830141383e+00 3.827482956729413299e+00 3.995028842106447264e+00 4.012927203996755843e+00 4.080752384535498045e+00 4.095740055062177198e+00 4.283492406582948497e+00 4.467016811262867648e+00 4.519372081565857791e+00 4.677490712573585618e+00 5.167580143146846439e+00 5.228064160310846198e+00 5.455205375836866821e+00 5.510608929913202836e+00 5.551399162998368553e+00 5.654873500784399099e+00 5.667002278172554419e+00 5.843007461136608960e+00 5.889276053160985569e+00 5.921496439727301109e+00 6.009564423202526484e+00 6.187083471891346775e+00 6.268233306833798757e+00 6.279975698282822982e+00 6.431368007690798194e+00 6.639808695301685049e+00 6.700933608853906875e+00 6.725115204636550104e+00 6.998012224798783265e+00 7.146803340116893999e+00 7.797761847338990471e+00 7.902334710532472606e+00 7.918271820355089474e+00 7.938417459522930208e+00 8.692328623209743199e+00 8.708724610600214078e+00 9.031312139431607378e+00 1.425501946593445268e+01 1.432443841494376535e+01 1.456917076503752284e+01 1.472406041165858781e+01 1.496480153196733909e+01 1.512556946474738240e+01 1.523612020955866875e+01 1.527053437855022366e+01 1.552464405387981472e+01 1.554590949488144425e+01 1.559298786813154081e+01 1.564450681104036001e+01 1.565191319434340400e+01 1.574270392948185382e+01 1.578895002360104627e+01 1.612979968508120976e+01 1.630891963444593173e+01 1.671987833833130566e+01
-8.813922413146789703e-01 -2.539790050953206202e-01 1.366010348870027480e+00 1.441519624412415101e+00 1.534283213559954895e+00 1.588138180240419972e+00 1.614446758210975164e+00 2.000089437295148098e+00 2.117076477107538324e+00 2.171539940814700920e+00 2.335707105050210508e+00 2.405664583368134490e+00 2.536635414488149998e+00 2.611213793188120746e+00 2.673421388798495890e+00 2.784656142818962454e+00 2.888603744127894668e+00 3.007631505127120519e+00 3.827486876153168183e+00 3.964341914187673677e+00 3.994415151023922750e+00 4.088907783638576987e+00 4.109826955153146777e+00 4.265861469550016771e+00 4.455966756038332477e+00 4.572115633048256633e+00 4.671826807917823565e+00 5.159711051707560614e+00 5.310980761906291647e+00 5.445104330568728557e+00 5.548754953942324875e+00 5.567571283385419179e+00 5.648406706269363475e+00 5.750613593365353715e+00 5.811124384948136878e+00 5.932958957382166609e+00 5.958108661878955381e+00 6.028983150747100339e+00 6.209073344708825104e+00 6.257905580877600293e+00 6.277074728892543476e+00 6.451688638710256996e+00 6.623252428695161065e+00 6.690054167931108964e+00 6.747236740074233019e+00 7.117744123871566408e+00 7.244366833148414564e+00 7.711789463595136063e+00 7.866312337123408938e+00 7.914645303722627645e+00 7.993582801087411482e+00 8.687469662697505868e+00 8.736292919318559669e+00 8.998664368247238698e+00 1.422729834729512355e+01 1.437033631137707346e+01 1.458631373653522267e+01 1.468414617223688090e+01 1.487698002338998116e+01 1.520727389512538608e+01 1.527164793755263261e+01 1.530264537986461093e+01 1.548766297229763289e+01 1.554441604365463903e+01 1.560014383709156682e+01 1.563237236283084286e+01 1.564862564828792735e+01 1.570798882001378693e+01 1.579847272997833763e+01 1.605552647584660875e+01 1.638903570018200284e+01 1.670403581908993829e+01
-8.790567874204464616e-01 -2.551702801613631166e-01 1.361550830572988646e+00 1.439956821572187406e+00 1.536563021402645335e+00 1.596683377524505953e+00 1.615853041688679159e+00 2.004858539813319851e+00 2.083952884527711102e+00 2.208860517068275353e+00 2.312684893941138853e+00 2.408845545777104302e+00 2.540824807395710927e+00 2.601173893375555490e+00 2.681144174272295899e+00 2.790767199259696962e+00 2.874448089913748561e+00 3.021293568234789451e+00 3.842333685325280079e+00 3.940421450813738957e+00 3.979155418838967950e+00 4.092072765587908556e+00 4.144234744400157489e+00 4.241481384279675027e+00 4.431578942650881814e+00 4.603598049520536861e+00 4.663624427520240978e+00 5.149228418700293908e+00 5.355440367242043642e+00 5.432611653703721011e+00 5.541583111489301494e+00 5.590408282996166989e+00 5.625874486574073963e+00 5.743527252701221997e+00 5.823090010667197447e+00 5.937107932716268799e+00 5.987333295617552231e+00 6.038754184016303483e+00 6.207328029180035678e+00 6.226857161536973884e+00 6.268714052474231302e+00 6.348824567281639020e+00 6.634045222328574631e+00 6.676183566039823880e+00 6.761896084458692613e+00 7.248811997813775498e+00 7.349951198402617791e+00 7.601812356230934320e+00 7.760886016762368556e+00 7.906922574892694122e+00 8.035365882828637396e+00 8.716435537673506317e+00 8.773556684885553736e+00 8.954629656275137961e+00 1.420623700882136831e+01 1.442494136799273718e+01 1.460931184697256668e+01 1.463752345080640538e+01 1.479498528317458650e+01 1.529400373908053012e+01 1.530786830663298481e+01 1.536014446054081795e+01 1.544924006110046832e+01 1.554035774958838978e+01 1.558584187592596670e+01 1.562234233447493459e+01 1.564390684116058061e+01 1.567887657632513232e+01 1.579378894829767965e+01 1.601081648574414729e+01 1.645956953573866599e+01 1.667575285081069225e+01
9.816603566936523695e-01 1.299764911818033886e+00 1.435964895211081727e+00 1.448547857270087391e+00 1.531033937798263800e+00 1.595782047406417936e+00 1.721225215365605132e+00 2.011888147364219837e+00 2.063753938215207029e+00 2.258502148821773581e+00 2.296389350772176208e+00 2.409669677767900087e+00 2.557715849069905900e+00 2.597013322304653649e+00 2.695903365791755490e+00 2.803126779926422785e+00 2.857170536389727289e+00 3.034641566893583775e+00 3.873775926602522457e+00 3.922857486519719217e+00 3.975873268232424707e+00 4.095575349994573067e+00 4.177079273411963278e+00 4.218520657470799406e+00 4.389373728457247381e+00 4.622045672859616872e+00 4.652192884659019256e+00 5.129995520517029561e+00 5.367635945691476174e+00 5.417643546287988165e+00 5.485708107382118115e+00 5.528604404082419599e+00 5.660389924458384847e+00 5.741080104151154551e+00 5.794338392061411547e+00 5.913912234491918163e+00 5.993552865240288519e+00 6.042541925774048472e+00 6.095634050656396852e+00 6.209298423397434874e+00 6.226158925696235968e+00 6.285031710957818873e+00 6.640320225280461841e+00 6.662826276891075317e+00 6.765700878665364293e+00 7.330172563403580810e+00 7.437699644211795302e+00 7.497471386745561794e+00 7.623002127412314088e+00 7.893514166212765026e+00 8.055856401792372168e+00 8.776607948532664238e+00 8.805348232704815814e+00 8.904057070060609647e+00 1.419401298382242516e+01 1.448235703447197231e+01 1.458265558651459948e+01 1.464593391651284016e+01 1.472905580812927617e+01 1.533481555418229725e+01 1.536959742763479042e+01 1.541316766111468972e+01 1.544004983055585356e+01 1.551843169615388618e+01 1.557640358124049484e+01 1.559607993774155332e+01 1.564251546435148654e+01 1.566882173141013368e+01 1.577433889919075227e+01 1.599495443942729267e+01 1.652363180280523736e+01 1.663464884414379696e+01
1.426402590427360950e+00 1.431315300734108842e+00 1.448194501470437379e+00 1.493193048168168779e+00 1.583626945535704822e+00 1.584591823537974342e+00 2.011211969691037993e+00 2.018430316415113168e+00 2.019060499373415585e+00 2.289048666931280174e+00 2.290865463996685669e+00 2.412758621803536396e+00 2.579425452572783328e+00 2.591145366271276007e+00 2.712435023806269552e+00 2.828654072543165476e+00 2.831562267336121597e+00 3.043219150762844549e+00 3.905132312040959341e+00 3.906508051636074175e+00 3.978724874927434652e+00 4.101395546233698397e+00 4.198629945988857415e+00 4.199200456125694814e+00 4.357208752885812331e+00 4.637050298452150443e+00 4.638040313892228816e+00 5.112230004053890831e+00 5.354463207082577725e+00 5.426794915126942342e+00 5.430488181514452783e+00 5.489289224981378723e+00 5.710982564990310983e+00 5.714372941328651478e+00 5.752003960671217442e+00 5.919039589096146692e+00 5.920464244198043957e+00 6.054884910561045608e+00 6.057955271193339541e+00 6.201902742373154531e+00 6.206114094218333044e+00 6.279911943315613421e+00 6.649746725418218318e+00 6.651074575250462750e+00 6.765540341839841432e+00 7.396339055969247234e+00 7.397307950036908331e+00 7.523555495922681580e+00 7.525886390704957130e+00 7.886564219633119599e+00 8.062188021647855862e+00 8.809885945294496423e+00 8.846789684770618223e+00 8.848573163953666665e+00 1.419018611257496509e+01 1.453408984373578150e+01 1.453625022904782327e+01 1.468094178775792713e+01 1.468131766901740498e+01 1.536133163760326958e+01 1.536231802826673487e+01 1.545109064406117305e+01 1.547869932506508484e+01 1.547896922006597720e+01 1.557530889838957400e+01 1.557676721938268294e+01 1.564264285329801929e+01 1.566794905196781151e+01 1.576133679659703901e+01 1.599264995504622000e+01 1.658180251108355563e+01 1.658365247606292314e+01
-1.844580113272250799e+00 -1.628247528469120020e+00 -1.261857100159247791e+00 -1.037110450750329038e+00 1.270877197117112889e+00 1.780115992816320380e+00 1.882760554632449734e+00 1.972802131163359673e+00 2.206512124241441608e+00 2.401515784902232387e+00 2.677274259228577424e+00 2.717721940625112520e+00 2.834016581844931881e+00 3.100916139361712620e+00 3.249395438525764401e+00 3.439046171412296182e+00 3.470927145934260771e+00 3.587209652794960402e+00 3.679442696534881652e+00 3.741014216250906355e+00 3.903270647668302562e+00 4.034123520783951200e+00 4.165246727581536135e+00 4.208847852538569967e+00 4.553825085943477902e+00 4.801138118144995026e+00 4.927237135547379410e+00 5.066056700064105023e+00 5.207025845994070146e+00 5.388803312948676094e+00 5.486303161357416691e+00 5.601014265756731447e+00 5.674036784672703781e+00 5.763495439069505899e+00 5.854039570802992642e+00 5.892289738180595648e+00 5.921498198395477530e+00 6.047847016019950672e+00 6.178304280363488665e+00 6.257629328367443122e+00 6.307931392688495009e+00 6.369900028361836775e+00 6.475671259815064751e+00 6.537583372838692064e+00 6.585954817783175486e+00 7.277846376672846951e+00 7.400517554317349145e+00 7.605836423887928355e+00 8.051361876720715571e+00 8.203715308259166505e+00 8.354993140126621753e+00 8.583148699411960791e+00 8.608239347161719124e+00 8.760926379043890933e+00 1.420038985784197116e+01 1.441457432377362480e+01 1.453202538824247014e+01 1.467872054001044724e+01 1.479983936726838856e+01 1.491559398802654535e+01 1.503229463691544865e+01 1.513916010959138347e+01 1.517553302585794661e+01 1.557992807710860461e+01 1.572437019658679880e+01 1.578050503067246346e+01 1.589224927558099054e+01 1.593268066550756501e+01 1.608836379709093123e+01 1.626309659412961395e+01 1.651209635234111772e+01 1.662308816021067059e+01
-1.849330484925399976e+00 -1.532600258549652983e+00 -1.293657057252558307e+00 -8.732782755095666039e-01 1.079279719284182759e+00 1.660051624023016092e+00 1.876945257647966159e+00 2.033700437749716095e+00 2.225644902567450067e+00 2.438060150575136920e+00 2.679280794878045491e+00 2.710107089858205587e+00 2.790072900460635719e+00 3.093994772725161546e+00 3.252172365709511848e+00 3.434833796309383125e+00 3.483570767276871205e+00 3.566738160335705121e+00 3.684003024920509350e+00 3.779927747805441385e+00 3.898322891727319828e+00 4.022737098712683590e+00 4.152096326207762367e+00 4.229305133863803690e+00 4.519088527887648254e+00 4.763556441746709780e+00 4.919414214232971538e+00 5.050505486664446764e+00 5.214750676678518104e+00 5.377951175411320506e+00 5.457596593434308474e+00 5.577409097367430846e+00 5.697000000246067231e+00 5.773941466051858207e+00 5.855233233780932522e+00 5.880477744264397622e+00 5.942021766306781139e+00 6.066073448578808147e+00 6.163550234717236620e+00 6.260050244821234955e+00 6.322908193725650605e+00 6.383553172198451087e+00 6.489390698735681973e+00 6.529120945115728603e+00 6.597700399892479695e+00 7.248809304405260612e+00 7.420324878549074299e+00 7.644908033928137669e+00 8.074836072075227023e+00 8.197600421633330470e+00 8.355099020669277010e+00 8.558396168741962740e+00 8.623948467129098461e+00 8.754302988788355222e+00 1.419172419656453599e+01 1.442809082064286841e+01 1.454354322623665752e+01 1.468537009500868784e+01 1.479596310700685358e+01 1.489303045500916234e+01 1.502262387986787928e+01 1.512525918223064458e+01 1.520132624553583689e+01 1.555856419447373362e+01 1.575874470990686937e+01 1.577894366070360910e+01 1.587797776419861506e+01 1.597246124348245822e+01 1.606772506165130920e+01 1.623223296974262198e+01 1.651714121198553897e+01 1.663061877997515126e+01
-1.811326217608104416e+00 -1.545055349647868947e+00 -1.381443920996964447e+00 -6.881497641538195653e-01 7.528889695912251989e-01 1.564364933077085240e+00 1.856002285456658463e+00 2.044733330543516914e+00 2.208677334569676187e+00 2.441982949336328979e+00 2.695655163486523787e+00 2.730035432744460699e+00 2.776615323085341647e+00 3.090141607509501398e+00 3.252415808347863369e+00 3.453842183510868136e+00 3.499955337034472258e+00 3.547016631292781774e+00 3.692249954324134720e+00 3.792071574765143005e+00 3.887799181132711723e+00 4.002974346682242057e+00 4.106202395908407965e+00 4.231612523399386205e+00 4.530883561761500644e+00 4.736659243915984696e+00 4.923132551342284557e+00 5.031426649556946629e+00 5.218146666668237010e+00 5.399783654701940883e+00 5.481172001690897133e+00 5.554229754595457536e+00 5.697243459109952113e+00 5.784050134695712053e+00 5.857168767628341932e+00 5.908147776522730155e+00 5.974030838555766998e+00 6.096055980284975639e+00 6.153104375956512051e+00 6.265724259870511403e+00 6.333164494529684774e+00 6.391536821455188644e+00 6.495743271223314963e+00 6.528599052456062424e+00 6.608573412331767649e+00 7.218377332119187528e+00 7.450237206052547911e+00 7.682401325140513215e+00 8.086701993867164262e+00 8.134184073647336533e+00 8.357930217214734725e+00 8.516099522040763148e+00 8.656113652454406449e+00 8.749333028776522525e+00 1.418408103281564436e+01 1.444182164467063956e+01 1.455478377708476856e+01 1.471339567388900527e+01 1.479520038769175727e+01 1.487763810826743871e+01 1.500136209220661954e+01 1.511547196513625657e+01 1.520725835938835147e+01 1.556156624947854539e+01 1.576564205576305966e+01 1.579355953253671885e+01 1.585690585218148030e+01 1.599225349437476140e+01 1.604809994372384452e+01 1.620636224421437532e+01 1.652239546471066234e+01 1.664409265672918536e+01
-1.850513041803547587e+00 -1.616827423352946269e+00 -1.320423728459690471e+00 -5.337302136900540228e-01 6.409591763667301656e-01 1.557519820212863726e+00 1.794173716739299262e+00 2.041827568884365007e+00 2.195463192958750032e+00 2.411213816839653301e+00 2.708894696089648946e+00 2.759779580117977194e+00 2.779584714767562303e+00 3.091690108773512691e+00 3.249800635964144035e+00 3.421923677670215103e+00 3.500503687380324802e+00 3.568781432010752930e+00 3.697607702155810028e+00 3.798655206369863979e+00 3.888228701299302870e+00 3.992175696390533712e+00 4.083267808091056494e+00 4.245303252238138647e+00 4.576360531602093218e+00 4.727932510752839157e+00 4.939071430571097210e+00 5.015339053147274129e+00 5.240556106723294860e+00 5.432424963828436759e+00 5.507944986363042084e+00 5.557568031964124522e+00 5.692589107058983799e+00 5.792253516788339773e+00 5.844777151630510481e+00 5.934715829162180434e+00 5.989126111901390104e+00 6.051947172560204535e+00 6.159946089252977153e+00 6.270960736947496450e+00 6.348177066682915815e+00 6.396207559289584843e+00 6.476619225994958207e+00 6.538635229019680750e+00 6.620880285848176783e+00 7.165850124934240561e+00 7.476750842006548936e+00 7.678909162949008937e+00 8.034427783816887825e+00 8.121529398134418543e+00 8.364886883295261200e+00 8.515587994063581689e+00 8.678680978140471680e+00 8.740284847061156270e+00 1.418140461372333405e+01 1.445174844233413758e+01 1.454188740233474775e+01 1.475035238210218580e+01 1.479676961081005082e+01 1.486703255543431013e+01 1.498041933309479212e+01 1.511815522976633375e+01 1.520737053315391485e+01 1.557435297899598936e+01 1.575200806378791007e+01 1.580598034678474662e+01 1.583747078388306839e+01 1.598426277351900815e+01 1.605404132987948529e+01 1.620946425877666641e+01 1.652793409320634055e+01 1.664459503525055695e+01
-1.934103745110276718e+00 -1.611655325651694781e+00 -1.264198468959662813e+00 -8.238349439486492010e-01 1.158487089905751555e+00 1.668236844855417900e+00 1.755917850850483353e+00 2.039579693720429354e+00 2.185148155863600561e+00 2.403753392054941429e+00 2.689022925737771352e+00 2.762930869990173122e+00 2.810906204476987469e+00 3.091495857663868918e+00 3.251761806098806495e+00 3.391935347949341484e+00 3.487897859178941129e+00 3.568492293274690752e+00 3.703536092962505410e+00 3.813656541508150699e+00 3.890936732405492204e+00 4.022848890025880308e+00 4.076157823999707830e+00 4.247664452144529257e+00 4.604917293175239124e+00 4.732194865881679924e+00 4.954165323886513761e+00 5.003744780496396594e+00 5.266905626177373456e+00 5.433987647656579156e+00 5.536772051640201475e+00 5.566198269658949371e+00 5.681549343613729874e+00 5.788620222726008180e+00 5.833962656908603606e+00 5.909717591445479812e+00 5.954743339581381356e+00 6.038842224944328763e+00 6.155769567922492413e+00 6.277249326968883381e+00 6.349199166909073710e+00 6.400292447723631817e+00 6.461165441742044990e+00 6.555103561776675747e+00 6.615651929167148282e+00 7.105131865973501881e+00 7.479861219785619575e+00 7.631863516802095404e+00 8.012803656364683391e+00 8.142875665474146984e+00 8.371096113378980519e+00 8.547857548898782909e+00 8.681575325656744724e+00 8.748455803739084047e+00 1.418635754528818893e+01 1.445642881153775150e+01 1.450668179820939230e+01 1.477183390787962480e+01 1.479939209787715448e+01 1.485709509611780454e+01 1.497125553145571963e+01 1.511224517594378902e+01 1.523431732401048500e+01 1.557410794128970544e+01 1.574280169185265876e+01 1.580082440015767986e+01 1.582809452095833613e+01 1.599501622013294622e+01 1.606457335424538257e+01 1.622230285273783323e+01 1.653254948216834919e+01 1.663041582943318630e+01
-1.831903247051176908e+00 -1.612126172723503892e+00 -1.305321375005631834e+00 -1.067022965177328864e+00 1.324865593879994474e+00 1.723814407882809041e+00 1.869819620723915721e+00 2.038118677704692239e+00 2.210948255169307597e+00 2.402806205095580072e+00 2.679566566164241603e+00 2.751509387457977684e+00 2.810924896266585815e+00 3.093149419410093692e+00 3.257909682552418751e+00 3.399098555185641413e+00 3.444513369378490619e+00 3.564540313244084935e+00 3.695916459028905532e+00 3.820628286541754015e+00 3.887354769612722194e+00 4.045973667949271935e+00 4.119667079915756425e+00 4.216190613849712499e+00 4.600476147898198143e+00 4.743114454690833703e+00 4.948267498609324910e+00 4.995961942582314741e+00 5.268236420952006505e+00 5.409352573118063390e+00 5.525797174914677257e+00 5.583079154047323023e+00 5.653336452482555785e+00 5.782864345340764878e+00 5.812259861142436534e+00 5.900814165872542816e+00 5.948086162565602741e+00 6.034028063809572018e+00 6.163320075085739980e+00 6.287530303744349958e+00 6.346512752288140824e+00 6.385346171466991905e+00 6.457174856151375764e+00 6.577067213687973535e+00 6.595624581148640253e+00 7.088631433043579122e+00 7.467108226551088634e+00 7.605179587107865125e+00 8.034868442897785457e+00 8.161760398975969721e+00 8.363712020222665799e+00 8.572564676297023567e+00 8.671784380059776254e+00 8.773243151493032244e+00 1.419799695023738906e+01 1.444297088858583500e+01 1.448633146321690290e+01 1.477352447337388419e+01 1.479768795156494043e+01 1.485381234798434313e+01 1.497909265587516536e+01 1.510324864059514560e+01 1.525749608122483636e+01 1.556305062290401686e+01 1.574119627332683358e+01 1.579071062722986696e+01 1.583651166495807949e+01 1.600340200785545619e+01 1.609045805359351888e+01 1.621403898602306981e+01 1.653049378778286638e+01 1.662114012333245938e+01
