-1.744823925938342457e-01 -6.013006498269248684e-02 -6.012461926172067705e-02 -7.025332400188144793e-04 2.033397547238005175e-04 1.291133640731091095e-03 4.582854950315067843e-01 4.582860872195467783e-01 5.126765480225474736e-01 5.506963431580698121e-01 5.506965688570808481e-01 5.832853858898470190e-01 6.692244204178662281e-01 6.692249024885973396e-01 6.718608931460582356e-01 6.718624581692400621e-01 6.917277281644758080e-01 7.289084962313774341e-01 9.293758626957805413e-01 9.629370888386925564e-01 9.629541923368979406e-01 1.327709309611022404e+00 1.345616836266312566e+00 1.345631766965881271e+00 1.352170270920338035e+00 1.352195721735083733e+00 1.361646353593188863e+00 1.607162326598903457e+00 1.607186751491228360e+00 1.777787274358995528e+00 1.828614283937963103e+00 1.828614610437206078e+00 2.347474927185197568e+00 2.445486413121581215e+00 2.445521964593864617e+00 3.190119240510601362e+00 3.941032069440912888e+00 3.941074989125330053e+00 4.084320710244196739e+00 4.221129660103587256e+00 4.221163947297543295e+00 4.860215547155673832e+00
-1.738957162613018192e-01 -1.275316555560992438e-01 -6.676705086597305161e-02 4.966054669872415478e-02 6.541178243315090568e-02 1.427452237059292084e-01 4.636537225570274146e-01 4.657449843625790509e-01 5.153812086913092116e-01 5.506432563242860123e-01 5.519424470977520869e-01 5.866703698885585849e-01 6.698542382852640253e-01 6.723229823883934975e-01 6.730099990672281374e-01 6.767942898151878550e-01 6.924351508538274524e-01 7.287848164982650978e-01 9.298956890716076895e-01 9.622795161495174554e-01 9.635284817658111844e-01 1.324119656035756654e+00 1.337931723409815143e+00 1.338436934725552918e+00 1.355148025888973429e+00 1.358386560132009535e+00 1.366625396465087849e+00 1.606210628653591321e+00 1.607461031025489984e+00 1.769619536508620916e+00 1.829580633020411851e+00 1.838064562858284123e+00 2.341887799166870288e+00 2.445734250131098797e+00 2.457691039128202082e+00 3.189116249906898126e+00 3.937629302969098521e+00 3.947672398915359704e+00 4.073525875584825151e+00 4.224161640437506193e+00 4.233407642384175773e+00 4.852334824449995310e+00
-1.841511564566543913e-01 -1.286702962054377675e-01 -3.530145387351339009e-02 1.011254997419954865e-01 1.318406321575430196e-01 2.119420364813204560e-01 4.790543365433245215e-01 4.856359170129480041e-01 5.238629999058218578e-01 5.508540808537055744e-01 5.557112511516520970e-01 5.962996707672858498e-01 6.717884935739398822e-01 6.739081944164759808e-01 6.778818749470992833e-01 6.909137308002029076e-01 6.981824060292949330e-01 7.285804506895077193e-01 9.314043049564911803e-01 9.610219982735461741e-01 9.645817141005784690e-01 1.314581667723485836e+00 1.326288372828473561e+00 1.329857455286644230e+00 1.352033894710362061e+00 1.365612392447967061e+00 1.379164685882498631e+00 1.603402229355127551e+00 1.608480218926011895e+00 1.754352514459989854e+00 1.832415543334007246e+00 1.857926553200498265e+00 2.327192171224055084e+00 2.446383906494117078e+00 2.489777100848995506e+00 3.185920628013297673e+00 3.927948578499319776e+00 3.962968268580197684e+00 4.054434581297085671e+00 4.232621723746533782e+00 4.261378993363882373e+00 4.829141680810359105e+00
-2.138149873938536005e-01 2.980050083511062015e-02 1.043193415649812938e-01 1.554865195881657280e-01 1.873292137141741032e-01 2.795380822479239802e-01 5.010299747865154529e-01 5.104037102241812951e-01 5.402314763710492906e-01 5.513814975754608438e-01 5.638872296031497422e-01 6.108757658168223470e-01 6.749169990204749725e-01 6.763864230990359605e-01 6.822062673665745258e-01 6.962346733726691994e-01 7.194874956428192192e-01 7.304430805581384467e-01 9.336777440781315329e-01 9.593387988051751414e-01 9.661374237506995533e-01 1.302604513045505286e+00 1.312998775195874934e+00 1.319041103538420412e+00 1.346299198845420930e+00 1.371590913807548384e+00 1.392695098422721989e+00 1.598931128986160077e+00 1.610939492055270206e+00 1.740358892795692780e+00 1.836844317605045740e+00 1.881348083654105441e+00 2.306255442240779274e+00 2.447409201551974167e+00 2.533201226570748421e+00 3.179866830194912897e+00 3.913559085410045046e+00 3.966522245733004493e+00 4.057061052843258686e+00 4.245073129223559505e+00 4.294853025609279840e+00 4.792082291175247200e+00
-2.493520412918484586e-01 1.608070571034684870e-01 1.776936121991498085e-01 2.150082142951946496e-01 2.345468953053103656e-01 3.626543840598661639e-01 5.261003195345069772e-01 5.306021681388871647e-01 5.525714937087589096e-01 5.636366668141433722e-01 5.804201436860687568e-01 6.287121310696636156e-01 6.784804167984173073e-01 6.803996539351652162e-01 6.842533938532510129e-01 7.022810037301779884e-01 7.251995356307401330e-01 7.517701748807854578e-01 9.360702108250918974e-01 9.579519107066849504e-01 9.680404790424957939e-01 1.289665749669649530e+00 1.298262565883411046e+00 1.304664735833531042e+00 1.338725042409133037e+00 1.376264030253701032e+00 1.405840500054907682e+00 1.593111942006883996e+00 1.615959298505611708e+00 1.730535251503976024e+00 1.842463999113276740e+00 1.906037716899273704e+00 2.281160758599780625e+00 2.448730575904281448e+00 2.580347379767970573e+00 3.169856335096988165e+00 3.896281989146572311e+00 3.947959598614076082e+00 4.092994043325579590e+00 4.259830217592702972e+00 4.330546116932775469e+00 4.743930843767371286e+00
-2.829535678422899214e-01 2.061303454305818406e-01 2.482730723784260796e-01 2.750536943092812270e-01 2.847887267872056816e-01 4.545201402014306113e-01 5.471280306642924973e-01 5.472260144885597866e-01 5.590646291566087056e-01 5.842820527446058732e-01 6.074916686876508098e-01 6.476956119491839026e-01 6.818179629766825123e-01 6.842938333406886064e-01 6.869595703612897397e-01 7.115713452348648715e-01 7.250870451740794032e-01 7.792015822244344747e-01 9.372262667779630574e-01 9.582566782587024212e-01 9.700510698996581693e-01 1.275335471884604610e+00 1.282287748269609340e+00 1.287804849039105193e+00 1.329245482879686691e+00 1.379711364938249529e+00 1.418195058331807257e+00 1.586374115811882923e+00 1.624065569501885742e+00 1.725394867897098727e+00 1.848785416563490269e+00 1.930310243633066358e+00 2.253733423755645227e+00 2.450248519131803082e+00 2.626635683948670419e+00 3.154981050864146930e+00 3.877792019190362982e+00 3.925293069869360885e+00 4.139064313069222401e+00 4.275392100399807660e+00 4.368583109126205066e+00 4.689547955271764046e+00
-3.125169484412698706e-01 2.429764663452010642e-01 2.975717436332825927e-01 3.309272128657413936e-01 3.372175839062099278e-01 5.273477214638422339e-01 5.518262890281669941e-01 5.713548766454650263e-01 5.814148271796608647e-01 6.049408007413786814e-01 6.345593112281370241e-01 6.646799098064346545e-01 6.851354457684902810e-01 6.852694894024160543e-01 6.970576529132761490e-01 7.255263235879128025e-01 7.260105436138089008e-01 8.071717975147283397e-01 9.360261254301870393e-01 9.613296625553205965e-01 9.717936322377506153e-01 1.258071668265431597e+00 1.265416812119584566e+00 1.271653767987048322e+00 1.317171104434941453e+00 1.382063468746260071e+00 1.429617866363460665e+00 1.579229655433011636e+00 1.634060064533308765e+00 1.724313027189272596e+00 1.855292978725908926e+00 1.952328830032245000e+00 2.225624462847118679e+00 2.451852701314407579e+00 2.670907891947978285e+00 3.135318288489763905e+00 3.859472302164157487e+00 3.907285248950592038e+00 4.177858407356962012e+00 4.290576333482241544e+00 4.407584029499851397e+00 4.637801728948379498e+00
-3.374884317501310460e-01 2.739985729995310093e-01 3.407231242477780642e-01 3.802390389330075338e-01 3.834766312955409373e-01 5.474612414440244157e-01 5.540491372231476364e-01 6.042325975084916756e-01 6.046395493131110355e-01 6.423389723458626799e-01 6.562822035774364959e-01 6.763211611406950707e-01 6.889066508634708041e-01 6.905476221091298994e-01 7.122835230774554605e-01 7.290497566458175038e-01 7.473733488678543369e-01 8.365079272668765054e-01 9.331615437271836289e-01 9.663464002653308071e-01 9.727245602386114243e-01 1.238411190718389010e+00 1.248196280095197341e+00 1.257976282007036373e+00 1.301349017944072983e+00 1.383487129704135565e+00 1.440037388902518423e+00 1.572217839280030116e+00 1.643088624181497037e+00 1.726310060081173603e+00 1.861502891242257318e+00 1.970331566557528946e+00 2.198319203733356986e+00 2.453431010987369376e+00 2.714070146126148497e+00 3.112084519185709386e+00 3.842415346288710509e+00 3.897122359783911971e+00 4.198366253663187386e+00 4.304503966170293516e+00 4.437051406146555799e+00 4.605579939398459111e+00
-3.577552286788523994e-01 2.996694200122014817e-01 3.802020171065400023e-01 4.211696762111883929e-01 4.220673026203705103e-01 5.515679256194966351e-01 5.571521771918722665e-01 6.136656148826323820e-01 6.246048527360374969e-01 6.680531616007028273e-01 6.806930168545803905e-01 6.829396717899965941e-01 6.929734498354459538e-01 7.042022763950368525e-01 7.302395860627469704e-01 7.437765278715714468e-01 7.749503761870111251e-01 8.672989495682368322e-01 9.300591797208541678e-01 9.709318947800755772e-01 9.729765069312593662e-01 1.218964425368082916e+00 1.231449013337448717e+00 1.246167407182426468e+00 1.281459189523230346e+00 1.384182654948404645e+00 1.449301485986343563e+00 1.565840161283110099e+00 1.648113421850056604e+00 1.730187043955250026e+00 1.867009589457487184e+00 1.983177067378029568e+00 2.173251099412665699e+00 2.454877863406093486e+00 2.757024436639236686e+00 3.087040400932680395e+00 3.827462887032880623e+00 3.896604802316829375e+00 4.194216229504605487e+00 4.316541948404803541e+00 4.443428853245911192e+00 4.610138594964767300e+00
-3.733527903467634967e-01 3.199833557740823786e-01 4.145188025710340729e-01 4.520387058169413330e-01 4.529987857734632528e-01 5.537873067864278465e-01 5.620580512225765712e-01 6.168058663302732336e-01 6.405605241992105015e-01 6.802791380674216848e-01 6.865303089044393348e-01 6.873387386246874176e-01 6.971612763421344283e-01 7.137798951773450806e-01 7.469563516480168808e-01 7.776180136488671790e-01 8.043612414500521668e-01 8.974248022721486029e-01 9.278749186896264600e-01 9.687107597401508619e-01 9.770661422225133119e-01 1.201030695150381300e+00 1.216249419956305866e+00 1.236199785579509713e+00 1.259310689714455478e+00 1.384376923738186216e+00 1.457127666915638997e+00 1.560507338844225655e+00 1.647823642622857410e+00 1.734476608517835583e+00 1.871512545675868555e+00 1.990814216100539991e+00 2.151932255084195056e+00 2.456101172610737127e+00 2.799078242664419847e+00 3.061841909666061401e+00 3.815246025069093605e+00 3.906934398569694711e+00 4.165037637464360287e+00 4.326253235321790847e+00 4.439667734408967448e+00 4.637565728612458749e+00
-3.843754579021507745e-01 3.347611489776141647e-01 4.414392434654597630e-01 4.721452703748627577e-01 4.757008516928599162e-01 5.571647618572289629e-01 5.686451758551294144e-01 6.184446865622258427e-01 6.518248556001678962e-01 6.872981198691765492e-01 6.887875399672539478e-01 6.895215599766627568e-01 7.008305580214930774e-01 7.138270561313999618e-01 7.598059520677269418e-01 8.127835120033339855e-01 8.299349812162634121e-01 9.235382577402816429e-01 9.271938534649925012e-01 9.634194502690343054e-01 9.804142808271909537e-01 1.184958156198869350e+00 1.203893528400446611e+00 1.228442763476237598e+00 1.239112302475534166e+00 1.384302700331648595e+00 1.463148934097192377e+00 1.556515699550598653e+00 1.643496260064167158e+00 1.737941860140469919e+00 1.874819986264551597e+00 1.994306216627708572e+00 2.135824557529284906e+00 2.457027322129067048e+00 2.837388178481652368e+00 3.038123468213236311e+00 3.806219095078196446e+00 3.928435511651485079e+00 4.119288610675564399e+00 4.333355673555324472e+00 4.439744190398238644e+00 4.665274277491689325e+00
-3.909316865837307309e-01 3.437658771952805670e-01 4.588545580775241772e-01 4.826370167282674206e-01 4.893022005930272034e-01 5.612336619648605751e-01 5.747565077124098254e-01 6.197779895368338288e-01 6.582883277566615732e-01 6.857583933672235510e-01 6.902298393013767130e-01 6.955406963676828980e-01 7.033654649061508168e-01 7.108345787006532523e-01 7.675222838000148595e-01 8.390586951436422858e-01 8.467936189493667776e-01 9.276242422641587382e-01 9.422770818513825919e-01 9.571309395689279187e-01 9.821538651532724096e-01 1.172175710358824174e+00 1.195744275358281872e+00 1.222611725373063285e+00 1.226359524959977909e+00 1.384164574203762266e+00 1.466980631900538290e+00 1.554053582946672396e+00 1.638426742442095740e+00 1.740043473467481894e+00 1.876831020362750513e+00 1.995350475875393492e+00 2.125928277323088977e+00 2.457603726669142841e+00 2.866652787888112730e+00 3.018909696559468614e+00 3.800686725462191440e+00 3.959213158252065323e+00 4.069594125124812223e+00 4.337677964037037981e+00 4.442466342832228854e+00 4.683735394524479290e+00
-3.931064027102288416e-01 3.467944577876334034e-01 4.649559137810864717e-01 4.857768484382302132e-01 4.937022851383489619e-01 5.631681135547919048e-01 5.772732115851544332e-01 6.204173795460584673e-01 6.603432948799523583e-01 6.848286221675026209e-01 6.907327005194727754e-01 6.979117614058268915e-01 7.042788914585068616e-01 7.090507042260599802e-01 7.700359797385227800e-01 8.507569502474348067e-01 8.510392969737932134e-01 9.279945891443927009e-01 9.500243695177018610e-01 9.533751558744966159e-01 9.826129460340951027e-01 1.166935634638257113e+00 1.192888415415032988e+00 1.219195651178981654e+00 1.223406340356955946e+00 1.384102120484893339e+00 1.468301898548769913e+00 1.553222289197392580e+00 1.636209047038818865e+00 1.740731857161252227e+00 1.877504640315444728e+00 1.995490956586871478e+00 2.122614229391508456e+00 2.457799275135608585e+00 2.878364917746628393e+00 3.010787137787391377e+00 3.798823638699897920e+00 3.983067554281511491e+00 4.038758500937709606e+00 4.339128313829149874e+00 4.443898510462215512e+00 4.690081475089616703e+00
-3.862006018025657683e-01 3.492653431875891723e-01 4.613929031122034896e-01 4.670258381436467876e-01 5.081667127924086591e-01 5.620758797239233662e-01 5.816662583564836675e-01 6.213297972373446054e-01 6.621200077283516672e-01 6.854877360484781246e-01 6.902656988856540332e-01 6.985188818154891566e-01 7.075512884346287779e-01 7.099235372900213337e-01 7.709486149008980549e-01 8.467759563056771466e-01 8.541335630405333390e-01 9.253138745068986148e-01 9.476698334433669713e-01 9.539378679816589157e-01 9.827608659195162799e-01 1.162618756082439697e+00 1.191300659105854143e+00 1.218125735152767675e+00 1.231060294980837799e+00 1.383907410934348325e+00 1.467000475118729108e+00 1.555051863911870891e+00 1.637895009125404755e+00 1.736660772211249038e+00 1.883674090060519779e+00 1.996158133155543801e+00 2.119628875907064280e+00 2.457069467720299105e+00 2.879564435669695666e+00 3.011373207318979617e+00 3.804047531428820683e+00 3.984908428694280857e+00 4.036855526479824263e+00 4.337436067408209084e+00 4.438093977848601490e+00 4.691546008604850826e+00
-3.643492627750131718e-01 3.543071677306605660e-01 4.315112063048668345e-01 4.705307773107120228e-01 5.186548526898578926e-01 5.595801141071417018e-01 5.933284224914585625e-01 6.229538467102437860e-01 6.663764701787520117e-01 6.847730510309989471e-01 6.919601406704823932e-01 7.023505055001549868e-01 7.086970296569742311e-01 7.169488765955249754e-01 7.733223412709857580e-01 8.360743078313701560e-01 8.632112941445445609e-01 9.183682313066114933e-01 9.421543237760088285e-01 9.544222684289114245e-01 9.825241073275030601e-01 1.152511463124081814e+00 1.188813869643245091e+00 1.214841177072190082e+00 1.247828150377935597e+00 1.382732004293038663e+00 1.464193467116058800e+00 1.559682195520761816e+00 1.642254665277282921e+00 1.726207297009394681e+00 1.899002131537463667e+00 1.998078025641196298e+00 2.110791344834640260e+00 2.456210918187972769e+00 2.883404757036764465e+00 3.012111591181629411e+00 3.819388728315534109e+00 3.989674703154848068e+00 4.032113351843973348e+00 4.332205977407923569e+00 4.420987637692116223e+00 4.696515015759555212e+00
-3.246843423051758992e-01 3.549664471833292034e-01 3.994624402778595984e-01 4.853534204125878326e-01 5.282096967492218020e-01 5.574022677226707634e-01 6.074552717317447392e-01 6.238142336061225368e-01 6.696050379343526648e-01 6.826454202195959553e-01 6.965952176852069355e-01 7.062985999071531573e-01 7.137613845699911641e-01 7.234405785028245051e-01 7.757918790796604069e-01 8.242852105077187463e-01 8.759385411964473178e-01 9.097378224946034431e-01 9.344760142526746804e-01 9.544776344928748157e-01 9.807558062266606980e-01 1.140463578497623809e+00 1.185764733338135368e+00 1.209298561031412644e+00 1.267132451264103121e+00 1.379176749279755310e+00 1.461922626574328365e+00 1.565755419334963650e+00 1.647624159878602113e+00 1.712355003377404872e+00 1.917723898541192851e+00 2.001088664712056708e+00 2.096727814452552519e+00 2.457102853808828868e+00 2.890731316261972772e+00 3.010553620213696213e+00 3.843220560520738793e+00 3.995886118505599605e+00 4.026455083475104502e+00 4.324134283379589938e+00 4.394092544421526192e+00 4.705521842630901119e+00
-2.627720957382342903e-01 3.444112849776235774e-01 3.668024763779042519e-01 5.107051528746409108e-01 5.404509715654678415e-01 5.585937513536837207e-01 6.174886094605120945e-01 6.262534969865171108e-01 6.682473295216575515e-01 6.816947454187557431e-01 6.975836672198896249e-01 7.132177538249220294e-01 7.208434578734687070e-01 7.298171634257734075e-01 7.755961870425740479e-01 8.182463407934564836e-01 8.906962690268562799e-01 9.022228518976842526e-01 9.246818573865708268e-01 9.545546961357644911e-01 9.766696967543778696e-01 1.128525207674900610e+00 1.181766932773683942e+00 1.201851665315879947e+00 1.285899187538701360e+00 1.372198568174047617e+00 1.461191415192689913e+00 1.572261963154467201e+00 1.652595244568501043e+00 1.697618208004214369e+00 1.935921356405368554e+00 2.005089249951435004e+00 2.079085356538110219e+00 2.459073378211436012e+00 2.902640239729042282e+00 3.004362910503536543e+00 3.871086202247317587e+00 4.002791596003040908e+00 4.021337932339990928e+00 4.315579451716978987e+00 4.361411235462039571e+00 4.717499699860215223e+00
-1.650445221751955793e-01 3.222393107208718077e-01 3.310040719221069572e-01 5.298887158903552441e-01 5.543117879603283171e-01 5.680007575692439525e-01 6.211563105932810247e-01 6.349479370907897824e-01 6.620760365258245850e-01 6.813550104702625898e-01 6.942087345453131775e-01 7.211567443774198338e-01 7.268037947878598359e-01 7.395135398861467646e-01 7.703314188942492757e-01 8.212575485356019556e-01 8.972294814368191318e-01 9.074471515288764500e-01 9.127456698870024532e-01 9.551680061038178016e-01 9.697569341776123286e-01 1.118222668080396165e+00 1.177906458156195990e+00 1.193421665539238896e+00 1.303059323876337938e+00 1.361759862707679680e+00 1.461586015525287774e+00 1.577881245876043836e+00 1.657145343059411191e+00 1.684355327481914522e+00 1.951632783360533585e+00 2.010445804842757145e+00 2.060445369626702217e+00 2.459627747111725160e+00 2.919168923889501333e+00 2.992706333360553472e+00 3.895366421846789606e+00 4.010321154257369791e+00 4.017633815729282354e+00 4.308859382779773206e+00 4.330085122188799041e+00 4.730089645981941260e+00
1.271150968028979533e-01 2.887171756999827865e-01 2.918805254564772467e-01 5.353067855162301214e-01 5.655424794589989368e-01 5.751203517991446690e-01 6.332395902461263049e-01 6.416482874448358187e-01 6.536254902633048536e-01 6.815856851593287136e-01 6.883809354363712441e-01 7.245445711328657445e-01 7.366855431184798908e-01 7.490928090347831469e-01 7.616433700250383465e-01 8.288537024694350164e-01 8.942572711552072562e-01 9.008977670895743639e-01 9.264247214598593239e-01 9.557575998812681828e-01 9.596022079114907566e-01 1.110907266367866297e+00 1.176570694447832910e+00 1.185244565945289263e+00 1.318813994215628504e+00 1.348484056808738618e+00 1.462226515169887442e+00 1.581274360934684209e+00 1.662301807137686716e+00 1.674062161483493183e+00 1.962876235968120664e+00 2.018618760163499282e+00 2.043416740193910730e+00 2.457695480654838782e+00 2.938546968636186918e+00 2.976428490798794346e+00 3.909653762311467329e+00 4.014845463506913958e+00 4.017211067785207312e+00 4.304689099523896445e+00 4.308969995021913135e+00 4.740566406283359235e+00
2.362431612011991477e-01 2.403965880759299512e-01 2.592878338629502899e-01 5.351392393265178571e-01 5.707028086811268830e-01 5.754170307601615963e-01 6.352778369186860008e-01 6.474761591228732627e-01 6.512657143149569450e-01 6.829970858187129901e-01 6.841551977508411042e-01 7.260795748157060636e-01 7.461797855487477538e-01 7.506170546453647674e-01 7.555693148721804864e-01 8.325690445990052702e-01 8.926545753043635401e-01 8.956276998743476492e-01 9.448966995049573603e-01 9.456275965400854355e-01 9.564831679125886943e-01 1.107826295665994110e+00 1.178242208602670260e+00 1.179974599003467350e+00 1.332659140031412059e+00 1.334742107095949981e+00 1.462406098955980394e+00 1.582177445351205636e+00 1.665624466030837247e+00 1.669201074522100647e+00 1.967565318379955075e+00 2.027361350029270870e+00 2.033102647568840293e+00 2.454899584642581178e+00 2.955712742695907558e+00 2.959941582937782645e+00 3.913132938433625085e+00 4.014592851366149517e+00 4.017926358811617860e+00 4.302520920887931588e+00 4.304266669195757622e+00 4.745900628430256063e+00
1.908178996563056617e-01 2.190143296345200274e-01 3.101732655923469806e-01 5.360587051280678583e-01 5.670656079601137378e-01 5.761850183527001956e-01 6.342962962445403141e-01 6.457772474784692074e-01 6.471628231812740495e-01 6.834665230200166475e-01 6.853920478957793438e-01 7.250051753971211710e-01 7.361445349688215956e-01 7.508847927965800473e-01 7.624202130875803451e-01 8.263889712405672050e-01 8.925208221538774023e-01 8.997128271628006546e-01 9.298151275322119602e-01 9.486078961450794544e-01 9.668900515890536118e-01 1.109962227790812550e+00 1.174753240254041264e+00 1.186325986837627688e+00 1.319415471912048332e+00 1.348262505944511025e+00 1.462136040413531290e+00 1.581486992802136893e+00 1.660579990552812912e+00 1.673036435671076960e+00 1.965266114500246797e+00 2.019152081439245183e+00 2.042702951051529769e+00 2.457098137149472894e+00 2.939601529616499676e+00 2.976088200243061976e+00 3.908765162865558640e+00 4.011584538721114868e+00 4.020923306799845776e+00 4.304380750743884931e+00 4.308715972100540803e+00 4.741704338373136096e+00
1.359471742503512437e-01 1.788265354255403616e-01 3.533554482273870145e-01 5.309804202237728976e-01 5.628503422347718166e-01 5.788914038282437780e-01 6.169387831690874568e-01 6.397263859343489401e-01 6.511353827656536364e-01 6.861829315386791528e-01 6.874842756613670502e-01 7.219678665276847429e-01 7.253202780990105625e-01 7.418721259772286247e-01 7.713106938190567030e-01 8.127697314819908314e-01 8.897564123943358938e-01 8.977363916550749057e-01 9.222406675235387263e-01 9.456711026006081600e-01 9.811886441426062033e-01 1.117911812947681272e+00 1.172988312904644559e+00 1.197314704683631881e+00 1.307579350490249315e+00 1.360290282788823690e+00 1.460599710266100804e+00 1.579889008299689479e+00 1.653319033435656227e+00 1.679393060424476447e+00 1.959001347238401580e+00 2.007155184800723191e+00 2.059699466476624607e+00 2.459516852576047796e+00 2.917392134267643211e+00 2.996289869211149259e+00 3.895050287710500214e+00 4.004083051807849181e+00 4.029648553925287757e+00 4.313664546384574194e+00 4.322270979029245730e+00 4.728467322247379201e+00
5.138281721172627964e-02 1.332313786832984015e-01 3.773141028050259194e-01 5.161060919916404810e-01 5.649299483191637661e-01 5.770460987115878515e-01 5.992979723814093607e-01 6.282560427709217299e-01 6.540275236357616651e-01 6.880206620548797725e-01 6.891235867091283218e-01 7.141743198438392781e-01 7.173151793552101640e-01 7.297793260076589350e-01 7.767153669684713213e-01 7.963803092291205088e-01 8.772878055757914462e-01 8.813239038521741842e-01 9.283126688321698960e-01 9.446724854668119287e-01 9.913161610093940146e-01 1.132063840230122853e+00 1.176095095925348888e+00 1.210575866876112183e+00 1.298241846356405382e+00 1.370462394629275105e+00 1.457664340031439520e+00 1.578023504567665825e+00 1.647271383657885169e+00 1.684720000993366718e+00 1.949435982457104810e+00 1.996734675479784116e+00 2.078559768272098207e+00 2.461752839183183994e+00 2.891206109463604346e+00 3.018169232507471378e+00 3.874746832465266078e+00 3.999174208911198125e+00 4.039463591326655667e+00 4.331990559790131812e+00 4.339161067277371053e+00 4.705321707761306094e+00
-1.045807683643208974e-01 7.479686504632744593e-02 3.843230438357017609e-01 4.931734261369310479e-01 5.674953835231795196e-01 5.691131401663410694e-01 5.829753880043347936e-01 6.152995085969606981e-01 6.560024086023269474e-01 6.819439340493390622e-01 6.910061074627769084e-01 7.040179774804200541e-01 7.089782905955845926e-01 7.217598503978556179e-01 7.756186652344116972e-01 7.793791905533659081e-01 8.509169470276631841e-01 8.671645758671906457e-01 9.343181491278735873e-01 9.455421281574498682e-01 9.961862117789220816e-01 1.151276545176239896e+00 1.184717491048583815e+00 1.225468212079501296e+00 1.291992521583232412e+00 1.378708143879207260e+00 1.453378257211960678e+00 1.576481441176078135e+00 1.642419959838391730e+00 1.689153783941193643e+00 1.937157435206982692e+00 1.987278665948394751e+00 2.099583759998728372e+00 2.463444006066233705e+00 2.861006739568838331e+00 3.041352685187760585e+00 3.853101797444735688e+00 3.997198427633429585e+00 4.048759802600431890e+00 4.354916346951585915e+00 4.359704964701212049e+00 4.672545563338379004e+00
-1.486608194120789539e-01 -6.600106942487009298e-02 3.767663842031568899e-01 4.639159171358855360e-01 5.469659340333989928e-01 5.682786200160838685e-01 5.724213468942922489e-01 6.041616990055391767e-01 6.560721893229591872e-01 6.630812598890009069e-01 6.914147718015276611e-01 6.955767928520372179e-01 7.037018056966857227e-01 7.169945162954098894e-01 7.624647742555548113e-01 7.645411233016613517e-01 8.220168162222517561e-01 8.511665326704734857e-01 9.383535516117121889e-01 9.466774501231036698e-01 9.963770614701491501e-01 1.173512559892113005e+00 1.198122597713441984e+00 1.241466671949834177e+00 1.289046284694014943e+00 1.385052438960892696e+00 1.447859891419104761e+00 1.575745997389309538e+00 1.638609791876340704e+00 1.693073179015428531e+00 1.922873308293682637e+00 1.977953067343470206e+00 2.122968310301078798e+00 2.464319270125378214e+00 2.826797870203734409e+00 3.065191571343716337e+00 3.835018079374681310e+00 3.997212343121742784e+00 4.056246230017973353e+00 4.366728774258966439e+00 4.394738664086601077e+00 4.632469618375126608e+00
-1.753126543326154474e-01 -1.099057829438595535e-01 3.570194823239513648e-01 4.298970808530185872e-01 5.156285171173983217e-01 5.561688704648894976e-01 5.723474275288631397e-01 5.941268713155929415e-01 6.358044431656809659e-01 6.526045562959899016e-01 6.865485624848077784e-01 6.923860160183548107e-01 7.009804699283671559e-01 7.084677124726399544e-01 7.444004878150763949e-01 7.461198375426527640e-01 7.925096154927614434e-01 8.365865530183114185e-01 9.413003935112893572e-01 9.470374084210757548e-01 9.933793376286594867e-01 1.196807035504144245e+00 1.214631637835231537e+00 1.258125985685033310e+00 1.289245162547160151e+00 1.389570696862626686e+00 1.441214306730056460e+00 1.576152496950500304e+00 1.635566470822924057e+00 1.696963734930765799e+00 1.907432102519520223e+00 1.967902437887591782e+00 2.148651327711648129e+00 2.464227581231687836e+00 2.788630309208131930e+00 3.088775852620300633e+00 3.823848314358917477e+00 3.998470855046464489e+00 4.061060481464037863e+00 4.372983204847171734e+00 4.429240458422155413e+00 4.592990592673197980e+00
-1.917859793878039787e-01 -1.328028470536092021e-01 3.273130160559155621e-01 3.926913722579771782e-01 4.751312899110639032e-01 5.459351300630732595e-01 5.691440315461027133e-01 5.786929966850520302e-01 6.083063530135704999e-01 6.440288406499576901e-01 6.778873135691328988e-01 6.811647506839888511e-01 6.910183653653972913e-01 7.006314156277290150e-01 7.297324674101033359e-01 7.308217631506939149e-01 7.646013861497028552e-01 8.225324949113097528e-01 9.438440310899355312e-01 9.465717819746487516e-01 9.887107398682174475e-01 1.219727346721801720e+00 1.232450027097213185e+00 1.275009640520889720e+00 1.292170829711107194e+00 1.392328546182699078e+00 1.433504139429596425e+00 1.577873295811835552e+00 1.632925685535830063e+00 1.701325848770497196e+00 1.891760283362094786e+00 1.956420208827163387e+00 2.176267175694201139e+00 2.463147870745776569e+00 2.746650852910560214e+00 3.111065266473858948e+00 3.821447167137585144e+00 4.000604046764396848e+00 4.062514016092987568e+00 4.372859586783492958e+00 4.438754312697091642e+00 4.578846326824212554e+00
-2.006542331225546483e-01 -1.454406995796009294e-01 2.900247555649897446e-01 3.533587024420292155e-01 4.261742789860729075e-01 5.377026380767422342e-01 5.443212273906700149e-01 5.632173262428343818e-01 5.925663217149615969e-01 6.285094622107122442e-01 6.403547791343743301e-01 6.684999368400710296e-01 6.882255894363902282e-01 6.971207360863532765e-01 7.175419483267148069e-01 7.249073624782857994e-01 7.408242380682829031e-01 8.063602115040113816e-01 9.440384402332975267e-01 9.478106682546646455e-01 9.834680560357847989e-01 1.241392978760074595e+00 1.250148804864463559e+00 1.291542819835566069e+00 1.297373839461155809e+00 1.393340829838311645e+00 1.424769702096113644e+00 1.580912943608755006e+00 1.630280498859736582e+00 1.706632165919504063e+00 1.876770042195308852e+00 1.943057066496923335e+00 2.205154872438418678e+00 2.461183735779865156e+00 2.701238546518973216e+00 3.131098198626847573e+00 3.828323429757426233e+00 4.003551235969296407e+00 4.059712707618420957e+00 4.366014081489249854e+00 4.405276907700492295e+00 4.609128254934961255e+00
-2.032387657796535241e-01 -1.509865211162393639e-01 2.478109049302639477e-01 3.122635862436091703e-01 3.687386330327074857e-01 4.933429660320935994e-01 5.310440718039165509e-01 5.557075929130584901e-01 5.829934409695233244e-01 5.979566967266011224e-01 6.078395726713292646e-01 6.549028045339285731e-01 6.846746033836209611e-01 6.924513132060613474e-01 7.069119277808765256e-01 7.228098676496755859e-01 7.237492228840733954e-01 7.865926301343721949e-01 9.419645301183265929e-01 9.509316301648915726e-01 9.783218726428112300e-01 1.261363220166842769e+00 1.266776655057149981e+00 1.303565317231629939e+00 1.307882102009811254e+00 1.392574035102524643e+00 1.415074642507058167e+00 1.585094360047797579e+00 1.627258730458229330e+00 1.713313484733433478e+00 1.863261520512057512e+00 1.927662419862488319e+00 2.234392752412036387e+00 2.458545747991348840e+00 2.653222685287037752e+00 3.148198921293595465e+00 3.843664980959108135e+00 4.007572459678351073e+00 4.051342023158080785e+00 4.350008217438982250e+00 4.358224917500902684e+00 4.658968214121836482e+00
-2.004983742564135918e-01 -1.508562011960331573e-01 2.031998144149003982e-01 2.692229615970804790e-01 3.026795097673334878e-01 4.311564620806631054e-01 5.240871230199778408e-01 5.488269337050467600e-01 5.571013482274734807e-01 5.788345139504991188e-01 5.818192496027544403e-01 6.387980360906638788e-01 6.807440454943836095e-01 6.871297993737588428e-01 6.981635565039738811e-01 7.108457967683167178e-01 7.233809510129693976e-01 7.634031171494639612e-01 9.393731396523119503e-01 9.541714131330313320e-01 9.736742221144617515e-01 1.279453387308362444e+00 1.281904264361731993e+00 1.311505252461722559e+00 1.322057581569925588e+00 1.389982959515426275e+00 1.404555092298567898e+00 1.590045200154798666e+00 1.623632750631519794e+00 1.721736075188914361e+00 1.851830255912044310e+00 1.910378068798956219e+00 2.262850236711132279e+00 2.455523051978631965e+00 2.604124656416069605e+00 3.162084025873568294e+00 3.865301449650270893e+00 4.013360065212327576e+00 4.036053754339363309e+00 4.306945919342928697e+00 4.335098459038490226e+00 4.711689140699023781e+00
-1.935063267912918161e-01 -1.456526557073501149e-01 1.579429805710665657e-01 2.183142833702557684e-01 2.333241114002867489e-01 3.619071734858753109e-01 5.132720881829861970e-01 5.251443707798125748e-01 5.451049071563338622e-01 5.545679481122053334e-01 5.733413350885935289e-01 6.220400555187083347e-01 6.768513004223232210e-01 6.819334051314577261e-01 6.906876650136005713e-01 7.026146359503507854e-01 7.219828380000383738e-01 7.396535824256136316e-01 9.365838294114022800e-01 9.571267748999229275e-01 9.697787834739609591e-01 1.294532976307926297e+00 1.296662357629995821e+00 1.319722017032956884e+00 1.334281921045446184e+00 1.385539110297000942e+00 1.393471931590357205e+00 1.595224049656541299e+00 1.619434467671551303e+00 1.732134967231100608e+00 1.842798079138143086e+00 1.891615026224558349e+00 2.289258400757636647e+00 2.452446397001927014e+00 2.556311610826761171e+00 3.172822235739071406e+00 3.889680065908728057e+00 4.013524976431144253e+00 4.022647669873557597e+00 4.270258824009701470e+00 4.311097395138926203e+00 4.760727733921068960e+00
-1.839703825580237539e-01 -1.353116015053140719e-01 1.098264796387717346e-01 1.355028100065489016e-01 1.841966445319554724e-01 2.887239771994294935e-01 4.958305506403986596e-01 4.987807537663724866e-01 5.339212603635244969e-01 5.457346091177825986e-01 5.667270573845624160e-01 6.066183202345321046e-01 6.734646210188383053e-01 6.774381629208052757e-01 6.838845156001667203e-01 6.971414082565292603e-01 7.079085074442897918e-01 7.292003798470754194e-01 9.338569020048773650e-01 9.595663183420807263e-01 9.667735477311746317e-01 1.306410062011238216e+00 1.311592386676925459e+00 1.327597202612744720e+00 1.343967851354400000e+00 1.379076544912324120e+00 1.382420464689115391e+00 1.600013057778708836e+00 1.615020002986711445e+00 1.744477671029111887e+00 1.836197257326479981e+00 1.872060330772031822e+00 2.312300189922483984e+00 2.449647082733994896e+00 2.512931779097901774e+00 3.180692446100282123e+00 3.912192442226085642e+00 3.987763991056276769e+00 4.036377232431356710e+00 4.245547182965109023e+00 4.283812901970282638e+00 4.802329712158484476e+00
-1.753266958956356258e-01 -1.190577778212597582e-01 -5.926497554122336225e-02 7.356980569000196035e-02 1.381677878092401057e-01 2.121733526178889717e-01 4.761643486703135975e-01 4.783659722455282926e-01 5.216273691916943900e-01 5.476485929818184495e-01 5.596256372487649067e-01 5.942095568540087802e-01 6.709608858940172560e-01 6.740058094079687256e-01 6.777558116544176725e-01 6.880664475180183759e-01 6.939696287131308372e-01 7.286012118884550581e-01 9.315232543723720449e-01 9.613614051446077724e-01 9.646854236167023977e-01 1.316627207538299871e+00 1.325344592228271168e+00 1.334563504443319282e+00 1.350761644173195553e+00 1.369638251662978146e+00 1.373078801285144257e+00 1.603846313638587429e+00 1.611028464039589769e+00 1.758188328237576536e+00 1.831829276088425829e+00 1.852834019746181005e+00 2.330678377360225983e+00 2.447418574318049433e+00 2.477590244650233142e+00 3.186028499067338426e+00 3.928780856582787084e+00 3.963747476814075021e+00 4.055481759708325917e+00 4.230890407148454102e+00 4.255629439455121954e+00 4.833876580342574059e+00
-1.732914721827507332e-01 -9.959192364031443923e-02 -8.903211886176456979e-02 1.923438091677948103e-02 8.840406071275752620e-02 1.288024853588252139e-01 4.628901129922134428e-01 4.636720267286721375e-01 5.148733958561481083e-01 5.497794421870720871e-01 5.533390119554775222e-01 5.861161640512679849e-01 6.695558941641556183e-01 6.715017317321052559e-01 6.732440568169441031e-01 6.752202090283927483e-01 6.922481608497309535e-01 7.288014070550102863e-01 9.299383029577761306e-01 9.624617706898653813e-01 9.634613085690993950e-01 1.324523168653141347e+00 1.337629524005983894e+00 1.340770662963437276e+00 1.353942789228337551e+00 1.359256457650666716e+00 1.365128111251148857e+00 1.606306115020894820e+00 1.608215058906339978e+00 1.771297125525902016e+00 1.829388313142070732e+00 1.836279646228981877e+00 2.342996220152898879e+00 2.445987131952993554e+00 2.453966512721936333e+00 3.189111513254669017e+00 3.938124715308401136e+00 3.947023942284387577e+00 4.075133908955229423e+00 4.223411013758019195e+00 4.231552029696022288e+00 4.853538665462028057e+00
-1.744823925938342457e-01 -6.013006498269248684e-02 -6.012461926172067705e-02 -7.025332400188144793e-04 2.033397547238005175e-04 1.291133640731091095e-03 4.582854950315067843e-01 4.582860872195467783e-01 5.126765480225474736e-01 5.506963431580698121e-01 5.506965688570808481e-01 5.832853858898470190e-01 6.692244204178662281e-01 6.692249024885973396e-01 6.718608931460582356e-01 6.718624581692400621e-01 6.917277281644758080e-01 7.289084962313774341e-01 9.293758626957805413e-01 9.629370888386925564e-01 9.629541923368979406e-01 1.327709309611022404e+00 1.345616836266312566e+00 1.345631766965881271e+00 1.352170270920338035e+00 1.352195721735083733e+00 1.361646353593188863e+00 1.607162326598903457e+00 1.607186751491228360e+00 1.777787274358995528e+00 1.828614283937963103e+00 1.828614610437206078e+00 2.347474927185197568e+00 2.445486413121581215e+00 2.445521964593864617e+00 3.190119240510601362e+00 3.941032069440912888e+00 3.941074989125330053e+00 4.084320710244196739e+00 4.221129660103587256e+00 4.221163947297543295e+00 4.860215547155673832e+00
-1.906097451938994491e-01 -1.051613840277434153e-01 -1.051584862481053095e-01 4.659168538548239674e-02 4.659757463824492491e-02 8.287271171529411729e-02 4.637629001593654432e-01 4.637634198429871901e-01 5.136441737838138843e-01 5.506536500967510461e-01 5.506538423576673447e-01 5.902348229038367755e-01 6.697538851157611717e-01 6.697544065034471972e-01 6.735131313657719554e-01 6.735145180862899261e-01 6.989730634863303704e-01 7.274121316255119929e-01 9.281490199475470604e-01 9.634682377245952223e-01 9.634853799867053592e-01 1.324597389874236253e+00 1.340217701183023635e+00 1.340236759410056600e+00 1.355816140158051075e+00 1.355837366163153312e+00 1.362564687898927263e+00 1.605431508202708857e+00 1.605455722410012775e+00 1.777987137316695110e+00 1.831669420867185760e+00 1.831669503872833227e+00 2.344193626624704319e+00 2.445256910742730216e+00 2.445292450549115149e+00 3.193228865298602948e+00 3.932176759557474366e+00 3.932219640323520782e+00 4.094631305331682292e+00 4.230551988114103601e+00 4.230586324524685971e+00 4.858078861508498214e+00
-2.284013787167535336e-01 -1.733978666517211886e-01 -1.733963998364417280e-01 9.225221517201658006e-02 9.225552228843764135e-02 1.722262755127264011e-01 4.766856537965742935e-01 4.766859883067767201e-01 5.164414965333502527e-01 5.505560840194847483e-01 5.505561890343170228e-01 6.090866489195408962e-01 6.710820832023380866e-01 6.710827885138309634e-01 6.787414003935817730e-01 6.787426735876337380e-01 7.164822494658753538e-01 7.253943496152726045e-01 9.244744697650727483e-01 9.650171363485140485e-01 9.650343860950461039e-01 1.315404721576066027e+00 1.330798312483350898e+00 1.330819460454006675e+00 1.359962279734484580e+00 1.359981124255509988e+00 1.364633694647116480e+00 1.600581067071282559e+00 1.600604782419348338e+00 1.779135388685805452e+00 1.840157354183975746e+00 1.840157914939292150e+00 2.335513280073156395e+00 2.444752971533940666e+00 2.444788473835386444e+00 3.200862263424396836e+00 3.909349860932842091e+00 3.909392717102473380e+00 4.124845243659192029e+00 4.254984280397438923e+00 4.255018666119408266e+00 4.851609476218669670e+00
-2.718598530115498568e-01 -2.338364011717307400e-01 -2.338355724138840575e-01 1.372468749913427488e-01 1.372495418088494068e-01 2.669500818239273765e-01 4.908921323229042954e-01 4.908922859127794469e-01 5.211591018297250244e-01 5.504588407124665350e-01 5.504589225282350284e-01 6.355449675930376907e-01 6.729580171407461009e-01 6.729588644525125174e-01 6.875829070085127670e-01 6.875842939376101137e-01 7.147225110932384773e-01 7.486560976773993792e-01 9.183745422197242547e-01 9.674504712232825376e-01 9.674678806478523851e-01 1.300648107942257381e+00 1.319457343285240558e+00 1.319479663122980373e+00 1.362632311501873916e+00 1.362649511622012977e+00 1.366435289969655686e+00 1.593578616911192292e+00 1.593601813744309315e+00 1.782175138419571425e+00 1.852354757621856418e+00 1.852356094124330443e+00 2.323982783995855783e+00 2.444345919243874565e+00 2.444381354505310799e+00 3.209497586216061737e+00 3.879613092399335272e+00 3.879656033622249200e+00 4.172681038781301588e+00 4.287118927339368391e+00 4.287153262473262672e+00 4.840605454747780811e+00
-3.123268517691429880e-01 -2.832675984806845015e-01 -2.832671049629982840e-01 1.799170709955738023e-01 1.799196737136811719e-01 3.570750892832314505e-01 5.024604102671792472e-01 5.024606227944193870e-01 5.299118304089852627e-01 5.503781581633552245e-01 5.503783991762886130e-01 6.655681960811586917e-01 6.751760296918091209e-01 6.751769791670414467e-01 6.993439295323689020e-01 6.993455429284741731e-01 7.079522955431073461e-01 7.795234964355759466e-01 9.099043380920431856e-01 9.705526453445312285e-01 9.705702594987726251e-01 1.281247365568324081e+00 1.306815560584837277e+00 1.306838602770975966e+00 1.363818357041483242e+00 1.363834235271810025e+00 1.367107549927945698e+00 1.585803670913966679e+00 1.585826510773550524e+00 1.787172730570206758e+00 1.866173243611437327e+00 1.866175300881633081e+00 2.311737575833232139e+00 2.444229221627035376e+00 2.444264563269850754e+00 3.216731975576764935e+00 3.848614761142714169e+00 3.848657884737951118e+00 4.234379888656550683e+00 4.320999466326929550e+00 4.321033663813739878e+00 4.824568213395849625e+00
-3.464818171533184388e-01 -3.224710604791004021e-01 -3.224707412252516003e-01 2.178846304301357284e-01 2.178874640382932881e-01 4.256787972679995646e-01 5.101243715205677765e-01 5.101246606807423589e-01 5.492385992999787581e-01 5.502731568524248384e-01 5.502750149938364643e-01 6.774524440985539853e-01 6.774535805032739777e-01 6.962710630305538606e-01 7.041110938739674197e-01 7.125781586854094130e-01 7.125800100992722985e-01 8.083877733902035123e-01 8.991933094384563230e-01 9.740394533356381279e-01 9.740573221050322639e-01 1.258349822477310642e+00 1.293755695526778382e+00 1.293779160234582282e+00 1.363975843479369843e+00 1.363990669681480750e+00 1.366999362739453439e+00 1.578644688005067298e+00 1.578667343237219800e+00 1.792967863729576727e+00 1.879749126352250332e+00 1.879751758875058298e+00 2.299555461007345425e+00 2.444240959496223553e+00 2.444276194515558664e+00 3.222640321241139638e+00 3.819988604567753576e+00 3.820031953667208935e+00 4.305530790063825997e+00 4.352685232635923995e+00 4.352719265364966006e+00 4.802393413978162329e+00
-3.732498639260423690e-01 -3.525177821263650868e-01 -3.525175197368572988e-01 2.487134708492583224e-01 2.487167128490452572e-01 4.612201041026825488e-01 5.142814409252457475e-01 5.142816817830906384e-01 5.500880098840260635e-01 5.500884155595471281e-01 5.799232071376506648e-01 6.794464691533909084e-01 6.794477477053374459e-01 7.097771822023947186e-01 7.254141248060925751e-01 7.254246272209259327e-01 7.256599253413803519e-01 8.304084402829197131e-01 8.865523753881969782e-01 9.775598351940021358e-01 9.775780057384535482e-01 1.233441238578371957e+00 1.281477189263884098e+00 1.281500879466527021e+00 1.363793254665386145e+00 1.363807300079540541e+00 1.367137125338502734e+00 1.573053847222946722e+00 1.573076403185995620e+00 1.798034026349932368e+00 1.891674974009144305e+00 1.891678024285204485e+00 2.287453210264608128e+00 2.444055238489204029e+00 2.444090373565468877e+00 3.228591805764225775e+00 3.796018745706233766e+00 3.796062312325048982e+00 4.379587814627487141e+00 4.379620761136200358e+00 4.382065864843462499e+00 4.772247063363124653e+00
-3.923618862228331894e-01 -3.739916712190691772e-01 -3.739913876869140896e-01 2.707515282787593680e-01 2.707552438242750159e-01 4.760215121571107488e-01 5.160954944744564621e-01 5.160955903695768621e-01 5.498210399757466060e-01 5.498215782267854568e-01 6.022576639908612250e-01 6.808938481466277892e-01 6.808952683269180461e-01 7.307198295115483466e-01 7.360551717472041400e-01 7.360578196002107720e-01 7.519166216339967512e-01 8.421215141970701534e-01 8.727820488863680115e-01 9.806743804455378966e-01 9.806928623288764246e-01 1.209300888082036396e+00 1.271347303097074111e+00 1.271371104924026829e+00 1.363773272115699653e+00 1.363786793498391603e+00 1.368088036520732187e+00 1.569344471985534506e+00 1.569366942104094997e+00 1.801478106421851022e+00 1.900942656058063118e+00 1.900945985583643694e+00 2.276137523112493621e+00 2.443546180195304895e+00 2.443581238577393844e+00 3.235013624529765153e+00 3.778123854232085410e+00 3.778167594462048307e+00 4.399958783036344023e+00 4.399992402759217214e+00 4.460355119192904283e+00 4.732156937510029415e+00
-4.038030553246962917e-01 -3.869809009701292157e-01 -3.869805778547271147e-01 2.836059795442178455e-01 2.836100821771841973e-01 4.828857551475245202e-01 5.167345070023809939e-01 5.167345946460097927e-01 5.495637660225500820e-01 5.495643777806137331e-01 6.101276620126702133e-01 6.817178771050550479e-01 6.817193997762140967e-01 7.430333069049595007e-01 7.430360771915803797e-01 7.579207215295182820e-01 7.722498875969617815e-01 8.432655431493778497e-01 8.601354212562067891e-01 9.828637129889057356e-01 9.828824383115768448e-01 1.190880480070815706e+00 1.264648172228819201e+00 1.264672025375307873e+00 1.363953737723361037e+00 1.363966961946119882e+00 1.369360375988029954e+00 1.567340658367492923e+00 1.567363051118565442e+00 1.803274284580066222e+00 1.906823985094510343e+00 1.906827475220278956e+00 2.267680321637724816e+00 2.442955423835655449e+00 2.442990436312676206e+00 3.240418618223388503e+00 3.767122949064783288e+00 3.767166798899051816e+00 4.412634613224602376e+00 4.412668151844118647e+00 4.535899811773892232e+00 4.681817444127299055e+00
-4.076106888260767058e-01 -3.913405063161879971e-01 -3.913401655168026738e-01 2.877713209339913814e-01 2.877755739562198878e-01 4.850991811898497375e-01 5.168840271019733423e-01 5.168841782518899253e-01 5.494549942825832645e-01 5.494556304440955108e-01 6.115814384526463421e-01 6.819775114114753345e-01 6.819790713359710210e-01 7.454595502039589316e-01 7.454623756246827604e-01 7.712848663222379164e-01 7.807048494671089411e-01 8.408524014010255732e-01 8.542720698200098051e-01 9.836586645579942223e-01 9.836774829140974008e-01 1.183865390246110039e+00 1.262302392265597151e+00 1.262326260536567935e+00 1.364067220442034545e+00 1.364080348797122921e+00 1.369948818023972503e+00 1.566722241089904433e+00 1.566744601013081217e+00 1.803803654250452748e+00 1.908841651105256165e+00 1.908845193822017672e+00 2.264504748587403249e+00 2.442692183936989725e+00 2.442727181465981889e+00 3.242567896793092430e+00 3.763417181954940016e+00 3.763461068988885661e+00 4.416935046682490373e+00 4.416968554680151371e+00 4.587528431156350450e+00 4.639006288522882215e+00
-4.038321216702495109e-01 -3.889936829290229214e-01 -3.868420754618462909e-01 2.905899787507241205e-01 2.954574471802404179e-01 4.842610117517541779e-01 5.162269929904825805e-01 5.172435491987030787e-01 5.497344371196614121e-01 5.512992824784983537e-01 6.136088152162502141e-01 6.822045912796502742e-01 6.842863171774750120e-01 7.416404459679296624e-01 7.446802224863403596e-01 7.777579905345999300e-01 7.813046989536900355e-01 8.428520918552786512e-01 8.556276021247861685e-01 9.814196172214898484e-01 9.831248575868569706e-01 1.185536426921264486e+00 1.262259717407905990e+00 1.263957297950175418e+00 1.363728556969296291e+00 1.364438918596366346e+00 1.369667550713243198e+00 1.566601641590244176e+00 1.567132183921225996e+00 1.796880040802047773e+00 1.907815891586237322e+00 1.915460901503389657e+00 2.261403422895852167e+00 2.443045117943742017e+00 2.451270874275750522e+00 3.242326465925837287e+00 3.765033425634826791e+00 3.768887920364050625e+00 4.402837745330981711e+00 4.414607405489753056e+00 4.583363169371105883e+00 4.646472752286085139e+00
-3.941950397866481604e-01 -3.779399892656505333e-01 -3.736447412052494310e-01 3.017814946697348621e-01 3.161630764833228135e-01 4.800437554491818193e-01 5.179950167839115771e-01 5.187313800339601322e-01 5.508312883402251003e-01 5.555960430495694435e-01 6.191207735613127872e-01 6.829650811196767979e-01 6.890096326791385062e-01 7.343268076412088341e-01 7.419447959440960139e-01 7.831355071526424627e-01 7.919932865690892942e-01 8.494168339049390504e-01 8.595484722253119436e-01 9.753456471676297257e-01 9.813324972302446270e-01 1.189713739315174212e+00 1.262120999384435116e+00 1.268543099318239609e+00 1.362707161333437167e+00 1.363045094286399861e+00 1.371559365866133806e+00 1.566794869868182838e+00 1.568152312287365735e+00 1.780405904416272556e+00 1.904912081475727215e+00 1.931354634169307305e+00 2.252845184466705231e+00 2.444014651125138826e+00 2.474793108668850827e+00 3.241348353379351011e+00 3.769803169386531927e+00 3.785045468721602635e+00 4.365440956207458534e+00 4.407622257298347002e+00 4.571383469607137151e+00 4.664106142371121422e+00
-3.820358115090582984e-01 -3.535614226188021347e-01 -3.481024228818843658e-01 3.191217450262127664e-01 3.519021966199670781e-01 4.721391688958587185e-01 5.193730472420637900e-01 5.276010980149513641e-01 5.526487106400559401e-01 5.613948097302743356e-01 6.271397803331539844e-01 6.840731956378350853e-01 6.925395951787939319e-01 7.260643769829094873e-01 7.368068096542187417e-01 7.868416532434425736e-01 8.081260894749220380e-01 8.611665920101948535e-01 8.656931468815697306e-01 9.666396740644471741e-01 9.783581314313428701e-01 1.194312936516682466e+00 1.261855015267956848e+00 1.275471505414746298e+00 1.358056261797272457e+00 1.361302873564336213e+00 1.377666446555989355e+00 1.567201646068466125e+00 1.570987114623088265e+00 1.760820402165141241e+00 1.900222654323347804e+00 1.951126613291157774e+00 2.240483656522555655e+00 2.445559341962307176e+00 2.508122537252339690e+00 3.238832994703345847e+00 3.777658742682267867e+00 3.811342122823487166e+00 4.313708305205115501e+00 4.396225247564902183e+00 4.551724641899288493e+00 4.684877069928023552e+00
-3.674250516038574110e-01 -3.129094522005431700e-01 -3.072107191508364199e-01 3.407524562235428878e-01 4.010044174004761541e-01 4.630923048076328041e-01 5.207477576510362027e-01 5.415906981316024327e-01 5.551472408016568938e-01 5.681374693697665013e-01 6.371763493635972386e-01 6.852601087551565273e-01 6.935180083426454312e-01 7.172062667028183958e-01 7.294239109839845137e-01 7.918373844839899922e-01 8.236063894176756106e-01 8.736720589192338293e-01 8.769630026361212582e-01 9.569158478215709085e-01 9.742449989049833947e-01 1.197009249088699434e+00 1.261499811733176379e+00 1.284288736747117632e+00 1.350983967249412832e+00 1.359284858344600444e+00 1.386833125580754666e+00 1.567719291024380457e+00 1.577005866979867443e+00 1.741949041562459888e+00 1.893959116642256024e+00 1.971628825081679137e+00 2.226121320924087321e+00 2.447580026721405844e+00 2.545657538912098783e+00 3.233499970280890423e+00 3.788458475506464307e+00 3.846547458088470428e+00 4.255183082966521368e+00 4.380772797742395142e+00 4.524593309532985330e+00 4.704589970960976864e+00
-3.495414721817589609e-01 -2.525624261229519885e-01 -2.472749119480305291e-01 3.652159437501107386e-01 4.503139728132355413e-01 4.605418367220897036e-01 5.218961301136020303e-01 5.563302984903329973e-01 5.582903958731928462e-01 5.778308867366461765e-01 6.488161864181027916e-01 6.860648605503764097e-01 6.934093260491456245e-01 7.083851707155072175e-01 7.206331918347896881e-01 7.969954958465983452e-01 8.375339426118858510e-01 8.831611845157689711e-01 8.940794530417525143e-01 9.482733407639706291e-01 9.691144812764350691e-01 1.196331817192835878e+00 1.261218971590376103e+00 1.294590589146635162e+00 1.342389546943578482e+00 1.356770070412471663e+00 1.397879929971207691e+00 1.568376060263271032e+00 1.586892070374331887e+00 1.725541138663962304e+00 1.886397223643503152e+00 1.990852028755342840e+00 2.211444069415072988e+00 2.449950901963976246e+00 2.583198959594325217e+00 3.224031245099541643e+00 3.801997382961059824e+00 3.888213949238573441e+00 4.195924227536157680e+00 4.361748357183408586e+00 4.491236712690140465e+00 4.721044484547501696e+00
-3.281320789866616905e-01 -1.590427906391294610e-01 -1.562313936054333663e-01 3.914288305454237116e-01 4.459347911364939798e-01 5.059565199085050979e-01 5.224907750167703258e-01 5.620389858500129954e-01 5.626253173220391313e-01 6.003430215219066612e-01 6.604468021168731218e-01 6.856349189669364019e-01 6.945461818743647875e-01 7.015915782069052087e-01 7.118722118238457464e-01 8.008665887644145220e-01 8.505546501671190640e-01 8.937616831726591382e-01 9.095377264463001543e-01 9.439404756648458461e-01 9.632561651181122953e-01 1.192110486754480503e+00 1.261307260509896500e+00 1.304888313390143439e+00 1.333522851081115013e+00 1.353688076367397963e+00 1.409490810330780164e+00 1.569214484933595166e+00 1.600118949350860076e+00 1.712059517532778408e+00 1.877867889681806401e+00 2.007027439339990948e+00 2.197929876348857281e+00 2.452528865581890205e+00 2.618789980708034815e+00 3.209758435562183099e+00 3.817990008314874562e+00 3.931803648403588536e+00 4.141429222000920340e+00 4.339760557570587096e+00 4.454107142702658173e+00 4.733163719573243000e+00
-3.032421298220607242e-01 1.084032386917612861e-01 1.284873984706906835e-01 4.186362224912110741e-01 4.409875446536847265e-01 5.222133376378575997e-01 5.356950336264355572e-01 5.612780336688932836e-01 5.666198483776220263e-01 6.329726035532251549e-01 6.685980536462626800e-01 6.826274021692271265e-01 6.983690301225258246e-01 7.008841248787532896e-01 7.052108956482662228e-01 8.019286614128758872e-01 8.651857522843430237e-01 9.049577142110095673e-01 9.202217416510267700e-01 9.482092753449781197e-01 9.572183365204413041e-01 1.184880561891517248e+00 1.262161132553058174e+00 1.308226855477910178e+00 1.330672284257665705e+00 1.349893012717818808e+00 1.420641675533623083e+00 1.570267186337342302e+00 1.614895413704817262e+00 1.701163078418172159e+00 1.868756458635900453e+00 2.018488349693548844e+00 2.186750853580085252e+00 2.455162421712377085e+00 2.652611154886977296e+00 3.191060453410354381e+00 3.836034441233996173e+00 3.968868617190359771e+00 4.098443713794138077e+00 4.315558725793461115e+00 4.416807864703403474e+00 4.740715169770680859e+00
-2.751648601101295832e-01 2.178446540145956289e-01 2.392192281453907887e-01 4.390818049372246512e-01 4.460650131186292278e-01 5.208238337584273348e-01 5.479827934743718432e-01 5.600832675813929296e-01 5.726436328923242280e-01 6.555451532134995984e-01 6.749491844687540709e-01 6.768564927432554335e-01 7.009498720221414292e-01 7.017734480279910203e-01 7.108511745952379446e-01 7.987544051375180532e-01 8.852066292810278902e-01 9.160653565851668567e-01 9.274395638941673736e-01 9.517869298959031887e-01 9.604099833268862074e-01 1.174983103307799759e+00 1.264203742845064760e+00 1.298887821053711367e+00 1.339014220925278220e+00 1.345206675070278468e+00 1.430776208502433811e+00 1.571539010526150637e+00 1.628783683544564598e+00 1.692073444100652191e+00 1.859510679450102399e+00 2.024045847678809462e+00 2.178624250513089056e+00 2.457700054725036054e+00 2.686104270430351715e+00 3.169120759514858943e+00 3.855548480788859145e+00 3.984023071130174287e+00 4.078340336278253098e+00 4.290077192971661901e+00 4.384087644610805690e+00 4.744160484720143067e+00
-2.445970146284909275e-01 2.857980754654451672e-01 3.066032431948778059e-01 4.402179090546068374e-01 4.718176609106820574e-01 5.184246464919668451e-01 5.468793049581006649e-01 5.665387167521500622e-01 5.817368264046047788e-01 6.595412594664762373e-01 6.702127624771555547e-01 6.835478538482523403e-01 7.002722155744008914e-01 7.048884488101373469e-01 7.201592718534994830e-01 7.902811546673651488e-01 9.111164892312968444e-01 9.263390411306784422e-01 9.365618632900331031e-01 9.477526076150796230e-01 9.750675889976473387e-01 1.162120903314342701e+00 1.267753191225764464e+00 1.285970826262546440e+00 1.339451791605779096e+00 1.349668237683010918e+00 1.439664883251968730e+00 1.572980732582694330e+00 1.639565450881966369e+00 1.684045939916421819e+00 1.850651398566837358e+00 2.023681362910056070e+00 2.173628753573490169e+00 2.459998272507796457e+00 2.720577585355430816e+00 3.145339851681284937e+00 3.875666770949329987e+00 3.973517312607180330e+00 4.079720653729394186e+00 4.264520765943387026e+00 4.361360418335582523e+00 4.744442716945735050e+00
-2.130213503039394829e-01 3.369361593588081072e-01 3.522844603896946869e-01 4.434326707773956766e-01 4.909880064549936862e-01 5.165627547833108180e-01 5.455810472763492625e-01 5.744160538033613594e-01 5.965000195839296193e-01 6.586196911559508704e-01 6.651249789438951066e-01 6.864453855567719254e-01 6.994629499678166606e-01 7.066471236708856685e-01 7.249309428784497245e-01 7.762263528431355697e-01 9.322418784881046916e-01 9.352633601425869303e-01 9.451542684347691292e-01 9.559865971892275160e-01 9.889216326109080413e-01 1.145564965902200916e+00 1.272766883953119654e+00 1.274026466880009867e+00 1.332704025849189344e+00 1.359090558177211916e+00 1.447190121447371025e+00 1.574466338126940368e+00 1.645619472540422734e+00 1.677236456365921669e+00 1.842772087503526501e+00 2.018984797216656801e+00 2.171176536223882181e+00 2.461929212387905963e+00 2.755739394547645826e+00 3.121102065600273257e+00 3.895091978051286485e+00 3.958277817964190426e+00 4.078697854400722633e+00 4.240497749513083114e+00 4.351952131522043743e+00 4.742744725949707529e+00
-1.833917116645998047e-01 3.748725198080114507e-01 3.824832328284260563e-01 4.474665237052812827e-01 4.968971660128163048e-01 5.192874957845259321e-01 5.474956209369477023e-01 5.824396813134032902e-01 6.173691767726585677e-01 6.570823438440164255e-01 6.629508519207960582e-01 6.853960095214733927e-01 6.986400005297221938e-01 7.027564204793439462e-01 7.278816523733138144e-01 7.575321691999964413e-01 9.413554903624788972e-01 9.426587599498787995e-01 9.443187614078805137e-01 9.862761943761769734e-01 1.000225095452279334e+00 1.125098846068208758e+00 1.264811944946005129e+00 1.279216367173646951e+00 1.325303866209458725e+00 1.366230326764032776e+00 1.453141797263802992e+00 1.575793347657409527e+00 1.646112582841898098e+00 1.673151256272419340e+00 1.836507249895112048e+00 2.012701581975944620e+00 2.170320775022561932e+00 2.463387270750056146e+00 2.788689972271589212e+00 3.098367100951315845e+00 3.911934144732311491e+00 3.948943560969847777e+00 4.067929737266490875e+00 4.220164941994416274e+00 4.353150089325046324e+00 4.740300455980730909e+00
-1.609009698254823262e-01 3.983944757499810474e-01 4.002255615138220479e-01 4.511936171274800178e-01 4.946808229506651222e-01 5.234847529642496777e-01 5.509234562503642074e-01 5.895609468708582490e-01 6.367879973408711036e-01 6.556153329172302868e-01 6.668266173437956690e-01 6.825846181874704044e-01 6.970409599210306562e-01 6.971411485227169136e-01 7.296740741864502500e-01 7.375291740265342844e-01 9.439052468003908958e-01 9.459979056723940571e-01 9.476668363182123578e-01 1.006488431921799931e+00 1.016777179613549631e+00 1.102862176829584984e+00 1.259482792094649417e+00 1.285498323826174349e+00 1.318418989603969083e+00 1.370614697088362810e+00 1.457087993757565147e+00 1.576723197286662215e+00 1.643271121721529227e+00 1.671980994710692059e+00 1.832453201984630242e+00 2.007633896703097331e+00 2.170183437643141477e+00 2.464294111197475878e+00 2.813634785979262531e+00 3.080841873956958743e+00 3.923722238557109776e+00 3.946120864662602479e+00 4.054477349379514095e+00 4.206198357712340297e+00 4.357858220806653193e+00 4.738252341947164936e+00
-1.522340946452052091e-01 4.061995901207355875e-01 4.062290504060294682e-01 4.528925900406233218e-01 4.930837910622020703e-01 5.249807693437522627e-01 5.526363118060656499e-01 5.926605785093478351e-01 6.431627381697043733e-01 6.549254343453667637e-01 6.745593288935639587e-01 6.808759461895134146e-01 6.946124988205801820e-01 6.947288724259247372e-01 7.269041186789105824e-01 7.302389708571934701e-01 9.439401741233728327e-01 9.474738503216150187e-01 9.493355876745389610e-01 1.009204412891743896e+00 1.031993391839569174e+00 1.089897548932949656e+00 1.257768210280997945e+00 1.288589298290621299e+00 1.315137695728483491e+00 1.372084384283405400e+00 1.458490099847508992e+00 1.577058730137158360e+00 1.641648978984973750e+00 1.671872256919080479e+00 1.831047721667580896e+00 2.005720261017684081e+00 2.170200572752005730e+00 2.464601765744454109e+00 2.823225169940015711e+00 3.073972693582717852e+00 3.928013405998952656e+00 3.946082673425423959e+00 4.048353227994404335e+00 4.201166862267179170e+00 4.360132202737747598e+00 4.737460071078126056e+00
-1.306271063855376779e-01 3.969237543082644870e-01 4.079370338867713830e-01 4.544231281653194343e-01 4.996086158795655097e-01 5.233892146869295603e-01 5.506895812116143762e-01 5.922474431900700553e-01 6.387708734666118771e-01 6.602736070662320600e-01 6.759262465400289743e-01 6.816254685902564114e-01 6.890258276076127730e-01 7.032513357029650525e-01 7.308667758870209807e-01 7.331173217451606439e-01 9.338465476474464566e-01 9.444683958079151953e-01 9.499793999470931283e-01 1.006687751894592475e+00 1.029754566250456360e+00 1.095656453492477311e+00 1.256015044148071524e+00 1.287360474745314898e+00 1.318825757319482150e+00 1.373504522172753539e+00 1.456759022282886118e+00 1.578660680607242961e+00 1.642846220993683382e+00 1.669523695397747032e+00 1.833651715938501736e+00 2.008489889217219382e+00 2.166784559223591700e+00 2.464275998430574877e+00 2.825513467836672454e+00 3.072721621621878896e+00 3.907882136068298706e+00 3.973788375327056865e+00 4.033975934276424091e+00 4.213822224468778188e+00 4.360751497102905105e+00 4.728727114443879387e+00
3.646607843404491012e-02 3.826604438094439731e-01 4.069473507138333113e-01 4.579693557596816178e-01 5.152654611848292987e-01 5.218484724811226494e-01 5.462856942965861329e-01 5.907289612262430767e-01 6.319638785688559413e-01 6.662617308562941432e-01 6.793643189550780948e-01 6.823597370849840971e-01 6.868299866986272706e-01 7.151849399222242054e-01 7.382890367428478484e-01 7.447133224301075716e-01 9.150194837139721260e-01 9.361584011524084481e-01 9.433704172990003967e-01 1.000409843242390018e+00 1.024205360629959038e+00 1.110524819602848323e+00 1.251173015989105464e+00 1.283443680253379293e+00 1.328643870182346198e+00 1.377438411053796496e+00 1.452052579538160693e+00 1.582879516869873271e+00 1.645492435545989451e+00 1.663037697580707963e+00 1.840260839162272566e+00 2.015986111402042535e+00 2.156826513394652700e+00 2.464184913109024766e+00 2.832681120530708974e+00 3.068319542671912092e+00 3.887720047200923013e+00 4.000977261813101649e+00 4.017690894179348327e+00 4.241494575725709204e+00 4.362658688814756935e+00 4.702442157163606140e+00
1.775575910311042171e-01 3.723020098698942570e-01 4.062111790989921811e-01 4.624642814791670720e-01 5.242121886520142438e-01 5.328994339252008938e-01 5.429638710085745723e-01 5.883343464860003591e-01 6.243708057224263142e-01 6.685912034139188664e-01 6.760300707164900169e-01 6.848609106728525964e-01 6.894637869038896527e-01 7.300731936084857709e-01 7.500375233024054733e-01 7.609013463274445499e-01 8.933183728691116432e-01 9.241151348878160476e-01 9.294041261563810163e-01 9.935460817138290768e-01 1.017622867388563224e+00 1.129793327121393576e+00 1.243884968023448279e+00 1.276682485110666843e+00 1.342216223242932660e+00 1.382925295282937395e+00 1.445313960327229585e+00 1.588776789029904268e+00 1.646416250507405588e+00 1.654984960182344311e+00 1.848199870276550749e+00 2.026406373471330458e+00 2.141426974187035093e+00 2.465487669179952324e+00 2.845907822292387035e+00 3.059128335437273360e+00 3.873916674659317216e+00 3.963823924448061309e+00 4.070910369139389751e+00 4.271660969953699372e+00 4.365976454242406213e+00 4.658926658872869275e+00
2.659065064971175563e-01 3.694518563478026985e-01 4.068225148460999918e-01 4.685279705700920450e-01 5.293204787566215819e-01 5.361749581269243947e-01 5.540018939769532080e-01 5.855412780596943589e-01 6.147143780443594663e-01 6.664654692789918622e-01 6.725272229079588548e-01 6.854176095684159087e-01 6.926064008545803619e-01 7.473970637798913463e-01 7.653775394125491571e-01 7.782649823242973053e-01 8.721852623628016943e-01 9.082601096146645236e-01 9.123225482413281906e-01 9.883855967773884643e-01 1.011578743290230120e+00 1.149761953971728978e+00 1.234627612357392490e+00 1.268080830873993925e+00 1.357571949031097125e+00 1.388596266119111355e+00 1.437285021217887149e+00 1.595986102834468845e+00 1.639519177962727614e+00 1.651721436493542194e+00 1.855125158861036017e+00 2.038203938228371648e+00 2.122845093306984232e+00 2.467607031574665211e+00 2.866654430666322639e+00 3.043444442368405944e+00 3.865917246065825985e+00 3.928291990319371152e+00 4.133634508938431651e+00 4.298545835740004151e+00 4.371053099295986399e+00 4.600071099933339624e+00
3.326032066133435827e-01 3.713049809480024610e-01 4.118986613441874001e-01 4.749518118532456978e-01 5.298405971298421058e-01 5.343811408124086171e-01 5.694792559733492521e-01 5.820468130590813471e-01 6.029848928588660284e-01 6.632017729975139275e-01 6.686182272344464161e-01 6.862137319731775875e-01 6.949621560872564219e-01 7.644916396108698553e-01 7.841365019999612107e-01 7.928948237402482224e-01 8.550224329778517429e-01 8.868250808564587251e-01 8.978871215038268794e-01 9.860121379583125512e-01 1.006374327344029762e+00 1.168259679939565476e+00 1.223735048014415794e+00 1.260139631764741752e+00 1.373203548428914011e+00 1.393192648666081945e+00 1.428470777693426452e+00 1.604698014110079285e+00 1.630655701673793700e+00 1.648698052567453720e+00 1.860020941805673012e+00 2.050712663426649485e+00 2.104130803187920673e+00 2.468964235994759449e+00 2.894584017420872790e+00 3.020601958653473584e+00 3.862394290924339391e+00 3.898169465158171754e+00 4.202530394864097296e+00 4.319157934361147255e+00 4.378795868752801468e+00 4.530115717251635310e+00
3.643819641122955644e-01 3.726834459250563669e-01 4.334788094498674971e-01 4.802016897758393243e-01 5.193138795347098657e-01 5.316738665764564331e-01 5.765968793646196744e-01 5.818809593099601996e-01 5.945208406297366466e-01 6.619355894621573588e-01 6.653090208386203130e-01 6.880775760866293389e-01 6.957658362878820224e-01 7.795597327320106240e-01 7.972414883549195919e-01 8.060109706021878484e-01 8.452833050767030176e-01 8.648856590377559383e-01 8.864502604841461020e-01 9.874994726550117008e-01 1.001284305602289315e+00 1.184336861643212835e+00 1.211359266948379254e+00 1.255439674577143006e+00 1.387456355207309366e+00 1.395937216797622282e+00 1.419463895799122133e+00 1.614979289462674439e+00 1.624735119994804800e+00 1.642555045410517556e+00 1.862918201597821177e+00 2.063656676731742134e+00 2.088087437282286629e+00 2.468814386210468559e+00 2.926925238997815093e+00 2.991505448661025746e+00 3.862216524305199794e+00 3.876042421239353164e+00 4.270589234220673269e+00 4.331406828939178943e+00 4.390129947297589652e+00 4.456696347357461896e+00
3.652448999377767569e-01 3.728715741933885108e-01 4.490688522822966489e-01 4.942272824224133165e-01 5.006538936291773378e-01 5.282206662600539282e-01 5.716882679357927488e-01 5.850914339007569076e-01 5.950726461826654212e-01 6.608346792816994775e-01 6.645805709373281411e-01 6.899814287184641293e-01 6.961076992468977487e-01 7.906619822016401899e-01 7.918862491127216519e-01 8.271769390184946502e-01 8.307374989337309446e-01 8.558959774809721255e-01 8.814676889530757009e-01 9.930471001365961392e-01 9.953462584040443373e-01 1.197623897685212935e+00 1.198493316300765166e+00 1.254759553267211336e+00 1.395607536691020112e+00 1.396889074426001409e+00 1.413578855190980921e+00 1.620454490420152105e+00 1.626884509343974994e+00 1.634336797277666786e+00 1.864155787434909062e+00 2.072870543555220824e+00 2.079682664971731487e+00 2.467671845630169170e+00 2.957136197775546371e+00 2.961742990940974707e+00 3.863110677979644692e+00 3.866220982181685972e+00 4.310503956341166010e+00 4.334820360873208323e+00 4.403860180626318233e+00 4.407565350445255881e+00
3.658819720721691593e-01 3.703012187530338450e-01 4.422657156511359267e-01 4.732824625669467267e-01 5.119429705644560347e-01 5.364745798532573051e-01 5.760127103044155872e-01 5.854033675382535051e-01 5.924067703724920086e-01 6.634473830605787104e-01 6.641189954918105265e-01 6.884848802658036782e-01 6.928594177431883772e-01 7.839616083058710272e-01 7.944398640759009478e-01 8.099927671886267833e-01 8.482702896598518505e-01 8.561724169961045794e-01 8.864311013895012081e-01 9.870422611248912403e-01 1.001226437483377696e+00 1.185699474240665463e+00 1.210207028870229351e+00 1.255455943277362429e+00 1.389574808233684733e+00 1.396845179803030801e+00 1.417765567718836106e+00 1.617134681102838867e+00 1.623359556779836677e+00 1.639132688195585441e+00 1.863870890189614160e+00 2.068204646547135539e+00 2.084607497699985323e+00 2.468610160175902735e+00 2.930625434666263018e+00 2.988238086542549521e+00 3.863591854781707191e+00 3.871798322091091205e+00 4.273424791725409122e+00 4.332621880482006915e+00 4.416926940503345556e+00 4.428791419712008626e+00
3.571892554070266734e-01 3.627017877742205187e-01 4.300214745385397830e-01 4.444870145154257157e-01 5.195804075242033138e-01 5.461419724445684132e-01 5.771658765080732723e-01 5.883444634524671590e-01 5.899330022586890543e-01 6.630185170790683369e-01 6.697860734149582163e-01 6.870931688806143356e-01 6.901743737109533594e-01 7.758414320446622714e-01 7.914040763432940162e-01 7.955845540092238988e-01 8.564083687024223179e-01 8.619653145704391228e-01 8.978731130663635263e-01 9.803437697487050739e-01 1.006048633149780880e+00 1.174472932653737312e+00 1.220722062557138887e+00 1.259791511646321638e+00 1.378218242101754143e+00 1.396527066192960742e+00 1.423172685471927323e+00 1.611701440973046351e+00 1.621018515237643509e+00 1.644239024839895480e+00 1.862542860207865525e+00 2.059423448218062003e+00 2.095672174451905345e+00 2.469466771029423580e+00 2.898732473923395503e+00 3.019375281833811542e+00 3.872243911686807483e+00 3.881147403241123506e+00 4.207164616131238155e+00 4.326538042789632499e+00 4.425504820020475627e+00 4.479821775518550986e+00
3.354330400583550031e-01 3.410699513070807321e-01 4.192096449670785763e-01 4.211288762624456616e-01 5.241659819634917339e-01 5.478872750465617614e-01 5.717034430281228152e-01 5.904289763860331997e-01 5.914342032865620435e-01 6.619386224637485716e-01 6.703163726274112832e-01 6.865106861325777077e-01 6.960272248668217809e-01 7.675948088554870319e-01 7.838252574774993153e-01 7.848116392893155213e-01 8.571832559538840046e-01 8.717941568236245997e-01 9.114715111357850619e-01 9.729988726341923799e-01 1.007495858895163243e+00 1.165503615435204754e+00 1.231079995434168461e+00 1.266682708844706351e+00 1.365591670448508932e+00 1.394999764338696213e+00 1.426736082868858668e+00 1.605181979089051136e+00 1.619487528452369318e+00 1.649257160001032840e+00 1.860721924380622339e+00 2.052665004724572917e+00 2.106631231213826450e+00 2.470071230750813918e+00 2.864975742083561094e+00 3.051536957753851365e+00 3.888579910430877806e+00 3.893947681907448555e+00 4.139928243438215638e+00 4.316401669955175713e+00 4.432765729879962535e+00 4.531067163546944165e+00
2.990512869901025272e-01 2.998933919560011763e-01 4.015767192988866086e-01 4.146904463361358872e-01 5.240915051592067719e-01 5.474447649674354377e-01 5.625312835030586989e-01 5.909576879090514545e-01 5.912823574799023207e-01 6.602779982180968510e-01 6.656938676489351225e-01 6.871250661403006665e-01 7.058464962650522478e-01 7.600396107247069377e-01 7.735952918432981162e-01 7.773798401824391080e-01 8.596379591280747245e-01 8.785193815276044482e-01 9.232835965013352908e-01 9.649710402706849210e-01 1.004573172909138723e+00 1.159897526974864368e+00 1.242628645143631028e+00 1.274501455662464533e+00 1.352433153905130636e+00 1.392321567059014331e+00 1.427991728062704135e+00 1.598133019696521995e+00 1.618176861508392905e+00 1.654560794908955135e+00 1.859129316368949070e+00 2.047235403506487916e+00 2.117774059529426989e+00 2.470240931995451028e+00 2.829792065254792544e+00 3.083762299067958068e+00 3.909774215824219468e+00 3.910658667537335820e+00 4.078159805202158594e+00 4.302585935746048307e+00 4.439669915862970662e+00 4.577853931330449377e+00
2.388739249934286879e-01 2.499179357976926141e-01 3.787944034616374522e-01 4.135049069533775490e-01 5.159747400950603913e-01 5.500065990532564397e-01 5.523650102476058699e-01 5.863308369076636328e-01 5.904582820995070147e-01 6.572985596291779364e-01 6.622201840552511820e-01 6.890242964528097147e-01 7.097885781162452945e-01 7.533288087100470376e-01 7.609011695663961961e-01 7.745827914805855086e-01 8.642779324667372309e-01 8.827338483580056128e-01 9.310958498814712048e-01 9.565392835562851470e-01 9.975739751768014640e-01 1.158353437963362209e+00 1.255646041628216691e+00 1.282071169208509165e+00 1.339127343610114984e+00 1.388650395463766340e+00 1.426939943023524116e+00 1.591081848351627803e+00 1.616402526269428375e+00 1.660655898963400157e+00 1.858564010974981251e+00 2.042199401987310203e+00 2.129428089328362361e+00 2.469811806872806770e+00 2.793440451920313983e+00 3.114835715929556770e+00 3.925117848923397545e+00 3.935116253335722458e+00 4.028424048683714176e+00 4.286914253697206689e+00 4.446970843621429026e+00 4.618475845666221602e+00
1.534243644871251810e-01 1.806041837893219149e-01 3.453153236367760837e-01 4.141551077580151730e-01 5.022124662930176342e-01 5.420251468040174769e-01 5.536002460983968643e-01 5.788781867407774007e-01 5.873517297300144824e-01 6.514171430933992646e-01 6.614768033242380829e-01 6.920330490593525896e-01 7.072769213377436692e-01 7.451778853348799414e-01 7.475275527171708623e-01 7.759576179121761008e-01 8.701778982359557046e-01 8.849568414862910570e-01 9.340652941714392421e-01 9.484481647111260294e-01 9.878396004896057292e-01 1.160804259735134014e+00 1.269395045210436557e+00 1.288914729196666720e+00 1.325942922383223532e+00 1.384237346695694537e+00 1.423758141233665730e+00 1.584541965512705097e+00 1.613560631670368561e+00 1.668000427924341889e+00 1.859711981304562611e+00 2.036598741723901540e+00 2.141869637321625053e+00 2.468668654837506971e+00 2.756024434696025871e+00 3.143450412153498075e+00 3.923581524761536432e+00 3.956622873592141598e+00 4.009068687280516130e+00 4.273441980240145099e+00 4.455130854828687426e+00 4.651997546235374870e+00
-9.553651704262960953e-02 4.719115235886341825e-02 2.968503337709128553e-01 4.141152767445780980e-01 4.863272794004324662e-01 5.318196668652165338e-01 5.549702380285499448e-01 5.713320961159807920e-01 5.813616990976867571e-01 6.404991931244102821e-01 6.625834720475158868e-01 6.955898736390185855e-01 7.018902082269471432e-01 7.338553951647864837e-01 7.373918896131589351e-01 7.787201782981266751e-01 8.748034489914779943e-01 8.854721031498240524e-01 9.326229294762782285e-01 9.415606571174605088e-01 9.775904787159837017e-01 1.166381474459037282e+00 1.281857701316412301e+00 1.295816914301274325e+00 1.313079867216505159e+00 1.379447192425772295e+00 1.418737508031435279e+00 1.578925520362037815e+00 1.609328941048027817e+00 1.676956003857197341e+00 1.862925207217585033e+00 2.029612335027423775e+00 2.155273161938712878e+00 2.466768781192329119e+00 2.717565276810485209e+00 3.168478762141598626e+00 3.896371825560163593e+00 3.968077207799057149e+00 4.029712528627406698e+00 4.268339031780759463e+00 4.464415812585757593e+00 4.677881947735924584e+00
-1.995942852528678757e-01 -1.654739699307396228e-01 2.272680368087911518e-01 4.094260846276497889e-01 4.728820326222316073e-01 5.209873926774575281e-01 5.520319263183141034e-01 5.666415607485039141e-01 5.712962159431921316e-01 6.240114736248781879e-01 6.632398417497239462e-01 6.963395844872604101e-01 6.986807684908207250e-01 7.253390764839342530e-01 7.290894234102913707e-01 7.810555300990034144e-01 8.747405932511440607e-01 8.841584959441246561e-01 9.270985482104148190e-01 9.374995825764448343e-01 9.697105018969808254e-01 1.173736571721831101e+00 1.288882387260244178e+00 1.300723871366991302e+00 1.305839375680469816e+00 1.374772414428698353e+00 1.412253276708585581e+00 1.574468332557602102e+00 1.603773309838042005e+00 1.687775334148124973e+00 1.868097374816640510e+00 2.020651109979433535e+00 2.169675513332405714e+00 2.464155168917751659e+00 2.678125707819913437e+00 3.189233493905582417e+00 3.864951478158583420e+00 3.963485789207478405e+00 4.068594232159970403e+00 4.276787288031496992e+00 4.475060308460801828e+00 4.695888511455849290e+00
-2.605131925751476563e-01 -2.348794697182909619e-01 1.104355156815362005e-01 3.961597321562197460e-01 4.666533774698091719e-01 5.071771408320825403e-01 5.462774597181192515e-01 5.552183159749294328e-01 5.645376647270595738e-01 6.059719825078614397e-01 6.603728664150818606e-01 6.932218868630339870e-01 6.995036923441873000e-01 7.201615092760440540e-01 7.254041958911822130e-01 7.825756019794744001e-01 8.676415583315149060e-01 8.808454304643609234e-01 9.169727747234029946e-01 9.383625007260246731e-01 9.664300350441688003e-01 1.181405947130920842e+00 1.289085819744469008e+00 1.290236229545367097e+00 1.318428949345015200e+00 1.370769460657506267e+00 1.404738829950630929e+00 1.571209562515703206e+00 1.597295517291636546e+00 1.700583635186653675e+00 1.874716155605889112e+00 2.009396632341225786e+00 2.184943357482839854e+00 2.460957764316506591e+00 2.637965387853555388e+00 3.205592748525241564e+00 3.837553208598892596e+00 3.942743452316615382e+00 4.116070129544210587e+00 4.298103188209704939e+00 4.487400438234491418e+00 4.706036244361913035e+00
-3.044592605940779628e-01 -2.833988175680076105e-01 -1.660826636400063727e-01 3.759415149835790837e-01 4.668903115308435381e-01 4.845947075386533576e-01 5.379175536991469553e-01 5.403619059985348416e-01 5.618910829525003425e-01 5.912571896440634855e-01 6.529523765830356208e-01 6.923150133057019984e-01 6.983550239274673999e-01 7.169526348023812501e-01 7.277252700593768164e-01 7.833370396986769624e-01 8.542200382509796963e-01 8.758591586844132193e-01 9.038006760245805848e-01 9.432447655898991146e-01 9.674605686964643514e-01 1.187993218052296962e+00 1.278928877184687174e+00 1.287929806473736782e+00 1.330838521194325885e+00 1.367871824474096165e+00 1.396662577396065474e+00 1.569028049202967345e+00 1.590471038953253258e+00 1.715348777795066004e+00 1.882047640147458623e+00 1.995805458817720535e+00 2.200741683339070498e+00 2.457382841538247487e+00 2.597699292504707103e+00 3.217931496690654036e+00 3.815321089384944298e+00 3.911172213072189319e+00 4.168617970245889204e+00 4.326262675514541023e+00 4.501884163678122164e+00 4.708593159209544687e+00
-3.375857970674660535e-01 -3.196990124788159360e-01 -2.549637542078917463e-01 3.534256788644888347e-01 4.479067397202666223e-01 4.716249022281401304e-01 5.264316077812345451e-01 5.346855904405043436e-01 5.588004458643417438e-01 5.799434315342523183e-01 6.431104127649140967e-01 6.911078952042831736e-01 6.961896608446834778e-01 7.178122571260409090e-01 7.322476485407417579e-01 7.834556587373284753e-01 8.372216751470817897e-01 8.697863272628392206e-01 8.892910943239235033e-01 9.507777568065847174e-01 9.708255804973290326e-01 1.192248627975392328e+00 1.270740575863447352e+00 1.283408090650605793e+00 1.341941082141512309e+00 1.366200918996777425e+00 1.388512716918250733e+00 1.567710088556162784e+00 1.583881725979464195e+00 1.731845581849989824e+00 1.889339053334633922e+00 1.980104998776459624e+00 2.216514487905975272e+00 2.453691508842046787e+00 2.558419338446842772e+00 3.226915135910417565e+00 3.797918357912764886e+00 3.875054477038290646e+00 4.223567357163105385e+00 4.354609567847899321e+00 4.518799030894932400e+00 4.704095180483093941e+00
-3.626222489216485712e-01 -3.470251208522651121e-01 -3.124438380967008433e-01 3.319249136859116489e-01 4.052342329489183048e-01 4.760363208643378918e-01 5.203193779645427508e-01 5.290915446094450747e-01 5.557751634176303357e-01 5.705680700001046768e-01 6.330731929495202470e-01 6.887461783155108819e-01 6.933624854995558140e-01 7.222556479733112100e-01 7.369530504862393805e-01 7.830479216814870691e-01 8.192826670121164945e-01 8.628811227662356309e-01 8.755834176877205222e-01 9.596631693543967723e-01 9.748220052833953542e-01 1.193348821989235642e+00 1.265305601120885415e+00 1.277661333247932962e+00 1.351208987708185871e+00 1.365589881793962235e+00 1.380791477663937838e+00 1.567015557941883852e+00 1.578010108932510702e+00 1.749605704530025507e+00 1.895957280899029929e+00 1.962811806818345328e+00 2.231494940182308984e+00 2.450170173202678381e+00 2.521732316368622051e+00 3.233271768790780154e+00 3.784701971958229993e+00 3.839467931510804011e+00 4.278207994717266871e+00 4.378614887921405519e+00 4.537630518472368202e+00 4.693426924832085234e+00
-3.812854708447153129e-01 -3.670420582889801775e-01 -3.513208747591776149e-01 3.134792943635327789e-01 3.619443613519417458e-01 4.802532939349166696e-01 5.173902348048294852e-01 5.238304411549711270e-01 5.532494958080994563e-01 5.625154121141615615e-01 6.242015237096899538e-01 6.860846186798179591e-01 6.899269360052515676e-01 7.286196633903255782e-01 7.408674672980958276e-01 7.822527585130454320e-01 8.023148044566893455e-01 8.549404241619688039e-01 8.652884353376458781e-01 9.686314382625325070e-01 9.784847842555426389e-01 1.191494215471671003e+00 1.262682381951060862e+00 1.271792126279248425e+00 1.358219938659789738e+00 1.365856066774414401e+00 1.374012142750748122e+00 1.566722340411622394e+00 1.573200673265815919e+00 1.767807484986137601e+00 1.901444549747871138e+00 1.944823722626507712e+00 2.244754952616338173e+00 2.447097990749651508e+00 2.489674621506071883e+00 3.237632132412480157e+00 3.775054630499843800e+00 3.808186094679557598e+00 4.329507746232358123e+00 4.396443453966427661e+00 4.556541984425121150e+00 4.678044408712610291e+00
-3.950082296066594889e-01 -3.807374397839677349e-01 -3.755423752872609211e-01 2.994330733229740860e-01 3.240358591763319307e-01 4.832448678042848833e-01 5.164749817240371632e-01 5.197686111088339889e-01 5.512872671274949843e-01 5.558652043526217668e-01 6.173421769363682809e-01 6.838617639772586188e-01 6.862249186674143075e-01 7.356723029273772863e-01 7.435560299840056064e-01 7.811524745228201061e-01 7.877900471214783762e-01 8.473566163077816960e-01 8.590009241183869104e-01 9.763986795009527153e-01 9.813278822490039133e-01 1.188100323009245285e+00 1.262023022191224531e+00 1.266801873157865188e+00 1.362332681712767890e+00 1.367188906700021356e+00 1.368688771952319749e+00 1.566648313159159978e+00 1.569665681066805041e+00 1.784989045043207101e+00 1.905511752043669960e+00 1.927694934733963583e+00 2.255288737102221663e+00 2.444717472591237950e+00 2.464493125277931629e+00 3.240460500756455087e+00 3.768490929313446092e+00 3.783954822559978837e+00 4.373642901471480826e+00 4.408231425716927276e+00 4.572773857876208048e+00 4.660495511191141915e+00
-4.042415481319027726e-01 -3.887207182922110538e-01 -3.877793862642768818e-01 2.906696471154564532e-01 2.975018545722312724e-01 4.847222652422513711e-01 5.166462999260996725e-01 5.175265343918941108e-01 5.499329220816512320e-01 5.512105078386551060e-01 6.130410525433298563e-01 6.824370016676502004e-01 6.831957794846634791e-01 7.422308443669294320e-01 7.450148861591450178e-01 7.758640889194746704e-01 7.811743362229590648e-01 8.424622796098941713e-01 8.554579714251911993e-01 9.817213717240587112e-01 9.831087259579318616e-01 1.185062349602829856e+00 1.262175683104255208e+00 1.263474666119871026e+00 1.363762503770714174e+00 1.365254752152635698e+00 1.369128939081843965e+00 1.566661538699865686e+00 1.567512867699343060e+00 1.798423508346672195e+00 1.907999995962774253e+00 1.914244801268570884e+00 2.262125576679161920e+00 2.443213018387623503e+00 2.448313679514061647e+00 3.242053201077150781e+00 3.764678485173085676e+00 3.768669327395394397e+00 4.405145598433942489e+00 4.414830049226346809e+00 4.583688480352722472e+00 4.645316902848764862e+00
-4.076106888260767058e-01 -3.913405063161879971e-01 -3.913401655168026738e-01 2.877713209339913814e-01 2.877755739562198878e-01 4.850991811898497375e-01 5.168840271019733423e-01 5.168841782518899253e-01 5.494549942825832645e-01 5.494556304440955108e-01 6.115814384526463421e-01 6.819775114114753345e-01 6.819790713359710210e-01 7.454595502039589316e-01 7.454623756246827604e-01 7.712848663222379164e-01 7.807048494671089411e-01 8.408524014010255732e-01 8.542720698200098051e-01 9.836586645579942223e-01 9.836774829140974008e-01 1.183865390246110039e+00 1.262302392265597151e+00 1.262326260536567935e+00 1.364067220442034545e+00 1.364080348797122921e+00 1.369948818023972503e+00 1.566722241089904433e+00 1.566744601013081217e+00 1.803803654250452748e+00 1.908841651105256165e+00 1.908845193822017672e+00 2.264504748587403249e+00 2.442692183936989725e+00 2.442727181465981889e+00 3.242567896793092430e+00 3.763417181954940016e+00 3.763461068988885661e+00 4.416935046682490373e+00 4.416968554680151371e+00 4.587528431156350450e+00 4.639006288522882215e+00
-1.522340946452052091e-01 4.061995901207355875e-01 4.062290504060294682e-01 4.528925900406233218e-01 4.930837910622020703e-01 5.249807693437522627e-01 5.526363118060656499e-01 5.926605785093478351e-01 6.431627381697043733e-01 6.549254343453667637e-01 6.745593288935639587e-01 6.808759461895134146e-01 6.946124988205801820e-01 6.947288724259247372e-01 7.269041186789105824e-01 7.302389708571934701e-01 9.439401741233728327e-01 9.474738503216150187e-01 9.493355876745389610e-01 1.009204412891743896e+00 1.031993391839569174e+00 1.089897548932949656e+00 1.257768210280997945e+00 1.288589298290621299e+00 1.315137695728483491e+00 1.372084384283405400e+00 1.458490099847508992e+00 1.577058730137158360e+00 1.641648978984973750e+00 1.671872256919080479e+00 1.831047721667580896e+00 2.005720261017684081e+00 2.170200572752005730e+00 2.464601765744454109e+00 2.823225169940015711e+00 3.073972693582717852e+00 3.928013405998952656e+00 3.946082673425423959e+00 4.048353227994404335e+00 4.201166862267179170e+00 4.360132202737747598e+00 4.737460071078126056e+00
-1.700393121192675938e-01 3.955866125563848867e-01 4.006089844066953454e-01 4.655182858513896016e-01 5.020510404141544925e-01 5.246500367914800345e-01 5.549961109004580839e-01 5.935052976446449913e-01 6.425971989666898754e-01 6.557846224028374138e-01 6.743769368680411214e-01 6.810953823065285517e-01 6.937399158157852019e-01 6.991055149638364385e-01 7.292555593715146500e-01 7.301434618059031711e-01 9.341394927938523329e-01 9.480240189248314575e-01 9.568912412219605645e-01 9.948225621411127539e-01 1.037818644359855824e+00 1.093490796574328794e+00 1.256864479836200754e+00 1.281341295379671008e+00 1.321818934472220652e+00 1.367367024594572600e+00 1.459387119103994879e+00 1.576335246800975698e+00 1.639800547611985015e+00 1.676366487056712984e+00 1.832588713006257031e+00 2.005128313561478137e+00 2.169868313720777042e+00 2.464331400343497513e+00 2.824094719877340509e+00 3.071288446995084964e+00 3.922227465124247470e+00 3.936964821834150641e+00 4.061618659778419627e+00 4.207219119065306323e+00 4.359338176359940142e+00 4.736570692851735487e+00
-2.104051685371391422e-01 3.801158019734556803e-01 3.884677364927426324e-01 4.859170594580181080e-01 5.224034673045376831e-01 5.237803624245852552e-01 5.617787974834150821e-01 5.960537564089474216e-01 6.409408998167503979e-01 6.583039359750285646e-01 6.748555607669844969e-01 6.828217717919358165e-01 6.913847330778560840e-01 7.102682178635503218e-01 7.273111421042710578e-01 7.383987893389404311e-01 9.236227346768225432e-01 9.440678516567523326e-01 9.665546559216731115e-01 9.697686217314898105e-01 1.039352069963402014e+00 1.103262794192098495e+00 1.254512449535848395e+00 1.267706127879783207e+00 1.333702656117957241e+00 1.354448315475252684e+00 1.461313460098187411e+00 1.574203999047510516e+00 1.636749136093802903e+00 1.686475496663808471e+00 1.836969379422272119e+00 2.003183170590937756e+00 2.168263122387530384e+00 2.463627469707989182e+00 2.827225804403586285e+00 3.064433548234179128e+00 3.906801967374946116e+00 3.920517222962134340e+00 4.089028283276754827e+00 4.223400597272851442e+00 4.357840359640631434e+00 4.733698295259742395e+00
-2.553665344437238693e-01 3.703518626171578010e-01 3.754121224956591951e-01 5.022324460216361919e-01 5.209727905625605171e-01 5.460240619231440107e-01 5.710466337351723931e-01 6.001667843552942472e-01 6.391506029706355285e-01 6.626043950986422182e-01 6.770466636091947432e-01 6.862210660832790410e-01 6.882015719807921261e-01 7.187923194347664024e-01 7.332947225531661894e-01 7.488598261353108798e-01 9.153331665225813429e-01 9.374528582680359268e-01 9.435940517477268141e-01 9.743427161675644044e-01 1.033715276243503123e+00 1.115802088986292517e+00 1.251251254681810421e+00 1.252757514176881193e+00 1.335744912220083291e+00 1.345654709630049961e+00 1.463130637325767092e+00 1.570846933417266778e+00 1.634595820795333942e+00 1.698067941483504484e+00 1.843517643400640615e+00 1.999757622641318289e+00 2.164137390372729008e+00 2.462721352723168167e+00 2.833589450931507159e+00 3.055921550449361757e+00 3.885856143417661279e+00 3.908186191068612647e+00 4.114964332640633771e+00 4.245481573179607615e+00 4.358332082860412626e+00 4.728525799817200337e+00
-2.964489391235680116e-01 3.640630411152994683e-01 3.685553607804947784e-01 5.132430553760590763e-01 5.168004092629079338e-01 5.652961297599898849e-01 5.788322941825881918e-01 6.051396998518666637e-01 6.399923983038060538e-01 6.688079803882535090e-01 6.792619042574034038e-01 6.863099941055466058e-01 6.899899809972562803e-01 7.171536785817136384e-01 7.541970985029013974e-01 7.589010236352637939e-01 9.106765738276026978e-01 9.195214894698404695e-01 9.290578743616978441e-01 9.799332715654890391e-01 1.024115218189828092e+00 1.128668862965050312e+00 1.237740488733931166e+00 1.247020915167621924e+00 1.313400177187576512e+00 1.356552427048042020e+00 1.464479392418477799e+00 1.566684747762796093e+00 1.633418249792772503e+00 1.709182181481537777e+00 1.851290584159627217e+00 1.995497787406673273e+00 2.156870622692330652e+00 2.461787331107589516e+00 2.843255537385184883e+00 3.047511264809557918e+00 3.863287727717203079e+00 3.904038454684216841e+00 4.129636657599560223e+00 4.269425145855786141e+00 4.364821828695339079e+00 4.721183729452736344e+00
-3.308810785995590642e-01 3.556287429671290967e-01 3.756839741476341588e-01 5.106550323503810107e-01 5.202138982718728100e-01 5.760797088370005481e-01 5.817527568595204368e-01 6.099589277967065737e-01 6.463199421427425762e-01 6.762888982839652119e-01 6.777613244600676490e-01 6.895386870589491624e-01 6.922402799963592868e-01 7.147134736655673670e-01 7.664504440531463292e-01 7.790399969166396099e-01 8.999465791581191532e-01 9.104696627989979918e-01 9.207918614152551529e-01 9.832896715750818473e-01 1.012419864404989100e+00 1.140948967087275001e+00 1.223485426982448665e+00 1.241320403671598349e+00 1.289237709549811095e+00 1.365993880657091708e+00 1.465554964510271230e+00 1.562344839367336036e+00 1.633008707461425235e+00 1.719136144808954159e+00 1.859282528775030308e+00 1.991963456415122957e+00 2.147326085034697130e+00 2.460848906427723026e+00 2.854601762573180768e+00 3.039242461227588787e+00 3.841963397928593871e+00 3.909098429517512407e+00 4.127910485663577767e+00 4.292223503018689712e+00 4.379855282401027061e+00 4.712511357486817154e+00
-3.579293816111221438e-01 3.503889584854684158e-01 3.922169432868479744e-01 5.028391499827828959e-01 5.232691395464196260e-01 5.785599883101920637e-01 5.790758975038425849e-01 6.141648254585940769e-01 6.555592261574276769e-01 6.769953861351615254e-01 6.838909009294366070e-01 6.916299566325713188e-01 6.946334380043810430e-01 7.126183298530995858e-01 7.704746266089957940e-01 8.041745830933021422e-01 8.836700173609864928e-01 9.143014841055682185e-01 9.178582880710729475e-01 9.845901651114485897e-01 9.991609466665015704e-01 1.151743939105480896e+00 1.210959655012348479e+00 1.234145300281711544e+00 1.265275030511558985e+00 1.373701272606097090e+00 1.466555622869518904e+00 1.558479555021772267e+00 1.633394236568377345e+00 1.727720253558329810e+00 1.866580272920644212e+00 1.990711875041112799e+00 2.137508021159395533e+00 2.459860723829261353e+00 2.865086883192614842e+00 3.030362110440778967e+00 3.823829685521825450e+00 3.922948068108707886e+00 4.110939571180371566e+00 4.311784442849144305e+00 4.401096793379976724e+00 4.703840688897932054e+00
-3.773999630034337582e-01 3.478271572616546958e-01 4.168818852641463235e-01 4.946313251532182820e-01 5.201829637258492678e-01 5.712533866944865535e-01 5.786297740293109282e-01 6.175042679657344324e-01 6.602376080934134750e-01 6.816394772410397929e-01 6.883373353014289320e-01 6.912274036886905115e-01 6.993662958251497530e-01 7.109024716805993904e-01 7.713496867423130787e-01 8.264372527653708334e-01 8.691147044993901005e-01 9.203187056639755559e-01 9.235592267012702195e-01 9.842706029171957027e-01 9.843757625975693148e-01 1.160027200719583540e+00 1.201186901434224463e+00 1.226686473011946887e+00 1.244158251194124931e+00 1.379413822600337625e+00 1.467450516185924370e+00 1.555562360185185788e+00 1.634475737561933206e+00 1.734594151797716144e+00 1.872419630034202420e+00 1.992008019775401539e+00 2.129437093380461388e+00 2.458872683858763786e+00 2.872763934347653425e+00 3.021136511858581120e+00 3.810150246781550454e+00 3.943902894783950064e+00 4.084327379940795311e+00 4.326679505239767742e+00 4.422560462217147936e+00 4.696557733410940294e+00
-3.891663434034914326e-01 3.469510886724039289e-01 4.455380067481088391e-01 4.882196984964297104e-01 5.075729099722097182e-01 5.651351942293287856e-01 5.776698668151530880e-01 6.196655135249752311e-01 6.605536122808853827e-01 6.858816467617173673e-01 6.881138634923786856e-01 6.959811620922075059e-01 7.028876763808139527e-01 7.096063057581450950e-01 7.705879514252113038e-01 8.424495373509399698e-01 8.578048803455133875e-01 9.257746887214689524e-01 9.359381829775826889e-01 9.683470685726416338e-01 9.831998913832206144e-01 1.165174663442399616e+00 1.195000576658146629e+00 1.221093419041198391e+00 1.229117697497640105e+00 1.382921042827891744e+00 1.468077441627994473e+00 1.553802858010537191e+00 1.635680497282416157e+00 1.739135306086337041e+00 1.876196737747485077e+00 1.994349899139751914e+00 2.124333894495432862e+00 2.458097573447677764e+00 2.877051903327477067e+00 3.013688958371478321e+00 3.801684754713790415e+00 3.968223660455506341e+00 4.055344555528512807e+00 4.335972467322877222e+00 4.438201980248982714e+00 4.691753572836158348e+00
-3.931064027102288416e-01 3.467944577876334034e-01 4.649559137810864717e-01 4.857768484382302132e-01 4.937022851383489619e-01 5.631681135547919048e-01 5.772732115851544332e-01 6.204173795460584673e-01 6.603432948799523583e-01 6.848286221675026209e-01 6.907327005194727754e-01 6.979117614058268915e-01 7.042788914585068616e-01 7.090507042260599802e-01 7.700359797385227800e-01 8.507569502474348067e-01 8.510392969737932134e-01 9.279945891443927009e-01 9.500243695177018610e-01 9.533751558744966159e-01 9.826129460340951027e-01 1.166935634638257113e+00 1.192888415415032988e+00 1.219195651178981654e+00 1.223406340356955946e+00 1.384102120484893339e+00 1.468301898548769913e+00 1.553222289197392580e+00 1.636209047038818865e+00 1.740731857161252227e+00 1.877504640315444728e+00 1.995490956586871478e+00 2.122614229391508456e+00 2.457799275135608585e+00 2.878364917746628393e+00 3.010787137787391377e+00 3.798823638699897920e+00 3.983067554281511491e+00 4.038758500937709606e+00 4.339128313829149874e+00 4.443898510462215512e+00 4.690081475089616703e+00
2.362431612011991477e-01 2.403965880759299512e-01 2.592878338629502899e-01 5.351392393265178571e-01 5.707028086811268830e-01 5.754170307601615963e-01 6.352778369186860008e-01 6.474761591228732627e-01 6.512657143149569450e-01 6.829970858187129901e-01 6.841551977508411042e-01 7.260795748157060636e-01 7.461797855487477538e-01 7.506170546453647674e-01 7.555693148721804864e-01 8.325690445990052702e-01 8.926545753043635401e-01 8.956276998743476492e-01 9.448966995049573603e-01 9.456275965400854355e-01 9.564831679125886943e-01 1.107826295665994110e+00 1.178242208602670260e+00 1.179974599003467350e+00 1.332659140031412059e+00 1.334742107095949981e+00 1.462406098955980394e+00 1.582177445351205636e+00 1.665624466030837247e+00 1.669201074522100647e+00 1.967565318379955075e+00 2.027361350029270870e+00 2.033102647568840293e+00 2.454899584642581178e+00 2.955712742695907558e+00 2.959941582937782645e+00 3.913132938433625085e+00 4.014592851366149517e+00 4.017926358811617860e+00 4.302520920887931588e+00 4.304266669195757622e+00 4.745900628430256063e+00
2.429196326783017168e-01 2.475270178955444600e-01 2.649384647697479167e-01 5.344549481791399659e-01 5.692547036650899006e-01 5.735497096393581407e-01 6.312223451801084462e-01 6.403484819346246804e-01 6.468252399999130375e-01 6.854331720935424865e-01 6.865715234281460910e-01 7.250832425450277618e-01 7.468942563956995073e-01 7.497224147065895128e-01 7.547526024169943781e-01 8.333982989610448922e-01 8.965596708439816931e-01 8.986407500660597014e-01 9.418888167726425786e-01 9.436380202247146576e-01 9.543608538244005013e-01 1.112134858103262181e+00 1.179191418216925857e+00 1.180760674227852691e+00 1.334789949502730666e+00 1.336488032735992260e+00 1.461473728216777124e+00 1.583146419628846502e+00 1.663784723195154358e+00 1.667879963674469890e+00 1.965037721912068269e+00 2.028766807029337205e+00 2.033929961811522524e+00 2.455441028065024955e+00 2.955927210881625466e+00 2.961070034684599950e+00 3.919124224905419673e+00 4.008826631180924416e+00 4.012210069940808310e+00 4.306538093002474810e+00 4.308430671455522720e+00 4.739427353885950822e+00
2.611709590636914213e-01 2.662639963334901827e-01 2.814038428806856507e-01 5.323269913936430342e-01 5.639891763142586001e-01 5.670707491407210865e-01 6.184076873677858410e-01 6.235909662853182933e-01 6.435433507677323917e-01 6.860267391264839310e-01 6.879257004616160520e-01 7.229635284804425410e-01 7.422273923568188936e-01 7.520008048448642013e-01 7.586821139443929995e-01 8.356865560579758156e-01 9.023533551237244987e-01 9.046667462846419427e-01 9.373343940318070722e-01 9.392725324273983878e-01 9.478762575226229448e-01 1.125101281548255061e+00 1.181517615498338669e+00 1.183035991325560587e+00 1.340367181851287892e+00 1.341897241992815459e+00 1.458586404806204273e+00 1.586078597671717771e+00 1.659400345792753084e+00 1.664040804251192940e+00 1.957380323402043265e+00 2.032396865019255205e+00 2.037089102918518524e+00 2.456941412980613304e+00 2.956253368412703253e+00 2.963442724025518338e+00 3.936913107708421844e+00 3.992768218913271383e+00 3.996477804981844351e+00 4.317651075749039613e+00 4.320026554768207738e+00 4.720216068752907113e+00
2.873782476171347633e-01 2.927319330176846313e-01 3.061657907814917534e-01 5.288000824307030889e-01 5.524519380427103110e-01 5.533730905637124220e-01 6.041666439031524449e-01 6.072284780707541962e-01 6.421800732325033678e-01 6.816963368626397513e-01 6.842121014944726465e-01 7.198505102571113312e-01 7.298596442261960915e-01 7.622800060251035958e-01 7.685908415978982555e-01 8.387337308634311706e-01 8.973596899880313948e-01 9.007021477690863032e-01 9.357275059776306581e-01 9.426687689677919479e-01 9.436841140011280604e-01 1.144594707494462016e+00 1.184582542830878715e+00 1.185715265195089074e+00 1.348697983851477655e+00 1.350209760852741026e+00 1.453867145606521527e+00 1.591221111163864776e+00 1.653471366569142953e+00 1.658597347204894046e+00 1.945377789466256058e+00 2.038672500933830900e+00 2.043140781800525385e+00 2.458789014653336658e+00 2.956519258778639525e+00 2.964199918309144088e+00 3.963733539179950416e+00 3.970209860275845326e+00 3.975340647627910950e+00 4.333948580641910908e+00 4.336864594973119935e+00 4.688892829025628650e+00
3.169094616128855790e-01 3.226519413151430205e-01 3.361061952329697511e-01 5.227505181529816802e-01 5.327425767197631057e-01 5.349209797479049788e-01 5.925650833428728337e-01 5.980083280019374836e-01 6.400045080842693412e-01 6.753704550109453919e-01 6.781206868345639460e-01 7.147569731450589270e-01 7.163163558284576515e-01 7.754990119766936862e-01 7.816277888996241430e-01 8.419474672588056485e-01 8.803822330427014675e-01 8.848490254304309799e-01 9.246229887790247126e-01 9.539846311714530458e-01 9.553927009067372245e-01 1.167617110850141859e+00 1.187764262398680382e+00 1.188327284051851063e+00 1.358883497145459751e+00 1.360253236899467089e+00 1.447546218967982634e+00 1.598519550954099699e+00 1.646914907733959321e+00 1.652405546800819192e+00 1.930084837323519320e+00 2.047211134510210417e+00 2.051749687939283362e+00 2.460533116400569487e+00 2.956592383832663984e+00 2.961953537527292735e+00 3.942559470695127466e+00 3.946689579359641709e+00 4.007525393853116569e+00 4.352560218806978298e+00 4.355893366670801292e+00 4.646458004383446472e+00
3.444849639046488887e-01 3.515292662316545358e-01 3.681199918150891981e-01 5.049364936779069390e-01 5.131749482850798127e-01 5.239833123769093159e-01 5.848284806757559906e-01 5.929547006391427955e-01 6.351568905909291685e-01 6.693930124020299743e-01 6.723229509532628878e-01 7.019426988810797408e-01 7.111360333437772852e-01 7.889700790058770119e-01 7.950601067521487764e-01 8.450030996505084602e-01 8.588344336268067813e-01 8.642753411790219387e-01 9.121966175155384882e-01 9.665390093206337463e-01 9.685605932062198997e-01 1.187039143642509842e+00 1.190404290166686030e+00 1.195737667139978422e+00 1.369798142556039489e+00 1.370819634624559802e+00 1.439934396772237557e+00 1.607275039381709680e+00 1.640266877836561443e+00 1.645929918903005218e+00 1.912767865925839361e+00 2.056442222664979891e+00 2.061345472872419204e+00 2.462145235958327572e+00 2.956089920734287002e+00 2.958684336655229785e+00 3.916630365689268700e+00 3.921081225988009233e+00 4.057392181759837513e+00 4.370407909830326787e+00 4.374017046305660905e+00 4.594251255213587015e+00
3.640905621442853124e-01 3.727692057374851209e-01 3.990950421273609106e-01 4.882323260507238083e-01 4.975737462249616994e-01 5.210209422457495743e-01 5.794278665398842065e-01 5.896150119948372348e-01 6.261577448081577790e-01 6.647468651591990074e-01 6.679934203705031326e-01 6.931422589991562688e-01 7.062698049664296596e-01 8.002264425405298809e-01 8.066564597164723738e-01 8.363946907901289585e-01 8.427385114069648742e-01 8.492638826450686906e-01 9.005104501367179326e-01 9.776518989751135091e-01 9.797512736762327146e-01 1.190703307554256796e+00 1.194113320544440526e+00 1.216542429670855352e+00 1.380192789492953542e+00 1.380750945739908309e+00 1.431474802029381266e+00 1.616016577693263789e+00 1.634047244801646981e+00 1.639489445919459110e+00 1.895104361564134310e+00 2.064377010205570073e+00 2.069784568573995287e+00 2.463825873752297557e+00 2.954832633959912691e+00 2.957855175771887168e+00 3.894112579822436526e+00 3.898702109574016639e+00 4.115667626271727109e+00 4.385148000882971964e+00 4.388829184513568293e+00 4.533939233187334494e+00
3.703413776699713278e-01 3.799110484098928153e-01 4.253982269845267838e-01 4.849631666117072415e-01 4.931083587178067273e-01 5.214990635132931152e-01 5.754604076508045285e-01 5.871968072271233074e-01 6.135379851436764120e-01 6.619980726962866324e-01 6.654376052250980944e-01 6.895152967753697126e-01 7.016776371202033680e-01 8.040037724718306356e-01 8.085914453242595279e-01 8.234857026726899454e-01 8.289004429548542108e-01 8.520500535035765433e-01 8.907859248955205533e-01 9.862136876372226135e-01 9.881007048122756320e-01 1.193627220518734378e+00 1.196582117763363318e+00 1.235859897394535389e+00 1.388798340693560451e+00 1.388921481162696425e+00 1.423031726845576550e+00 1.621801130638287569e+00 1.630038487091273636e+00 1.633914462654186606e+00 1.879383779999193704e+00 2.069722529776383269e+00 2.075612254542676727e+00 2.465585037290557224e+00 2.955645662749812885e+00 2.958383399456436358e+00 3.877008555541228585e+00 3.881332644960385991e+00 4.180461644725540715e+00 4.395600148821274367e+00 4.399057293840082039e+00 4.467588864215152000e+00
3.674702634201497675e-01 3.762272516778145670e-01 4.429448062231702288e-01 4.907557742616001639e-01 4.974849179711346991e-01 5.253366794537006612e-01 5.727535215227193000e-01 5.856010002741902642e-01 6.009345943897662634e-01 6.610629986272809067e-01 6.645142370469039328e-01 6.892810139932780134e-01 6.978691793403006827e-01 7.955900492933652979e-01 7.970642429773947546e-01 8.256414616183965771e-01 8.291276197378287804e-01 8.547195080316514204e-01 8.840730768318231236e-01 9.914449230604149843e-01 9.933763285346564054e-01 1.196381403152657841e+00 1.198021376043052255e+00 1.249528398557590236e+00 1.394092433178550028e+00 1.394660274503023212e+00 1.416308042731718064e+00 1.621228765563780705e+00 1.628394031926522434e+00 1.633113597807729578e+00 1.868297918475920083e+00 2.072357935284909747e+00 2.078705773599260009e+00 2.467044265880641074e+00 2.956910019575220705e+00 2.960294326767137552e+00 3.866471523237014374e+00 3.870198278827668759e+00 4.249562814819979550e+00 4.394236146249075325e+00 4.401959403768736401e+00 4.407681203729764796e+00
3.652448999377767569e-01 3.728715741933885108e-01 4.490688522822966489e-01 4.942272824224133165e-01 5.006538936291773378e-01 5.282206662600539282e-01 5.716882679357927488e-01 5.850914339007569076e-01 5.950726461826654212e-01 6.608346792816994775e-01 6.645805709373281411e-01 6.899814287184641293e-01 6.961076992468977487e-01 7.906619822016401899e-01 7.918862491127216519e-01 8.271769390184946502e-01 8.307374989337309446e-01 8.558959774809721255e-01 8.814676889530757009e-01 9.930471001365961392e-01 9.953462584040443373e-01 1.197623897685212935e+00 1.198493316300765166e+00 1.254759553267211336e+00 1.395607536691020112e+00 1.396889074426001409e+00 1.413578855190980921e+00 1.620454490420152105e+00 1.626884509343974994e+00 1.634336797277666786e+00 1.864155787434909062e+00 2.072870543555220824e+00 2.079682664971731487e+00 2.467671845630169170e+00 2.957136197775546371e+00 2.961742990940974707e+00 3.863110677979644692e+00 3.866220982181685972e+00 4.310503956341166010e+00 4.334820360873208323e+00 4.403860180626318233e+00 4.407565350445255881e+00
