-1.736635377363793253e-01 -6.292749649014675595e-02 -6.288202322356212237e-02 -5.731726150311252709e-08 6.730854057290800233e-04 7.409123065403386147e-04 4.579949947956417633e-01 4.579996895922939237e-01 5.138392232914885671e-01 5.541573838366038451e-01 5.541605934977237302e-01 5.831597499856308042e-01 6.699835222749476182e-01 6.699855168917105974e-01 6.724653812967842370e-01 6.724790976032786194e-01 6.923796302507903011e-01 7.294365055139857557e-01 9.294413092703086576e-01 9.631095331650288971e-01 9.632624412482481135e-01 1.327893225924086540e+00 1.345749862033369881e+00 1.345885190579090507e+00 1.352150793573193344e+00 1.352380218478014706e+00 1.361942648303905434e+00 1.607124361991842720e+00 1.607345642667171504e+00 1.777493703802747627e+00 1.828656467606796454e+00 1.828659465320909838e+00 2.347309682420202215e+00 2.446475952990349700e+00 2.446797408948534258e+00 3.190800718935443481e+00 3.942303987108303875e+00 3.942687289169669818e+00 4.084884002169688166e+00 4.222293649165473894e+00 4.222602251859600919e+00 4.860487035749737394e+00
-1.717143965672809636e-01 -6.862751958181577405e-02 -4.871045324399551207e-02 4.926713285678435694e-02 5.648155561258705326e-02 9.802026325426194120e-02 4.635202616331620673e-01 4.658655226776606262e-01 5.156699578348984403e-01 5.541292347727242440e-01 5.564930107870347253e-01 5.865176562272256255e-01 6.706381549985314106e-01 6.714489419980274043e-01 6.730025244975287313e-01 6.773368550078076034e-01 6.931465882566144598e-01 7.293989193126385606e-01 9.300016037296836569e-01 9.627079244141845127e-01 9.635860611637693252e-01 1.324388626064475272e+00 1.337758913929927518e+00 1.338336167902815399e+00 1.355792917327545144e+00 1.358708881801458990e+00 1.366329953362063199e+00 1.606113074889523151e+00 1.608867221376970136e+00 1.771205134868388820e+00 1.829698267533491851e+00 1.835826972262540435e+00 2.342129350128528742e+00 2.446935561796516723e+00 2.457101169679230868e+00 3.189647938927544057e+00 3.939153845726115488e+00 3.949638492849871785e+00 4.074548517737597741e+00 4.225543556170420878e+00 4.233257935078945877e+00 4.852675981462033938e+00
-1.823034456098915346e-01 -2.974489247232712033e-02 5.725986717455095604e-02 1.002075972586141672e-01 1.150799904974311311e-01 1.930880222108553312e-01 4.787327022812569721e-01 4.871550011558266058e-01 5.218172721872388342e-01 5.542087868413732021e-01 5.623403485766879095e-01 5.960242412887430952e-01 6.725815358392819299e-01 6.745412652386534313e-01 6.746307737042265273e-01 6.904251216385804968e-01 6.972601377819768187e-01 7.294008441775604590e-01 9.316081178193879042e-01 9.614861712290032614e-01 9.646099710608236899e-01 1.315146835192286590e+00 1.325793734532124013e+00 1.328930063168673348e+00 1.352886929919009162e+00 1.366139593732554003e+00 1.378426846416902274e+00 1.603047687729205473e+00 1.613225136562269846e+00 1.758208135994993038e+00 1.832686374541415031e+00 1.851816917812714625e+00 2.327977337591510487e+00 2.447581073165669086e+00 2.486132943520087846e+00 3.186049796921000876e+00 3.929478994228083000e+00 3.967450443886114453e+00 4.054624138233428710e+00 4.234005921093060287e+00 4.258553523798504159e+00 4.829730015242261310e+00
-2.138239075343001672e-01 1.076944453734732104e-01 1.188491415382519345e-01 1.556891088057534567e-01 1.730537637501415871e-01 2.866986251521265738e-01 5.006124726727874119e-01 5.133641980881744615e-01 5.363732646956612671e-01 5.546138291768302198e-01 5.698181741909355003e-01 6.104143352942404954e-01 6.756746464784786355e-01 6.770851023495603194e-01 6.786307677186310672e-01 6.971237640097474042e-01 7.164019722717153149e-01 7.307295709401553374e-01 9.339739616405970946e-01 9.597699105900203698e-01 9.661779555048063406e-01 1.303188234933757794e+00 1.312270295158109557e+00 1.317983843149513001e+00 1.346554772093409902e+00 1.372232195348953798e+00 1.391961533382186200e+00 1.598308041859586082e+00 1.619376789890673018e+00 1.744675495858428516e+00 1.837268908562904146e+00 1.871371651230202104e+00 2.307047701705294163e+00 2.448599597331858391e+00 2.528337455554072744e+00 3.179600991437012691e+00 3.915111502199132509e+00 3.974839994372151963e+00 4.054447219938134062e+00 4.246439841986676456e+00 4.289225183068793967e+00 4.793161312319473844e+00
-2.499481659396576017e-01 1.636711198279106327e-01 1.763958815323369844e-01 2.167763384275747940e-01 2.299524266094237768e-01 3.772454378850269574e-01 5.258487800803627321e-01 5.314625276416168331e-01 5.556251301606552895e-01 5.660461333178498089e-01 5.787392041749542804e-01 6.281572521638707496e-01 6.791377978619552724e-01 6.812840296832476383e-01 6.824370807452578847e-01 7.032063693267389670e-01 7.261425044350080515e-01 7.495768133322279203e-01 9.363674263950415577e-01 9.583055419981264533e-01 9.680727714534798078e-01 1.290012704649122988e+00 1.297446519107808616e+00 1.304561052323564674e+00 1.337664905021942463e+00 1.376933495093009219e+00 1.405522729643643220e+00 1.592356148146538919e+00 1.625901258106924541e+00 1.733528631002072773e+00 1.842957765485419008e+00 1.892744836996084645e+00 2.281267483042729527e+00 2.449914986591329225e+00 2.577951171112792483e+00 3.169709743658712053e+00 3.897874793905387047e+00 3.955774578322433843e+00 4.091488915927696368e+00 4.261156357205044820e+00 4.322016684740242809e+00 4.745703864143139938e+00
-2.835827679226387010e-01 2.067364383485633950e-01 2.331424653084081255e-01 2.766440685773454700e-01 2.846034654823053622e-01 4.621911434433863541e-01 5.463379069018240441e-01 5.485088562436130077e-01 5.606640139111461751e-01 5.843556073743151336e-01 6.052738755722723019e-01 6.473306145637300890e-01 6.825041644058909007e-01 6.853748511559303314e-01 6.878207862310274923e-01 7.127031002375262547e-01 7.265907247618222931e-01 7.801184149346669372e-01 9.373701919188053289e-01 9.585212344455533717e-01 9.699952691951025940e-01 1.275625048959998287e+00 1.281559455505890011e+00 1.289121537034951137e+00 1.326389713146023164e+00 1.380325359848237232e+00 1.418560123437976994e+00 1.585696390917817666e+00 1.631300084068634249e+00 1.726541444113920409e+00 1.849226476080552128e+00 1.915128788109636826e+00 2.252633521463315969e+00 2.451429994868130624e+00 2.629731788895197209e+00 3.155798157134193094e+00 3.879428598732099331e+00 3.931069506872383101e+00 4.140559725098928112e+00 4.276668130183816530e+00 4.357341881726598309e+00 4.691850223723401214e+00
-3.129224007959356402e-01 2.431912733279419647e-01 2.877332024169541591e-01 3.314303150919867824e-01 3.357255070177699308e-01 5.308358287505338113e-01 5.544378563044519703e-01 5.685410316913573903e-01 5.818786163202845918e-01 5.939794247679381911e-01 6.380928462740713680e-01 6.649025141640946268e-01 6.859665940367047909e-01 6.875385703409117033e-01 6.977800644233667082e-01 7.257300697882408391e-01 7.292241805524970477e-01 8.111622062576134828e-01 9.359478190435106537e-01 9.614691623111480956e-01 9.715640596355881176e-01 1.259102769162260271e+00 1.264938394167577362e+00 1.273321674224509259e+00 1.312823343326788184e+00 1.382548347102369624e+00 1.430662257210942423e+00 1.578818859529759422e+00 1.634630406098371846e+00 1.724429326119564454e+00 1.855580085779373389e+00 1.937797375832705171e+00 2.223218864759487268e+00 2.453035751398154218e+00 2.679789528007853416e+00 3.137602487617786817e+00 3.861132746975989516e+00 3.910922673368126379e+00 4.182288811440036724e+00 4.291815747277502702e+00 4.396415882199796066e+00 4.639348897397964855e+00
-3.375719321562039021e-01 2.742719607769991685e-01 3.382304238883571124e-01 3.796167325601536024e-01 3.820069004923943301e-01 5.538731105915675190e-01 5.566684623866063886e-01 6.025917593142398054e-01 6.050551558295219623e-01 6.225760046424483329e-01 6.636275943087325269e-01 6.771568603305692102e-01 6.896230080097861537e-01 6.905425179572364236e-01 7.128715683404802661e-01 7.289125410196811705e-01 7.513059296545171462e-01 8.410292140200827937e-01 9.329650742507780148e-01 9.663400435224562823e-01 9.723129014549830584e-01 1.239881873380074939e+00 1.248067826073033126e+00 1.259020344827455062e+00 1.297106792286524923e+00 1.383790013129051033e+00 1.441482218831821038e+00 1.572170927342855018e+00 1.636072367232046743e+00 1.726388904645268951e+00 1.861592937920628632e+00 1.959902014367090883e+00 2.195015398670777884e+00 2.454620766619947325e+00 2.725873986717624486e+00 3.115449369561245963e+00 3.844060402372679430e+00 3.899036957573229323e+00 4.203037682971091371e+00 4.305740789269730584e+00 4.433183482498336936e+00 4.603238323435412838e+00
-3.575299078611996473e-01 3.001112638029581614e-01 3.829146762030625761e-01 4.198348099731500915e-01 4.220711939852280215e-01 5.583145639757060019e-01 5.596905617407602618e-01 6.133760978147431153e-01 6.251089733418344618e-01 6.636642430594954511e-01 6.793607439818171168e-01 6.838744186991979612e-01 6.936254267895659575e-01 7.003557604130377090e-01 7.309802615990991237e-01 7.416147743757485200e-01 7.793880027026076629e-01 8.693162126653657396e-01 9.299520944181792759e-01 9.716822068181963923e-01 9.717215974919193311e-01 1.219640146450279961e+00 1.231654951328716496e+00 1.246616791115761957e+00 1.279538787820510226e+00 1.384277833866378149e+00 1.450727757429793874e+00 1.566147061074167901e+00 1.636554421359804889e+00 1.730544132276977454e+00 1.866922161472233777e+00 1.980440989693773357e+00 2.169783736870469326e+00 2.456079098720883813e+00 2.767041965890456368e+00 3.090380653832813351e+00 3.829048011144449148e+00 3.897311801502655548e+00 4.196378804431555309e+00 4.317821359038065410e+00 4.448559120504080866e+00 4.605786036578147780e+00
-3.728974419924144801e-01 3.205766689019970417e-01 4.204225834257064309e-01 4.505531069951201895e-01 4.545687690917031842e-01 5.570661550463982259e-01 5.644071870769311605e-01 6.222049130664034644e-01 6.410244572090187942e-01 6.786530292985276658e-01 6.862445335523739143e-01 6.873310002116941320e-01 6.976981739154156648e-01 7.100947904405681133e-01 7.478182349675857044e-01 7.753270601363546621e-01 8.073281878028100156e-01 8.959589136529707565e-01 9.280877549332876564e-01 9.690711967723437681e-01 9.765323001920634960e-01 1.201265560837243784e+00 1.216689267091889626e+00 1.236136745444869289e+00 1.260779250642965810e+00 1.384266736758922756e+00 1.458160897694657177e+00 1.561084877403068560e+00 1.636853759893495353e+00 1.735040109052197188e+00 1.871306786563218028e+00 1.998294246836330945e+00 2.148927142772231846e+00 2.457317024003485617e+00 2.802944629880571803e+00 3.064152679059387818e+00 3.816739248656186412e+00 3.906670740255749674e+00 4.164652228572882642e+00 4.327613476088096434e+00 4.444076945320935224e+00 4.640932456613575674e+00
-3.837849692984598438e-01 3.354537340878476770e-01 4.495521787975020889e-01 4.708859307858297982e-01 4.782955223054941030e-01 5.530413188225121734e-01 5.707839396410016031e-01 6.284055322325806658e-01 6.523328554453738937e-01 6.830050443189139564e-01 6.891515040283452409e-01 6.913564132378737792e-01 7.011928893523404760e-01 7.143445070972006539e-01 7.605473933806466968e-01 8.116287025008657174e-01 8.301394934384569435e-01 9.198085298881462091e-01 9.278665265674731488e-01 9.641771518434260058e-01 9.800758627415968594e-01 1.187780493805840276e+00 1.204441212295210173e+00 1.227907563419859294e+00 1.242318132969590261e+00 1.384016512098678264e+00 1.463598448911286320e+00 1.557260255491339951e+00 1.637232433744933102e+00 1.738671060052349393e+00 1.874559797101518432e+00 2.012294092147490332e+00 2.133420632717650811e+00 2.458257911225426362e+00 2.832862060504468982e+00 3.039374799122383841e+00 3.807614464379319053e+00 3.927085737578940972e+00 4.117645760452671055e+00 4.334807830407387819e+00 4.437927229352488290e+00 4.679886460379305113e+00
-3.902806653193037212e-01 3.445087315643270975e-01 4.687726078330684554e-01 4.817256382217869337e-01 4.924559574727007671e-01 5.487790860148363814e-01 5.767226377615499722e-01 6.319190693862936081e-01 6.589258106180043706e-01 6.848579681849427114e-01 6.901015548099641572e-01 6.940048304999429929e-01 7.035743563631299269e-01 7.168609728481493137e-01 7.680634720191279463e-01 8.369116964180863816e-01 8.453772493752600425e-01 9.287018303759605464e-01 9.372864898183088656e-01 9.581619022430852839e-01 9.820892327366562702e-01 1.181069998332709758e+00 1.196307825247281631e+00 1.222043988393977321e+00 1.227683587195086634e+00 1.383757853488825074e+00 1.466911595890417530e+00 1.554879686761128532e+00 1.637591942868508399e+00 1.740910789920849799e+00 1.876557773704725207e+00 2.021317288891771202e+00 2.123865945683326206e+00 2.458845373695102587e+00 2.854391200702450782e+00 3.020163852780615610e+00 3.802007952690957815e+00 3.956444517888027868e+00 4.067926768774007940e+00 4.339201119151152142e+00 4.434677594491996722e+00 4.707259924753341096e+00
-3.924396817475170329e-01 3.475518944174781355e-01 4.757145673645695183e-01 4.850206313991041740e-01 4.970632315750226904e-01 5.468909607579355292e-01 5.791793329275708446e-01 6.330415194087349873e-01 6.610530826605092170e-01 6.854590072419581848e-01 6.904126905509705425e-01 6.947723646028194366e-01 7.044286618570745340e-01 7.177620757907788862e-01 7.704840930154034373e-01 8.450097923046261394e-01 8.519761343642728857e-01 9.292319131460969883e-01 9.438568754514138348e-01 9.550330575482063322e-01 9.827110034425109442e-01 1.179641311710127649e+00 1.193444272869632172e+00 1.218516083326795618e+00 1.222980192601041072e+00 1.383652203650307833e+00 1.468024331328726451e+00 1.554071612623933119e+00 1.637740923172239293e+00 1.741653962815164380e+00 1.877231217812187269e+00 2.024450799227327291e+00 2.120632177978052368e+00 2.459045039195523863e+00 2.862666241154045110e+00 3.012529374570245722e+00 3.800117309000127896e+00 3.978695554106998156e+00 4.038174712343746364e+00 4.340678007468786070e+00 4.433740376296183783e+00 4.716948736081729265e+00
-3.853264358442649584e-01 3.531968077687265284e-01 4.611211597424650921e-01 4.748889624840396673e-01 5.139303893125414247e-01 5.477278554810016686e-01 5.821527378782219708e-01 6.322203680712273899e-01 6.620299950913778320e-01 6.864751954949287471e-01 6.899304104933959847e-01 6.971453902248908596e-01 7.068106245088933148e-01 7.163893892111771189e-01 7.713073694176889594e-01 8.423209563743021544e-01 8.553888302252964371e-01 9.262313742539166617e-01 9.457622688642340902e-01 9.537616489022809896e-01 9.829156058674525243e-01 1.170163654238395079e+00 1.193840035369928554e+00 1.217516891241399168e+00 1.230757041890721437e+00 1.383408003716266155e+00 1.466855161315518741e+00 1.555712234334346133e+00 1.637742127494590028e+00 1.737537623657211538e+00 1.883260351402380017e+00 2.022730299507340845e+00 2.118157614479930118e+00 2.458084900459498012e+00 2.865947566462067275e+00 3.012270070753148232e+00 3.805509251421945294e+00 3.980423889266030635e+00 4.036477207772405151e+00 4.339454414666321647e+00 4.428944520918084216e+00 4.717063308166436819e+00
-3.634269640161505999e-01 3.642032262682391441e-01 4.296798173165832235e-01 4.743436976197602517e-01 5.269908679040282706e-01 5.511564014959576818e-01 5.912654207246185178e-01 6.292283730839178801e-01 6.646668700957910625e-01 6.864689823656471290e-01 6.935920497236854887e-01 7.021903185090137001e-01 7.123992582439310217e-01 7.136787481417574686e-01 7.732407684648960888e-01 8.356217731147812522e-01 8.643774915271448256e-01 9.200141838794626548e-01 9.444890124889705474e-01 9.542215315404699583e-01 9.829543934086677481e-01 1.153833817402398321e+00 1.190617338670438841e+00 1.214164877285260014e+00 1.247575672583559170e+00 1.382176712240626548e+00 1.464054111309350148e+00 1.560177519754989861e+00 1.637904763201671221e+00 1.727163234409451187e+00 1.898616405199309076e+00 2.018259424450142614e+00 2.110638536693692835e+00 2.456325527076054449e+00 2.875062905309051953e+00 3.011258399185504420e+00 3.820650397612885385e+00 3.985384086595306741e+00 4.031961665049292876e+00 4.335505759614521004e+00 4.414990113923940918e+00 4.717767018480779839e+00
-3.248177556307895175e-01 3.659704798318367813e-01 3.963233419009607461e-01 4.847615398244244367e-01 5.358580017125801342e-01 5.565115645456605309e-01 6.042538404051899237e-01 6.240625391954016665e-01 6.677003256148732468e-01 6.854882143989545762e-01 6.999948531044737354e-01 7.072749424689389608e-01 7.119524585875603995e-01 7.218940102612797505e-01 7.749413880958717638e-01 8.273631913857322218e-01 8.774033392901703365e-01 9.127464924736428120e-01 9.363765823052216941e-01 9.578448172285298767e-01 9.816840982306850316e-01 1.137942229099354829e+00 1.184969119581523733e+00 1.208884927965662603e+00 1.266691411564758507e+00 1.378745075655406493e+00 1.461253476535103735e+00 1.566349053023297522e+00 1.638701285957953724e+00 1.713800653204674340e+00 1.918147422297604932e+00 2.012751228561205696e+00 2.098119584623258316e+00 2.456003750902699068e+00 2.888466098866886878e+00 3.008810583756901025e+00 3.842665289186939059e+00 3.992944019214709872e+00 4.026066696234803288e+00 4.328636282100606358e+00 4.393098801038463286e+00 4.719834012601738849e+00
-2.648821621205638688e-01 3.510571436556151337e-01 3.617955555991572703e-01 5.068043757371604174e-01 5.458057247345503571e-01 5.638305374404571912e-01 6.149079802933451466e-01 6.209316438651980574e-01 6.687316421664695199e-01 6.847712769698164337e-01 6.980175449082085537e-01 7.142913418675246318e-01 7.198571663053829894e-01 7.320958181299559442e-01 7.745549562821388845e-01 8.216117490258013634e-01 8.931531665154295307e-01 9.052375578270086542e-01 9.249087123884585093e-01 9.604171513516098768e-01 9.781119640408708626e-01 1.124730372018271529e+00 1.179124295106729114e+00 1.202148705799723771e+00 1.285834073353844031e+00 1.372039270503524699e+00 1.459846057674124786e+00 1.572849070530526694e+00 1.640879167061654709e+00 1.699503868764595360e+00 1.937644339755068668e+00 2.008291943383431644e+00 2.081352215299571817e+00 2.458378823682012548e+00 2.904817661034561294e+00 3.003903288492451029e+00 3.867336955368141815e+00 4.002156904749557320e+00 4.020483980878744035e+00 4.319798110678891412e+00 4.365487290895905481e+00 4.723694859426069037e+00
-1.684832339684394775e-01 3.222853891390418668e-01 3.277812631310962899e-01 5.283348177491667963e-01 5.547637902645816688e-01 5.753430797844851785e-01 6.136432222312674378e-01 6.316814407946359511e-01 6.656471967689456815e-01 6.841820500192431487e-01 6.918091796410088534e-01 7.224911071157877895e-01 7.293099768837708607e-01 7.432689056833566843e-01 7.704921502339129313e-01 8.226350289940727034e-01 8.983203723398206497e-01 9.101602865447209201e-01 9.122664588223955429e-01 9.609362291502220321e-01 9.716366309636340626e-01 1.114867063046610429e+00 1.175212346503025085e+00 1.194485244213246089e+00 1.304004331471734002e+00 1.361993103169186092e+00 1.460009195722842046e+00 1.578297872772630228e+00 1.645270276267964293e+00 1.685390231692745155e+00 1.954110360061763974e+00 2.007131049525054500e+00 2.061987177871651866e+00 2.462685211438627952e+00 2.923285460323435725e+00 2.995409653954878682e+00 3.889700770198660340e+00 4.011546626105612745e+00 4.016711162862492301e+00 4.311141650536230330e+00 4.336371264505994638e+00 4.728774694631060704e+00
1.282298020775004821e-01 2.828729790712140590e-01 2.950594130604843324e-01 5.408202773118546691e-01 5.634876621560643839e-01 5.793105065531584108e-01 6.222431385734018550e-01 6.419447538352079929e-01 6.574564481396572013e-01 6.833682419657133300e-01 6.858345075918539369e-01 7.264274637919296840e-01 7.408286126832904772e-01 7.524111662065178230e-01 7.629823373244342122e-01 8.301177374681695253e-01 8.935645931738442904e-01 8.983285505457575537e-01 9.302394467739393269e-01 9.593247985084385476e-01 9.619129958619893062e-01 1.108327660152744976e+00 1.175021141235031763e+00 1.186559972802202045e+00 1.320673738078456338e+00 1.349473326931033501e+00 1.460860814593014645e+00 1.581660430754753932e+00 1.652282024766373425e+00 1.672374277900421147e+00 1.964837451998089346e+00 2.011967216852795115e+00 2.042293210573037143e+00 2.466718318861083947e+00 2.943247229536314347e+00 2.982362259334681021e+00 3.905113554780855534e+00 4.015645895505875806e+00 4.018359881026738023e+00 4.304987421612310960e+00 4.312941097368633514e+00 4.733458685573486591e+00
2.375873630749821275e-01 2.390938970237094507e-01 2.658072432242533645e-01 5.446722349070735048e-01 5.724366642552037865e-01 5.725179520620051754e-01 6.330172035952356113e-01 6.478679720331026459e-01 6.479766889502387439e-01 6.830431351249749428e-01 6.830563327432817022e-01 7.274357323608184878e-01 7.527729626051201661e-01 7.528144193777912552e-01 7.558047693904584863e-01 8.356380653310644391e-01 8.919231309381260298e-01 8.921761874084166433e-01 9.486546277089099588e-01 9.488149143675523867e-01 9.567855252093611096e-01 1.105785234827525443e+00 1.179303758442020733e+00 1.179327439772334118e+00 1.335634086567217604e+00 1.335645464928107540e+00 1.461325756705797563e+00 1.582692245758941851e+00 1.661298959865024960e+00 1.661448880623773272e+00 1.968234515338606272e+00 2.024432087679996606e+00 2.024649559755635764e+00 2.468329978436472061e+00 2.963946586993422727e+00 2.964209525533442413e+00 3.910611991393216247e+00 4.017734130891981614e+00 4.018628386812493680e+00 4.302832590456945994e+00 4.303718104695733793e+00 4.735545383973843059e+00
1.902059794479078747e-01 2.175185858043124365e-01 3.147408388665808854e-01 5.411044326667302506e-01 5.666166097986704564e-01 5.779535579433747738e-01 6.227033684062061036e-01 6.475367153919073804e-01 6.507194827070819088e-01 6.841593358836025596e-01 6.847311168092388156e-01 7.267498923626150020e-01 7.415409105730434991e-01 7.517226884326506653e-01 7.635366998054049503e-01 8.296479120380797490e-01 8.920861155598968084e-01 8.964636842278667084e-01 9.343938938253228965e-01 9.501455116842024706e-01 9.682600604424329571e-01 1.108558354554845415e+00 1.174480568797279689e+00 1.187279183277520023e+00 1.322610551108617472e+00 1.348052422118511284e+00 1.460772405550247566e+00 1.581865610928762989e+00 1.653512182753197113e+00 1.670287220608918988e+00 1.965898671592161362e+00 2.010429575211966746e+00 2.041038789431685263e+00 2.467873155087699555e+00 2.942863979719513967e+00 2.984123161838099669e+00 3.905925888359321974e+00 4.011175637980003650e+00 4.024213781946587964e+00 4.306263607759689194e+00 4.309719958588607014e+00 4.731282094187879927e+00
1.327056781174832945e-01 1.758764947358133768e-01 3.564714064407331628e-01 5.290847343944634629e-01 5.663443308634352746e-01 5.790824408902258691e-01 6.051337442415903878e-01 6.409078029135419907e-01 6.539831131886867377e-01 6.872113040797011019e-01 6.876804604510381447e-01 7.247984763839090405e-01 7.293857196082131900e-01 7.418957966380057556e-01 7.720586599665726357e-01 8.158141913587065863e-01 8.900293744419472963e-01 8.955268787281264187e-01 9.266361051486630140e-01 9.462921743872433344e-01 9.827900257423421992e-01 1.117613400408759450e+00 1.172952403427556245e+00 1.198560972491008458e+00 1.310647025789927644e+00 1.358859590280895535e+00 1.459019242671373062e+00 1.579921946726416726e+00 1.647756608225265484e+00 1.678650987862972732e+00 1.959633637255693950e+00 1.997981403416045465e+00 2.060148756900079370e+00 2.466642628240753421e+00 2.917926071632437779e+00 3.005243146436374690e+00 3.892293497766485366e+00 4.003194207861341170e+00 4.032359698308874307e+00 4.316185413590414299e+00 4.325579405389118115e+00 4.717585734974750089e+00
3.499341733292309770e-02 1.273021244875397751e-01 3.789438341872805593e-01 5.114262241359356365e-01 5.681236050174400809e-01 5.747009203863098215e-01 5.870010440642385863e-01 6.306213047061335342e-01 6.561069864149352560e-01 6.889060010948514501e-01 6.899118185121125846e-01 7.173842711209531542e-01 7.201167211988951378e-01 7.296595884643829466e-01 7.767973116798523314e-01 7.993081660421024193e-01 8.768398964338612878e-01 8.821620689690313766e-01 9.311584977133505747e-01 9.444363674766352856e-01 9.932748010353035228e-01 1.132891145599313587e+00 1.175867859449133634e+00 1.212416744412092795e+00 1.300801385224255258e+00 1.368006880420926885e+00 1.456064305635375922e+00 1.577685460945065898e+00 1.643875333616141132e+00 1.685996657085391703e+00 1.950159191981756246e+00 1.987058884086776223e+00 2.081447153095951297e+00 2.464853229455408190e+00 2.889189302792427583e+00 3.027148032370837516e+00 3.872831978143339349e+00 3.997907650822285497e+00 4.041387659781538133e+00 4.334388886643733230e+00 4.344739332986087277e+00 4.693826546329687766e+00
-1.128168368152528966e-01 6.081075314006970794e-02 3.836283442450746928e-01 4.892982570766035710e-01 5.622724537854240090e-01 5.629282826524271144e-01 5.775130392517454636e-01 6.196587392772190395e-01 6.574208147112576839e-01 6.824530705440002842e-01 6.913999202126541732e-01 7.065631328322479199e-01 7.098553313861319936e-01 7.234665995873821309e-01 7.753091313304624199e-01 7.821452505411953249e-01 8.509187866381113796e-01 8.680160577262664434e-01 9.364976183448214808e-01 9.447305877777842920e-01 9.985294703235531033e-01 1.152754978787075446e+00 1.183789566531032511e+00 1.228135739917731728e+00 1.293837042510261659e+00 1.375517130737428984e+00 1.451987870578017592e+00 1.575885177209497501e+00 1.641422954867648887e+00 1.692294662348584833e+00 1.938049345228489706e+00 1.977083064109071531e+00 2.104858226231044682e+00 2.462732653040895059e+00 2.856568055928034422e+00 3.049573708123325844e+00 3.852778744638493347e+00 3.995658440008846402e+00 4.049705648691563020e+00 4.361139866790169961e+00 4.362434590956476121e+00 4.660697573346197053e+00
-1.551030551519682887e-01 -7.965589183618602964e-02 3.731692699364252408e-01 4.617516050516204951e-01 5.422033938377849305e-01 5.487773701756335498e-01 5.774055505103961039e-01 6.097897486278600621e-01 6.565194750405428659e-01 6.618761741136893750e-01 6.915696465636860246e-01 6.976285304478443416e-01 7.043485103666758951e-01 7.193384697684812590e-01 7.648167687135503101e-01 7.649518786269614568e-01 8.224247106204296553e-01 8.506222252209008072e-01 9.400418336431779487e-01 9.456300226083327320e-01 9.987678335806150498e-01 1.174951202328477828e+00 1.196256483997204967e+00 1.245056910994964516e+00 1.290080622122867338e+00 1.381466692537089758e+00 1.446841013971180034e+00 1.575072615596478709e+00 1.639850355576361274e+00 1.697797786398531850e+00 1.923967761646864449e+00 1.967288439075289608e+00 2.130282300650380822e+00 2.460478755375195892e+00 2.820055927792027628e+00 3.072131114420443954e+00 3.836750461195011397e+00 3.995501962607544755e+00 4.056083195957259413e+00 4.374965803037782486e+00 4.394810573733090031e+00 4.621293322780124058e+00
-1.806782130942979625e-01 -1.175793084675447048e-01 3.509510657507633469e-01 4.283383342693493079e-01 5.126537085172000463e-01 5.378268159945570615e-01 5.765585127087432538e-01 5.996267262809993337e-01 6.337195891717893881e-01 6.516852352164966833e-01 6.879917100121710760e-01 6.926279444666811891e-01 7.014739263136620107e-01 7.113475677205095549e-01 7.462378678453071013e-01 7.479130377694034326e-01 7.934882630548658611e-01 8.330998506763307443e-01 9.426045188637562910e-01 9.459703012546750722e-01 9.953287039131377689e-01 1.197626293805599929e+00 1.211971040695286606e+00 1.262532474689868511e+00 1.289407742348645192e+00 1.385932873073554283e+00 1.440607740137072490e+00 1.575576020833133750e+00 1.638570992399953408e+00 1.702905993895174275e+00 1.908715944308193135e+00 1.956935661127475967e+00 2.157450410614364600e+00 2.458235666643971307e+00 2.779776436239698612e+00 3.094250490390045627e+00 3.827683079546645217e+00 3.996686436227796069e+00 4.059756736180993641e+00 4.381360474048989317e+00 4.425577242951301393e+00 4.585257446206635557e+00
-1.960918762154301997e-01 -1.369484168466364171e-01 3.201029335781779284e-01 3.898346476232361080e-01 4.749349436782419609e-01 5.303670909013176171e-01 5.735081970191847622e-01 5.802339393237959664e-01 6.097090064427048706e-01 6.416757307414708844e-01 6.802432035165898450e-01 6.869606979552640436e-01 6.903729605173792860e-01 6.988045681484063021e-01 7.316055630753272032e-01 7.323715844729590252e-01 7.662171129487181931e-01 8.155487687474085590e-01 9.450877745335758418e-01 9.453666830718213676e-01 9.899088997787680588e-01 1.219655879195514769e+00 1.229413796250211188e+00 1.279910436656336303e+00 1.291392070886728138e+00 1.388938202827560087e+00 1.433239209294364436e+00 1.577501690708914994e+00 1.637020492444178688e+00 1.708067911979043618e+00 1.893185515363066340e+00 1.945457195252010774e+00 2.185870762382646326e+00 2.456091760348414699e+00 2.736067480723912482e+00 3.115201740083102688e+00 3.827005058599521004e+00 3.998851816629299005e+00 4.060131571965065689e+00 4.380677853420424483e+00 4.428563609443351368e+00 4.578275584724067038e+00
-2.038084802531315298e-01 -1.457678611797209867e-01 2.831538003455388863e-01 3.473887460628196644e-01 4.295586252374392622e-01 5.258830755128872658e-01 5.422283340635272175e-01 5.684072963321659122e-01 5.980087472460766662e-01 6.254054567473692483e-01 6.479374775303859968e-01 6.699400125582962717e-01 6.873883723573113169e-01 6.944263748054976260e-01 7.170944373272946093e-01 7.278568122172119903e-01 7.429126254757532077e-01 7.962687178578458091e-01 9.438651758184021245e-01 9.479075829416980792e-01 9.839217352740472489e-01 1.240510059028558265e+00 1.247272685981393625e+00 1.295515185837133654e+00 1.296557603142117543e+00 1.390425047322112029e+00 1.424718057375781610e+00 1.580763406470134136e+00 1.634725393603388532e+00 1.713728817073264521e+00 1.878266528625873066e+00 1.932515661956691222e+00 2.214826678532842319e+00 2.454094381869079911e+00 2.689599264057891403e+00 3.134208622823346779e+00 3.834902157396124611e+00 4.001968975879829138e+00 4.056384384827942391e+00 4.372895624998075270e+00 4.393370079382984628e+00 4.611811223642288127e+00
-2.051499604323773207e-01 -1.466878506123008019e-01 2.422176087189039928e-01 3.019848449540907254e-01 3.770519803657096380e-01 4.912148488466747120e-01 5.236275040554614346e-01 5.619388570746365330e-01 5.876673720972135362e-01 6.025237005026696790e-01 6.079927526368830160e-01 6.561653369827010751e-01 6.838661308797662208e-01 6.895077837586955916e-01 7.053060247285881657e-01 7.251326446304240392e-01 7.263791736416957967e-01 7.744632027342503999e-01 9.416741125045506866e-01 9.510378765239261289e-01 9.782750106380361244e-01 1.260014531558226070e+00 1.264540488266087781e+00 1.301325057110850336e+00 1.311896291467397502e+00 1.390277473814982123e+00 1.415109869201270687e+00 1.585109652493139842e+00 1.631388858834407207e+00 1.720307581895241578e+00 1.864740441332057408e+00 1.918003025382432281e+00 2.243409248677470380e+00 2.452270593022987999e+00 2.641509005119912601e+00 3.150619427026502439e+00 3.850415356564103053e+00 4.006342111270931206e+00 4.047303852948673786e+00 4.345690986174978399e+00 4.358494747431904237e+00 4.661861505078666923e+00
-2.011300626328110797e-01 -1.409955240394089038e-01 1.992075050505912326e-01 2.543895355902127120e-01 3.180774344146531374e-01 4.280768011092395131e-01 5.224186423197552109e-01 5.549268437736534221e-01 5.600192784775673838e-01 5.749672454881454842e-01 5.892138682686431927e-01 6.397458367789800038e-01 6.801472565326430741e-01 6.844660621064596606e-01 6.961904678390340440e-01 7.126329618868699756e-01 7.253186039196166668e-01 7.512052761551691882e-01 9.390389715247593472e-01 9.542358059506627077e-01 9.734337179782911464e-01 1.278163002178046792e+00 1.280472022788627928e+00 1.308455177791208346e+00 1.325453249578532278e+00 1.388377349934800220e+00 1.404582686913162570e+00 1.590140926093370322e+00 1.626978838801713900e+00 1.728173426905801335e+00 1.853183198199933823e+00 1.902022302477478943e+00 2.270575460527374911e+00 2.450643986525287588e+00 2.593511295086379231e+00 3.164052380376417339e+00 3.871411715633954920e+00 4.012714580058385216e+00 4.031771388449391758e+00 4.301662418144664990e+00 4.338239328132591055e+00 4.714158401270249321e+00
-1.929694273139486715e-01 -1.295127112688317927e-01 1.559265546583564199e-01 2.052101927901699707e-01 2.532630576333558259e-01 3.540524787156512643e-01 5.198432513492501350e-01 5.270369274561731432e-01 5.413122124381719580e-01 5.542516569983445551e-01 5.807849633383835863e-01 6.227032274661847833e-01 6.765239817385689802e-01 6.798663596521792307e-01 6.889745127796869095e-01 7.040967088237171101e-01 7.192478775558415194e-01 7.331091581038471361e-01 9.362365534458579885e-01 9.572159406642473112e-01 9.695660567578511246e-01 1.294590806905405955e+00 1.295003650618637314e+00 1.316518347212701556e+00 1.336860792095909245e+00 1.384665741160046037e+00 1.393398427230117642e+00 1.595338153218875288e+00 1.621784481517640319e+00 1.737589866385986337e+00 1.843908280371959307e+00 1.884885190466881300e+00 2.295224045615713138e+00 2.449243001534978426e+00 2.547919791815468571e+00 3.174444155000260448e+00 3.894536878962883364e+00 4.010156146945526245e+00 4.022432661160316059e+00 4.267710507808710751e+00 4.313309043936821574e+00 4.762612871621487720e+00
-1.827396796498298448e-01 -1.130655990727710142e-01 1.139952669892877052e-01 1.549483430016901364e-01 1.828829841067144690e-01 2.718509493181151537e-01 4.989208380725217995e-01 5.059612856979133211e-01 5.237307895694046644e-01 5.511150774199057301e-01 5.723639961724368286e-01 6.070353235046019869e-01 6.733930103807521661e-01 6.761387445917707018e-01 6.829189392652372792e-01 6.984236635111825686e-01 7.010494774059091716e-01 7.296573083304289664e-01 9.335790543681816711e-01 9.597411514337682581e-01 9.666732944660593185e-01 1.306780927518055302e+00 1.310570478107486059e+00 1.324889735656710421e+00 1.345844212843044341e+00 1.379193991689913412e+00 1.381892176603445987e+00 1.600125877513214112e+00 1.616404457761275504e+00 1.748587636088419606e+00 1.836973686063111399e+00 1.867159901989510207e+00 2.316275642703419013e+00 2.448101418795404882e+00 2.507519423745557585e+00 3.181990277796582056e+00 3.915564463777050808e+00 3.985686253453129879e+00 4.037020177178308522e+00 4.244972777597860514e+00 4.285305979878088145e+00 4.803610376856354947e+00
-1.742776177542205429e-01 -9.314073741117033511e-02 7.444961435668813465e-02 1.040793453946645825e-01 1.060330147778098669e-01 1.841965202125747103e-01 4.770594519040310955e-01 4.820595689273615148e-01 5.181628743385168212e-01 5.518459071665255955e-01 5.637576317695504047e-01 5.943865850764186165e-01 6.711583224870170117e-01 6.734639313176891129e-01 6.778269769900570063e-01 6.846983762503471294e-01 6.948945752407551524e-01 7.293628493307985350e-01 9.313881179201258798e-01 9.616446151797554132e-01 9.646868058243021071e-01 1.317095103379233079e+00 1.324833021956016488e+00 1.332791726989533965e+00 1.352130633932939752e+00 1.370453225310411360e+00 1.372230219364986903e+00 1.603964631798204143e+00 1.611648890006261547e+00 1.760678869003676317e+00 1.832252348751837623e+00 1.849867661847210298e+00 2.332713201716652307e+00 2.447254091880420646e+00 2.475296438868185067e+00 3.187022273148550244e+00 3.930954857888918852e+00 3.963408993833227090e+00 4.056440754801137416e+00 4.231436013161679277e+00 4.256806778139905489e+00 4.834632259745818672e+00
-1.722498485463449802e-01 -7.329160269854959053e-02 -2.888498200291493220e-02 3.615934799589190507e-02 5.346375970043951154e-02 9.343385518719975191e-02 4.629228905133306315e-01 4.644185077397550154e-01 5.149703316253517738e-01 5.534169858780433326e-01 5.568509235142101721e-01 5.860826747500390566e-01 6.700921544605884517e-01 6.715748496768798592e-01 6.740638983917854876e-01 6.748019974785164354e-01 6.929833589347546008e-01 7.294027703945106245e-01 9.299449946892203167e-01 9.628191136087868029e-01 9.635339383065609775e-01 1.324848443814550469e+00 1.337539460996728158e+00 1.340061568643157619e+00 1.354848444814084063e+00 1.359655796714010378e+00 1.364914960966462143e+00 1.606433636581617863e+00 1.608362347443493379e+00 1.772040824154597960e+00 1.829538909498234389e+00 1.835229114880768675e+00 2.343476889919228423e+00 2.446730158659932375e+00 2.454168753613026333e+00 3.189878032183775858e+00 3.939658500900597105e+00 3.948047991144011615e+00 4.075908123788245518e+00 4.224487795160057679e+00 4.232791667844333361e+00 4.853936944536410891e+00
-1.736635377363793253e-01 -6.292749649014675595e-02 -6.288202322356212237e-02 -5.731726150311252709e-08 6.730854057290800233e-04 7.409123065403386147e-04 4.579949947956417633e-01 4.579996895922939237e-01 5.138392232914885671e-01 5.541573838366038451e-01 5.541605934977237302e-01 5.831597499856308042e-01 6.699835222749476182e-01 6.699855168917105974e-01 6.724653812967842370e-01 6.724790976032786194e-01 6.923796302507903011e-01 7.294365055139857557e-01 9.294413092703086576e-01 9.631095331650288971e-01 9.632624412482481135e-01 1.327893225924086540e+00 1.345749862033369881e+00 1.345885190579090507e+00 1.352150793573193344e+00 1.352380218478014706e+00 1.361942648303905434e+00 1.607124361991842720e+00 1.607345642667171504e+00 1.777493703802747627e+00 1.828656467606796454e+00 1.828659465320909838e+00 2.347309682420202215e+00 2.446475952990349700e+00 2.446797408948534258e+00 3.190800718935443481e+00 3.942303987108303875e+00 3.942687289169669818e+00 4.084884002169688166e+00 4.222293649165473894e+00 4.222602251859600919e+00 4.860487035749737394e+00
-1.898843989136004551e-01 -1.060860890110522092e-01 -1.060544702349498353e-01 4.720073425144100110e-02 4.720404617020709098e-02 9.261398061687223238e-02 4.634987394596878918e-01 4.635027366035058827e-01 5.140772436689419189e-01 5.541583581657004709e-01 5.541612120399603825e-01 5.901168350663328344e-01 6.705065026565882880e-01 6.705106791001236299e-01 6.741330838506995882e-01 6.741450914233441116e-01 6.995421705158860748e-01 7.279111438559245917e-01 9.282149959977852305e-01 9.636321857456402462e-01 9.637853922708043974e-01 1.324890069996941477e+00 1.340269896247954451e+00 1.340442166353436493e+00 1.355789663367859665e+00 1.355981237482400292e+00 1.362459409701358259e+00 1.605278152835063477e+00 1.605497629584891728e+00 1.778034738304349327e+00 1.831712963840135266e+00 1.831713712884747824e+00 2.344492181356920391e+00 2.446344483058563224e+00 2.446665816486978784e+00 3.193180753231341207e+00 3.933434376705497559e+00 3.933817719792913170e+00 4.094917294790249684e+00 4.231712346686155257e+00 4.232021488341985993e+00 4.858710677132750178e+00
-2.278431219072027114e-01 -1.736371395531013662e-01 -1.736096101496391597e-01 9.330063046822514861e-02 9.330543101162938613e-02 1.846586901498060984e-01 4.764898475164563996e-01 4.764920091822684722e-01 5.151215614541717613e-01 5.541465656641062498e-01 5.541484511075465136e-01 6.089857733381682792e-01 6.718435302401024600e-01 6.718501706285673336e-01 6.793625353496310915e-01 6.793733143657746387e-01 7.171187123530514684e-01 7.257550978869989899e-01 9.245417585295800933e-01 9.651666909719293086e-01 9.653207937009330442e-01 1.315935370228422885e+00 1.330759773606548180e+00 1.330950446754851635e+00 1.359890776543219548e+00 1.360061310904496557e+00 1.363833757682600956e+00 1.600283563159263345e+00 1.600498693010728113e+00 1.779720486963284110e+00 1.840176350534068694e+00 1.840181266409077532e+00 2.336527537788614328e+00 2.445990854816785021e+00 2.446311826161666314e+00 3.199665239308323805e+00 3.910592321514692493e+00 3.910976116063018981e+00 4.124469864140115405e+00 4.256133148668192590e+00 4.256442957953566975e+00 4.853059620473601399e+00
-2.714334889196166056e-01 -2.343813909386603944e-01 -2.343527618616291497e-01 1.374709625866130103e-01 1.374786242946298420e-01 2.743868214502790948e-01 4.907236895658992348e-01 4.907238029100006171e-01 5.181517972569522623e-01 5.540862005350829511e-01 5.540865573566090552e-01 6.354611032702806028e-01 6.737196430639827982e-01 6.737275123336339266e-01 6.881857308313285015e-01 6.881968702999535781e-01 7.152597938511755515e-01 7.492033622225281464e-01 9.184434254231897965e-01 9.676059152116536222e-01 9.677615064632819619e-01 1.301258145585918458e+00 1.319371039211957752e+00 1.319572135910536570e+00 1.362674459304165087e+00 1.362830466792599671e+00 1.365630554128826502e+00 1.593420011589235852e+00 1.593630352748801382e+00 1.782644011622229074e+00 1.852323848763225866e+00 1.852335664920627956e+00 2.324743599394027527e+00 2.445520684261552002e+00 2.445841073915756780e+00 3.208588486540280282e+00 3.880881459321571025e+00 3.881266489176626422e+00 4.171818988942226802e+00 4.288256211107104754e+00 4.288565871539136154e+00 4.842645921944219722e+00
-3.119867909101459169e-01 -2.844282721534006075e-01 -2.843976148948261229e-01 1.786160805881251423e-01 1.786275277928804084e-01 3.572665931537268857e-01 5.022506164199082024e-01 5.022525676605505973e-01 5.259079471772236669e-01 5.539392837483936294e-01 5.539413524302934100e-01 6.654948064664401031e-01 6.758785969558969153e-01 6.758857984785979767e-01 6.999417790859396860e-01 6.999533232710324349e-01 7.084546319206321829e-01 7.799843041572788183e-01 9.099751021451735200e-01 9.707528143297555756e-01 9.709104509845786213e-01 1.281464750456368318e+00 1.306747294845519436e+00 1.306954967501962939e+00 1.364195198368630013e+00 1.364339545487622818e+00 1.367344936623776430e+00 1.586050417457914419e+00 1.586257031581540300e+00 1.786724621924276279e+00 1.866127722419959500e+00 1.866145970456465797e+00 2.310965801388649155e+00 2.445061807830076983e+00 2.445381438807463503e+00 3.217981138653765782e+00 3.849950170236744906e+00 3.850337084061839832e+00 4.233958771855911962e+00 4.322135644745655370e+00 4.322444582205492658e+00 4.826220865861855280e+00
-3.461975098889382152e-01 -3.239844997334037080e-01 -3.239521243832507169e-01 2.155050672064315886e-01 2.155210368766972695e-01 4.232665755227342785e-01 5.099374163216475742e-01 5.099401100180549484e-01 5.442326288407103307e-01 5.536924810661899565e-01 5.537041369750591580e-01 6.780549153403352403e-01 6.780676378440015917e-01 6.962059063352966648e-01 7.043597239715403413e-01 7.131757014601749489e-01 7.131853210292362633e-01 8.085320131016975331e-01 8.992673720700403717e-01 9.743052401969247711e-01 9.744653725857304050e-01 1.257809239700569348e+00 1.293744510583441087e+00 1.293956159294801900e+00 1.364681806870363223e+00 1.364816820867585490e+00 1.368589770220828727e+00 1.579219283666276175e+00 1.579423679344000631e+00 1.791565502647078034e+00 1.879750564023016102e+00 1.879773993301229185e+00 2.297111061747738603e+00 2.444715149516831332e+00 2.445033917722731154e+00 3.226256997492438217e+00 3.821382224929535276e+00 3.821771287321750421e+00 4.306720558327264747e+00 4.353827845677871622e+00 4.354136846365087798e+00 4.802440204235330690e+00
-3.730032574062510653e-01 -3.538359012209911780e-01 -3.538024244277053754e-01 2.467339497726185049e-01 2.467548384253123728e-01 4.611584250807368446e-01 5.142474376979865314e-01 5.142496105470375500e-01 5.533656085637826960e-01 5.533691901242813183e-01 5.759580005692128690e-01 6.800249777991625999e-01 6.800382833884849321e-01 7.092899450849750043e-01 7.253484796486582287e-01 7.260050843177502378e-01 7.262324919197907791e-01 8.305392379563086847e-01 8.866335968060531370e-01 9.778554553607564648e-01 9.780183014783387918e-01 1.232470454310829799e+00 1.281505796660486585e+00 1.281719613494405774e+00 1.364454532324170577e+00 1.364582457383281655e+00 1.369221094639397007e+00 1.573572049243987747e+00 1.573775481003773624e+00 1.796486485217154927e+00 1.891729777990545536e+00 1.891756982496555661e+00 2.284848012403285278e+00 2.444521261469739581e+00 2.444839166207082304e+00 3.232559234454316144e+00 3.797402789671895817e+00 3.797793895830123390e+00 4.380730881261867715e+00 4.380994059493228399e+00 4.385274068541651360e+00 4.770129967996770581e+00
-3.921412624272059277e-01 -3.746766094670560543e-01 -3.746425709609179089e-01 2.707472593187392751e-01 2.707728204126278460e-01 4.774929218346853910e-01 5.161990822717289484e-01 5.161998465657047230e-01 5.530333510159217703e-01 5.530338726020598283e-01 6.031331459741385848e-01 6.815837821719710199e-01 6.815983282000882548e-01 7.308535700133231838e-01 7.365703010981565768e-01 7.366043739577688987e-01 7.518652368044580481e-01 8.428117505323955427e-01 8.728778659569501608e-01 9.809195904824493661e-01 9.810849728399472225e-01 1.208831226871160069e+00 1.271361992261654139e+00 1.271576823057384065e+00 1.363892719581211388e+00 1.364015725794090583e+00 1.369351797879797772e+00 1.569435004450715043e+00 1.569638222416665174e+00 1.800702663766151179e+00 1.900994153832400446e+00 1.901023850175294516e+00 2.275398093409196854e+00 2.444456688067473404e+00 2.444773850754553557e+00 3.236722316614483397e+00 3.779419615530271503e+00 3.779812376695203646e+00 4.401088680003631737e+00 4.401388294757396125e+00 4.464499196605869358e+00 4.728565064803518680e+00
-4.035983834374756718e-01 -3.869940179141038161e-01 -3.869597564360655051e-01 2.859875744741330328e-01 2.860166111974817293e-01 4.842954593557174947e-01 5.168335587769673500e-01 5.168342732537042350e-01 5.527757998053827171e-01 5.527776229389310680e-01 6.145040256206599771e-01 6.825809255482649940e-01 6.825964277812842651e-01 7.435320029572273226e-01 7.435627395515359561e-01 7.620590282019630290e-01 7.721743675737050561e-01 8.442298629384208386e-01 8.602557513270673306e-01 9.830108799073425940e-01 9.831781045824692367e-01 1.191471680973529068e+00 1.264616612564277487e+00 1.264831822753567092e+00 1.363369166674382127e+00 1.363489304190899087e+00 1.369251384498598956e+00 1.566934263135635108e+00 1.567137552248021315e+00 1.803530074713328490e+00 1.906825335199486160e+00 1.906856428255417901e+00 2.269499362911856277e+00 2.444459347798073168e+00 2.444776007572249554e+00 3.238995735922918229e+00 3.768308529697510068e+00 3.768702360779715654e+00 4.413745497466628365e+00 4.414045490610054578e+00 4.539501362969315501e+00 4.678154453917735545e+00
-4.074114802172114080e-01 -3.910693661496669193e-01 -3.910350513126091276e-01 2.912270024234197563e-01 2.912573425852240661e-01 4.862371872831804942e-01 5.169433920211577993e-01 5.169447391501544864e-01 5.526788324021151277e-01 5.526810285134350353e-01 6.170021821289531916e-01 6.829236493128383323e-01 6.829395027662011897e-01 7.459540752557768384e-01 7.459845184627249548e-01 7.784011875816032600e-01 7.806122682340098651e-01 8.412764279653200949e-01 8.544103964247814487e-01 9.837553516466041037e-01 9.839232550355326845e-01 1.184999460696599449e+00 1.262246290749543309e+00 1.262461587319516854e+00 1.363160488601162346e+00 1.363279686904361743e+00 1.369182183751093573e+00 1.566099944143697797e+00 1.566303290428298522e+00 1.804523208654984945e+00 1.908813377365937702e+00 1.908844918103226096e+00 2.267501239490158138e+00 2.444468487010847291e+00 2.444784968685420612e+00 3.239706308110199995e+00 3.764553146166194075e+00 3.764947346618768176e+00 4.418036936710667106e+00 4.418336870550456652e+00 4.591755659085648311e+00 4.634435186494163972e+00
-4.034222151815116120e-01 -3.878312199647951930e-01 -3.862439520129539172e-01 2.950264830015771889e-01 3.009319848790897312e-01 4.806719193472122620e-01 5.173060133497471291e-01 5.229195571230152995e-01 5.526865982732570570e-01 5.530295338778931091e-01 6.179919798134858588e-01 6.831873798657516206e-01 6.841979184387085855e-01 7.425652555868831328e-01 7.451146585588060978e-01 7.810844507443071016e-01 7.843116518590703690e-01 8.433565924605286312e-01 8.557434477678106388e-01 9.816141212811413386e-01 9.832352599735381116e-01 1.186381972120920780e+00 1.262110454103821056e+00 1.263816344870517749e+00 1.362988830133959439e+00 1.364164871243397803e+00 1.368534628394838970e+00 1.566202480518108286e+00 1.567099887462700902e+00 1.799291456738263850e+00 1.907845619111723456e+00 1.913954986139693171e+00 2.264746614008085857e+00 2.445013286821569931e+00 2.451624325152365280e+00 3.239122433850392113e+00 3.766421311139022787e+00 3.770119154690222629e+00 4.404622121437349769e+00 4.415931456973163804e+00 4.587381345474002892e+00 4.641541869313914326e+00
-3.935141574101441164e-01 -3.758274324574779612e-01 -3.715150413926642248e-01 3.059316305969660421e-01 3.279183593892447401e-01 4.707260474807194450e-01 5.183057391394608748e-01 5.318989678241400343e-01 5.540674886902701157e-01 5.558964477497274626e-01 6.210758532946989430e-01 6.838991277721263584e-01 6.873275334253073909e-01 7.360790178142374574e-01 7.422272285329606367e-01 7.828680824693678986e-01 7.973992209363280903e-01 8.496664940356288831e-01 8.596121261581849415e-01 9.753483217659104643e-01 9.815219921737422526e-01 1.189885457205624775e+00 1.261614177498514788e+00 1.268008128085210240e+00 1.362366238966001397e+00 1.362900121229427608e+00 1.370573398680425381e+00 1.566398423955467356e+00 1.569667414773646019e+00 1.786118183811499671e+00 1.904956731084725741e+00 1.926843884599997336e+00 2.256909970316649972e+00 2.445926492084279147e+00 2.471800038504941011e+00 3.237281469194499550e+00 3.771148806971384992e+00 3.786260286375067619e+00 4.368788457081304699e+00 4.409000748196626240e+00 4.574920057831646680e+00 4.658218856477275516e+00
-3.814464131932658875e-01 -3.504102000216166579e-01 -3.458294110858049497e-01 3.227222351217842733e-01 3.673017821289607521e-01 4.615466898698000198e-01 5.197112040277168665e-01 5.373857285665328831e-01 5.558218861028257907e-01 5.654002385028478184e-01 6.266927605553611613e-01 6.849316831118276161e-01 6.910196852084282693e-01 7.292782016763877939e-01 7.369487607522524630e-01 7.863651641873171672e-01 8.127214855202568033e-01 8.602244253439310651e-01 8.657157926511389601e-01 9.664166767659277957e-01 9.786343088721876082e-01 1.193925137383856860e+00 1.260955339850193146e+00 1.274925797109905057e+00 1.357286861946275014e+00 1.361250413762134404e+00 1.377366736933631097e+00 1.566741747938161566e+00 1.574112973452702180e+00 1.769120733475477270e+00 1.900268660117479635e+00 1.943498013822906767e+00 2.245086629501288122e+00 2.447381213256877075e+00 2.502369405684690573e+00 3.233885010120294279e+00 3.778951560917686692e+00 3.812349939933577403e+00 4.318830025613397794e+00 4.397668152666756924e+00 4.554856664890738038e+00 4.677734904432604424e+00
-3.670309623147045008e-01 -3.098474264976751047e-01 -3.071434737166700568e-01 3.438317233083458824e-01 4.126478395899447760e-01 4.555128762843123624e-01 5.212026980106170271e-01 5.438570475020823025e-01 5.582680511400337497e-01 5.760084843207109451e-01 6.354437965551824608e-01 6.860269376317081891e-01 6.943966794052105485e-01 7.222996578676131874e-01 7.295409895622978480e-01 7.912372106037779407e-01 8.280098006150818923e-01 8.737201653094899267e-01 8.745572265348958707e-01 9.565868218485864549e-01 9.745669309537539071e-01 1.196732664654525990e+00 1.260378097213868065e+00 1.284332969069551966e+00 1.349250775230302457e+00 1.359534174503706394e+00 1.386742998750792211e+00 1.567270187605040555e+00 1.580552173368081847e+00 1.751027526353492458e+00 1.893972610561550862e+00 1.961234846650323327e+00 2.230753158583459683e+00 2.449287965133462031e+00 2.539809618834744764e+00 3.228373841237229147e+00 3.789721423338310746e+00 3.846958889863292264e+00 4.261394492813818324e+00 4.382258881255470584e+00 4.527647761159875550e+00 4.696372171371537618e+00
-3.493226329267873909e-01 -2.518226942827133108e-01 -2.499403954582839205e-01 3.677603372340641497e-01 4.415697439606910413e-01 4.699552720908970471e-01 5.224423095354252533e-01 5.544839839113617774e-01 5.613610314523942435e-01 5.841936131617739836e-01 6.469840462658571489e-01 6.867428158581486697e-01 6.971396591243291807e-01 7.150771097462792492e-01 7.208715533612954918e-01 7.964434673585696345e-01 8.424890192874957551e-01 8.833106569602495739e-01 8.913022562871083521e-01 9.479675202013745361e-01 9.694163324914656377e-01 1.197000395340237056e+00 1.260183908121739416e+00 1.295623443755681503e+00 1.339358740489306365e+00 1.357097602562771232e+00 1.397783387265275845e+00 1.568020016554653839e+00 1.588949165241001271e+00 1.733401123568124147e+00 1.886337994055394374e+00 1.978399666014232006e+00 2.215589385543673462e+00 2.451529402047753159e+00 2.580592397292020390e+00 3.219941934411666651e+00 3.803278301459621868e+00 3.887620028688256291e+00 4.201875288908867745e+00 4.363232121096245031e+00 4.494454288748554127e+00 4.712550613524105536e+00
-3.280311523495192394e-01 -1.659328743976951626e-01 -1.569058766003360028e-01 3.933277495436489080e-01 4.421556278193423672e-01 5.099363575922066794e-01 5.231158647312430521e-01 5.650341101462313942e-01 5.674953522055523614e-01 5.931538082444468563e-01 6.590084027117778520e-01 6.862785869979129982e-01 6.990910276307165105e-01 7.086139251078218404e-01 7.123081303757683447e-01 8.006062128045186022e-01 8.564897748311766090e-01 8.940662107780644741e-01 9.079191019156913622e-01 9.435577096530961549e-01 9.634751467544993009e-01 1.194083047071311743e+00 1.260698033439439536e+00 1.307228035860469761e+00 1.328763058796076590e+00 1.353822212347687293e+00 1.409570662305885236e+00 1.569017330445727998e+00 1.598975152059279203e+00 1.717216895466731064e+00 1.877713251145290085e+00 1.993822583692311134e+00 2.201298471692627157e+00 2.453969892983957735e+00 2.621762112834979064e+00 3.207690826635985371e+00 3.819347036037989085e+00 3.930081119670464584e+00 4.145702179405170718e+00 4.341188721585422350e+00 4.457501713225146212e+00 4.725647848848065991e+00
-3.031828218362806471e-01 1.052533090810933575e-01 1.257217227916228863e-01 4.197289027591085131e-01 4.421899317512623107e-01 5.229376769001375935e-01 5.401876296782183173e-01 5.694378772794326249e-01 5.728228350575716998e-01 6.141255502460342131e-01 6.673393818813158074e-01 6.833658160583877539e-01 7.009426014904122093e-01 7.052655786357223677e-01 7.057635542453857269e-01 8.021987064213828011e-01 8.713981766045828525e-01 9.054215205785336451e-01 9.200159868402290053e-01 9.480601647364664819e-01 9.573142682173594320e-01 1.187807401440567956e+00 1.262225614761870007e+00 1.309360726853219692e+00 1.326799656641129754e+00 1.349614873596290066e+00 1.421204960080002744e+00 1.570263416164639159e+00 1.609925571567271563e+00 1.703143166965570776e+00 1.868524983754478175e+00 2.006689342055397951e+00 2.189335141192515710e+00 2.456464738189842123e+00 2.661213431385606398e+00 3.190945448662160899e+00 3.837517398243002642e+00 3.966375857968404972e+00 4.100121346168394076e+00 4.316890779666339384e+00 4.420444591728378114e+00 4.735456831340117745e+00
-2.750738221645699366e-01 2.243262259426598570e-01 2.365129791047808627e-01 4.437733641309700716e-01 4.462616279261877872e-01 5.216767941716751178e-01 5.580649237421062558e-01 5.692103599480665688e-01 5.751542915853196103e-01 6.414458721167024535e-01 6.691788877172217820e-01 6.776652814171839623e-01 7.023146696948320278e-01 7.032613483477518912e-01 7.078174964928591884e-01 7.996724195619555609e-01 8.897290549026355411e-01 9.166491964468872489e-01 9.272473462722384818e-01 9.517534306681808554e-01 9.614920078000658288e-01 1.178176183803983479e+00 1.264999482022552302e+00 1.297553006354101202e+00 1.337684740142885520e+00 1.344433427961795546e+00 1.431938271140157370e+00 1.571718740140520376e+00 1.620757356802437821e+00 1.691647941780207720e+00 1.859272945935881438e+00 2.016656969941357236e+00 2.180564774746679202e+00 2.458869203951651095e+00 2.697651934490580938e+00 3.169679842867882957e+00 3.857182282159348219e+00 3.981585118807453583e+00 4.076948458715955681e+00 4.291301967153709818e+00 4.388689509944433631e+00 4.742019000138411933e+00
-2.444324519212348057e-01 2.960938778824651618e-01 3.042698053111832501e-01 4.467243316791062457e-01 4.713243835695266615e-01 5.193965851065550643e-01 5.581553638336067547e-01 5.706122122132146757e-01 5.836826705863843445e-01 6.560697321917707825e-01 6.711167793219794397e-01 6.746011020425121130e-01 7.008240257526381356e-01 7.021148835592364579e-01 7.166795272105872527e-01 7.917528687868076176e-01 9.137264739040845685e-01 9.269579542879122780e-01 9.349475543313723325e-01 9.475996153874862715e-01 9.771659640594496654e-01 1.165168212991584795e+00 1.269119938862595776e+00 1.284130354315254463e+00 1.338318979229500272e+00 1.349166543767408522e+00 1.441232073236753619e+00 1.573290082623524544e+00 1.630274902283905147e+00 1.683034316763285299e+00 1.850516855655283566e+00 2.023946542257576642e+00 2.175023782478000545e+00 2.461046814188503795e+00 2.730307239943873032e+00 3.144921495050430504e+00 3.877442641517689026e+00 3.971358091277637836e+00 4.075539262690540454e+00 4.265661554570885805e+00 4.368646708211918472e+00 4.745617610351415827e+00
-2.127949317892337822e-01 3.469394205227286920e-01 3.506901403401133099e-01 4.505776850010107526e-01 4.904275405433062840e-01 5.175508880581553006e-01 5.459331690231362666e-01 5.765912680731127837e-01 5.976613869441504967e-01 6.554351768220713081e-01 6.657956403833646952e-01 6.870735253944942889e-01 6.999748628631978775e-01 7.007314611015111883e-01 7.241059662558835264e-01 7.779495380727214915e-01 9.356201991052810474e-01 9.373519027108759838e-01 9.452183898316007804e-01 9.500430040854282998e-01 9.914215412332115784e-01 1.148739456242415358e+00 1.271630735730550965e+00 1.274481331252546257e+00 1.331451786703246709e+00 1.359118088749726505e+00 1.448733237831504761e+00 1.574827617527924106e+00 1.637448858179233246e+00 1.677407774133089502e+00 1.842849468976538452e+00 2.029150982688320504e+00 2.172029049457281591e+00 2.462876491142664825e+00 2.758495066960866993e+00 3.118969409167172913e+00 3.896970523309873258e+00 3.956276062234820756e+00 4.072347210667153661e+00 4.241602166548702257e+00 4.363670233278972965e+00 4.746819275283025164e+00
-1.831629808426409878e-01 3.815434159682090098e-01 3.819388305344336709e-01 4.546548312751240162e-01 4.967097937595588708e-01 5.201967741614796914e-01 5.330922155872812596e-01 5.799150213911156149e-01 6.179634143727547047e-01 6.534541980306219910e-01 6.632480834611373943e-01 6.934319027836799432e-01 6.990872144054587345e-01 7.022357393427052230e-01 7.280045392108811519e-01 7.591087297131436928e-01 9.420130516376014063e-01 9.444027346073672335e-01 9.469815398118225369e-01 9.812932863335944722e-01 1.002693247640836782e+00 1.129211730476611608e+00 1.261474140464789784e+00 1.280645021488084234e+00 1.324272219389253102e+00 1.366759208713458795e+00 1.454220236739877992e+00 1.576139611252916906e+00 1.641845133216991881e+00 1.674488093268252209e+00 1.836850449994588130e+00 2.032800476149231095e+00 2.170631645178113800e+00 2.464258335728827021e+00 2.781114023825904003e+00 3.095336073362520146e+00 3.913861579196839191e+00 3.946877516604857306e+00 4.060556446458289948e+00 4.221281808894556065e+00 4.369512089831972368e+00 4.746485237113141409e+00
-1.607269792498114691e-01 4.001754007677375546e-01 4.021407148243195118e-01 4.579253202951805712e-01 4.944539951794921784e-01 5.232842662791842292e-01 5.246287686768310587e-01 5.814349410736182611e-01 6.375107880534740534e-01 6.523080781709812426e-01 6.668142590904601041e-01 6.937896685216414783e-01 6.973095450629093195e-01 7.065234541303728744e-01 7.290865331404624561e-01 7.386719014567273423e-01 9.439571199484929620e-01 9.463249968359926934e-01 9.522918839595857499e-01 1.008440709915225053e+00 1.013025056494084586e+00 1.108815713438452200e+00 1.254840244093976542e+00 1.286477002786005741e+00 1.317868527059138151e+00 1.371566537804552954e+00 1.457559516990469595e+00 1.577028787634578544e+00 1.643901596071974502e+00 1.673425767608246462e+00 1.833020028506417765e+00 2.035067685559672324e+00 2.170065795388659957e+00 2.465117999892554312e+00 2.796281792418533474e+00 3.078356805856889089e+00 3.925656882526228575e+00 3.943555665413230216e+00 4.047368565806412910e+00 4.207350473229335641e+00 4.377515893896375410e+00 4.745659655624478113e+00
-1.520973949783825940e-01 4.064907498917108564e-01 4.088291414386079903e-01 4.591974762070610838e-01 4.927364954592261537e-01 5.196856560639601108e-01 5.261765072504978047e-01 5.818557152271416344e-01 6.439659080978271666e-01 6.519659163930562329e-01 6.749247567904066436e-01 6.935717835168027090e-01 6.943576619461490074e-01 7.083765214237841557e-01 7.277996976846129451e-01 7.291140543013153730e-01 9.440467891934466449e-01 9.476175562803104135e-01 9.541339992617209331e-01 1.011799718784271773e+00 1.026954589532891093e+00 1.097628991864618708e+00 1.252533819565849971e+00 1.289247417716805844e+00 1.314915490909620788e+00 1.373207709528149190e+00 1.458679995925470152e+00 1.577344145753152516e+00 1.644456897727696765e+00 1.673214447725922316e+00 1.831702163447713971e+00 2.035851549909265312e+00 2.169916913789780022e+00 2.465409705090646053e+00 2.801714099596032792e+00 3.072103951381347287e+00 3.929945242668678951e+00 3.943147409949652626e+00 4.041637756506005985e+00 4.202337431154238523e+00 4.380961425490189853e+00 4.745259669345790243e+00
-1.299729990333222118e-01 4.003436159631770241e-01 4.091976159282963987e-01 4.614417736484207611e-01 4.987333362099441447e-01 5.194035985678190359e-01 5.270950801012216358e-01 5.823230586882636173e-01 6.368028211255353233e-01 6.582546061584746422e-01 6.763271428861304946e-01 6.875316167885335839e-01 7.017899834140232107e-01 7.078567420111304687e-01 7.311160267824066139e-01 7.328114456353282957e-01 9.341606169492667755e-01 9.444599419470350865e-01 9.552299626316212988e-01 1.009589943678594892e+00 1.026256133646946678e+00 1.101398471796288137e+00 1.251411331798170545e+00 1.287674526293608901e+00 1.318224881661228753e+00 1.374590408142604359e+00 1.457200301394834030e+00 1.578479512946732388e+00 1.644182999280333846e+00 1.670859579122127458e+00 1.834273185616930313e+00 2.035844954396511142e+00 2.167275268958393841e+00 2.465022354464881271e+00 2.806535429301075357e+00 3.070255072578626176e+00 3.908150977680854066e+00 3.972976887780567345e+00 4.028369509645266078e+00 4.214653679454890778e+00 4.380188235323333679e+00 4.736220899609095980e+00
3.914319608819759322e-02 3.910709938438576838e-01 4.050109006018020041e-01 4.687374229803707992e-01 5.104193832951295917e-01 5.203731035646171899e-01 5.308638484498404697e-01 5.835742016547218469e-01 6.277224199082167555e-01 6.639852703953256219e-01 6.800629397873595439e-01 6.827383918826558373e-01 7.010328424187556307e-01 7.162153600521209418e-01 7.407401222741309965e-01 7.430094510529877683e-01 9.154096632509621800e-01 9.358645761447161870e-01 9.492774320116552644e-01 1.003622274297220507e+00 1.023980903633655792e+00 1.111961508930670028e+00 1.247989423086637517e+00 1.283327306834042281e+00 1.327449195069702936e+00 1.378364206334372399e+00 1.452934830584935666e+00 1.581751251850103790e+00 1.643271971564644884e+00 1.664523948965400013e+00 1.840855898638838806e+00 2.036240822409914664e+00 2.159353725815289948e+00 2.464493048964742528e+00 2.820138751436325197e+00 3.064558447499230009e+00 3.888141279051816834e+00 3.997073579955277456e+00 4.017569968220504606e+00 4.242436577357282523e+00 4.378287037336051846e+00 4.709385531965053495e+00
1.763211917845332877e-01 3.820260950275632950e-01 4.016787297918174016e-01 4.776637981726228332e-01 5.156754755188108774e-01 5.293957468251369036e-01 5.382375364330385104e-01 5.854208788857565571e-01 6.194253992314450175e-01 6.669059386367032216e-01 6.773991979763490656e-01 6.839431114256921962e-01 6.968104069081992868e-01 7.308961781373771727e-01 7.542785257355868467e-01 7.583399771452150606e-01 8.941690221435413255e-01 9.237387450032774616e-01 9.342456098418694399e-01 9.961687700286806502e-01 1.019745038842968077e+00 1.127372792148931602e+00 1.242143179115421381e+00 1.276914972030189777e+00 1.341008440948542546e+00 1.383598921694175976e+00 1.446308296354841705e+00 1.586869554967499818e+00 1.641469328606230738e+00 1.655832572900319155e+00 1.848978278408582199e+00 2.038026145917474441e+00 2.146391563283659210e+00 2.465080802640906565e+00 2.840534101133857625e+00 3.054571487253579853e+00 3.874440849652523777e+00 3.961636385612547606e+00 4.069976115589052590e+00 4.273465239882551003e+00 4.376523125568798633e+00 4.665698222714460996e+00
2.632532899001933657e-01 3.758314593749317312e-01 4.031164463933102904e-01 4.837741401947708297e-01 5.194117137872574785e-01 5.365393116916994387e-01 5.500410297859701370e-01 5.876401714765768780e-01 6.116582288207844664e-01 6.666339196379975629e-01 6.733745189633528749e-01 6.828784305123963838e-01 6.951524658038990001e-01 7.489712819680636180e-01 7.691627247211081375e-01 7.763234427920201464e-01 8.737411718540338823e-01 9.097843249051913439e-01 9.132727739691541835e-01 9.897401121382585210e-01 1.013778711614233385e+00 1.145406271018023725e+00 1.233809140007784189e+00 1.269247503544277178e+00 1.357031807836524662e+00 1.389171932334273718e+00 1.437804512086501729e+00 1.593600758743497492e+00 1.638263459862852933e+00 1.646629619377438125e+00 1.856403244754570858e+00 2.042215091546709438e+00 2.129290539473529087e+00 2.467461383283824361e+00 2.865735175099902943e+00 3.039638715077444875e+00 3.866311848424827335e+00 3.927605799265006414e+00 4.130444961826023054e+00 4.300672016243620277e+00 4.377100228257783776e+00 4.607043976416744790e+00
3.314120659594073648e-01 3.736273488804821019e-01 4.125123680082037336e-01 4.849827120311954731e-01 5.220144581759436075e-01 5.382814850558179653e-01 5.636894658032084449e-01 5.896134556249518210e-01 6.045533650801819814e-01 6.634829177160406211e-01 6.679529693067071117e-01 6.826674777032976094e-01 6.933988591638799992e-01 7.677989646269036683e-01 7.862375369734363462e-01 7.918462591488377722e-01 8.574802184188488052e-01 8.866790246166571521e-01 8.994522888450786624e-01 9.862837406720805777e-01 1.006836260113340931e+00 1.164167748238466471e+00 1.223160620332770732e+00 1.261407014269702698e+00 1.373650635972528233e+00 1.394049870775379230e+00 1.427847370146736461e+00 1.601813037522475947e+00 1.632625459638674226e+00 1.639098104330003025e+00 1.861900710579017959e+00 2.049457574323856335e+00 2.109808315512493149e+00 2.471053677014454664e+00 2.894452562593173184e+00 3.019115380879604515e+00 3.862868299899736346e+00 3.899078761673724358e+00 4.196661868378884996e+00 4.319381623701491257e+00 4.382821277053553288e+00 4.536729356434072713e+00
3.693026715297695883e-01 3.745788574294980355e-01 4.390952498538709947e-01 4.824991102250434372e-01 5.139748932908229095e-01 5.385743433541714253e-01 5.778742090739464876e-01 5.901315044664137144e-01 5.985621596568793112e-01 6.605458212516821526e-01 6.623320961783000227e-01 6.828102425994259095e-01 6.906750332756509403e-01 7.828652810585842170e-01 7.970728476746452573e-01 8.084247174319194595e-01 8.474084364140509473e-01 8.643149017847068238e-01 8.900950332751613736e-01 9.872579509978307577e-01 9.996427912105404490e-01 1.181959315447735026e+00 1.210735279444330459e+00 1.255027650361321134e+00 1.389083550654364174e+00 1.397453884104883581e+00 1.416911169077167187e+00 1.611134495659533039e+00 1.625441628882396516e+00 1.633640092244640574e+00 1.865118172196265967e+00 2.059946447848161721e+00 2.090367882464428728e+00 2.474287006449605641e+00 2.926020657876946984e+00 2.992692810768050382e+00 3.863313113943667609e+00 3.878569216485800997e+00 4.263643133779350336e+00 4.328331435278559347e+00 4.394036158462165886e+00 4.461199896557932476e+00
3.754044625310525296e-01 3.778572754233030517e-01 4.619062667235527275e-01 4.900032696195658066e-01 4.938401314709034984e-01 5.390507970047327957e-01 5.879301031534142075e-01 5.883920057148017690e-01 5.944156505854379935e-01 6.595448738947263800e-01 6.597368399165913777e-01 6.821340742707953098e-01 6.895888007825475841e-01 7.916244078635272796e-01 7.940242076997826581e-01 8.303268934580551042e-01 8.311687631095917572e-01 8.577603021889235180e-01 8.860773073779493192e-01 9.918561166447958932e-01 9.933686660317125883e-01 1.195823436258308892e+00 1.198702704832949939e+00 1.252389624684830505e+00 1.398753273804246078e+00 1.399061517718698022e+00 1.408459778770775994e+00 1.619150649199957215e+00 1.619600205380568481e+00 1.630335072427662180e+00 1.866139827863737111e+00 2.073221427260711458e+00 2.073747321469916471e+00 2.475568104314576523e+00 2.957162921022430169e+00 2.963314030589468295e+00 3.866757619128676104e+00 3.868189162070580167e+00 4.305907657663756716e+00 4.330601835566708857e+00 4.406656498336271710e+00 4.407759501515156053e+00
3.716122992106453693e-01 3.761121810766367979e-01 4.533202032443113261e-01 4.651199934256741719e-01 5.158055794261227067e-01 5.402734908727423457e-01 5.849554208407100608e-01 5.866358879552315830e-01 5.980682767849286874e-01 6.604768539215810641e-01 6.607303676173327256e-01 6.828030898679052774e-01 6.895849328569416681e-01 7.856251748311772198e-01 7.960491598113867973e-01 8.126957949128974512e-01 8.467246956659753021e-01 8.585687195603020072e-01 8.902975144532884189e-01 9.863342629008294837e-01 9.988657766759422296e-01 1.185472421433978907e+00 1.208023721638364911e+00 1.254637078036287212e+00 1.391068202661162267e+00 1.398698310354543173e+00 1.414204834922112797e+00 1.616060136805094860e+00 1.619182590563492674e+00 1.634114511527378077e+00 1.865718346301306729e+00 2.061770621698738370e+00 2.086412209707613652e+00 2.475103451618761774e+00 2.928208606610945619e+00 2.991626258831542984e+00 3.867018497718418768e+00 3.873709020794567248e+00 4.267051768121737254e+00 4.328442272222446263e+00 4.417061343370333404e+00 4.434182970369198173e+00
3.592129584298495715e-01 3.673453966803196802e-01 4.360811959448279707e-01 4.396856952729937817e-01 5.274619767719379571e-01 5.418967073250872124e-01 5.779308522021627814e-01 5.886340195235442163e-01 6.006210890053068630e-01 6.620844612207644753e-01 6.626208809655244059e-01 6.874481545744580702e-01 6.899045987238887623e-01 7.774803971135678671e-01 7.929004770411883785e-01 7.974367297420008605e-01 8.578913083306708431e-01 8.592230859712518543e-01 9.016508902765707489e-01 9.797385088502847950e-01 1.003498397923481278e+00 1.174757123115310886e+00 1.217412689770188239e+00 1.260688924179678816e+00 1.379244208756289058e+00 1.397325729536059713e+00 1.420546108818498299e+00 1.613731500772610961e+00 1.614712248623961566e+00 1.641532746852945257e+00 1.864683576561391165e+00 2.052385032572884072e+00 2.099461929184494924e+00 2.473801767321094580e+00 2.893891051736832587e+00 3.023877249845164261e+00 3.874834687238624120e+00 3.883384380202487218e+00 4.200242285614723237e+00 4.322090577947128587e+00 4.425351926188543672e+00 4.487049068455279510e+00
3.360050522072116630e-01 3.417344888365786426e-01 4.142082566560409407e-01 4.256987494942652828e-01 5.295354098391577002e-01 5.400486249479433676e-01 5.691365476046575944e-01 5.915940133342982854e-01 6.000723658471200928e-01 6.621954275030816905e-01 6.635700890112558037e-01 6.906850005768847556e-01 6.980347596943076161e-01 7.680560484035646729e-01 7.848266221146946720e-01 7.870818254714581075e-01 8.598891333430841444e-01 8.658833106617376263e-01 9.151945006117375714e-01 9.725516530063332832e-01 1.004495385467399471e+00 1.165953199939588014e+00 1.227752745438748461e+00 1.268660418568552162e+00 1.366580053172256726e+00 1.394863741113356870e+00 1.424566527381289971e+00 1.606584546108402733e+00 1.614698522078854337e+00 1.649390122154762217e+00 1.863494944419741062e+00 2.045179247864186145e+00 2.112534391499566677e+00 2.471800079846291798e+00 2.857728012048438515e+00 3.056273270190505986e+00 3.890220618571473832e+00 3.896691163338802166e+00 4.132928403060640576e+00 4.311580782372887555e+00 4.432321704551753783e+00 4.539628930910559745e+00
2.966167895600144155e-01 2.997156126458490055e-01 3.966787297594678297e-01 4.161062351216683886e-01 5.226999768243455469e-01 5.401375956935331457e-01 5.590904943126981941e-01 5.913410835231808216e-01 5.969167828099587458e-01 6.605765427243783794e-01 6.643037702083041118e-01 6.920649513500358729e-01 7.079010656743800478e-01 7.599465646337508762e-01 7.734185373817162867e-01 7.806064405227173264e-01 8.618630896661505503e-01 8.718559949359528938e-01 9.266211436842654026e-01 9.647344755894710078e-01 1.001011908713269172e+00 1.160130749096776270e+00 1.240160724016855731e+00 1.276857802310363610e+00 1.353530970287434743e+00 1.391446060520579842e+00 1.426175262936368870e+00 1.598704587979250524e+00 1.615132459152614830e+00 1.657445558416179798e+00 1.862736837085224417e+00 2.039503533094728205e+00 2.125693474877922817e+00 2.469261528300677355e+00 2.820276298380758551e+00 3.087771231438416031e+00 3.911234618969974708e+00 3.913298543216303216e+00 4.071666244472695873e+00 4.297516803331586033e+00 4.438841706965808598e+00 4.587075026331727479e+00
2.349912508578405335e-01 2.488757414629835796e-01 3.748818120052242464e-01 4.103429919100957113e-01 5.101914178125925847e-01 5.416218949326569998e-01 5.484386823730443838e-01 5.878984903495044767e-01 5.917363343413903909e-01 6.596108010593536575e-01 6.639427586619808253e-01 6.937141336501340128e-01 7.100919011805156833e-01 7.555667770133709382e-01 7.596369906410206374e-01 7.769631670835285275e-01 8.659258522041340944e-01 8.761623115695503783e-01 9.337258968961736905e-01 9.564806069016649204e-01 9.936211899829973104e-01 1.158061277624959695e+00 1.254339580680684074e+00 1.284337307186758981e+00 1.340351236117230505e+00 1.387268542003197158e+00 1.425512673996417456e+00 1.590799752583417881e+00 1.615031794257300701e+00 1.665953481653259072e+00 1.863028913146826948e+00 2.034432140751358808e+00 2.139075406481146580e+00 2.466358847536022303e+00 2.781905123592579798e+00 3.117338826913270911e+00 3.928721085983460259e+00 3.934809340587631876e+00 4.023483403753309595e+00 4.282008117301614902e+00 4.445708163417374514e+00 4.627621136453493378e+00
1.483014243162174006e-01 1.786459531318264071e-01 3.426345096026360282e-01 4.070920461487390063e-01 4.946127488110878545e-01 5.377113667923238971e-01 5.420424783677085800e-01 5.834036083323076438e-01 5.849126770472831138e-01 6.599231734485090373e-01 6.614752403063145492e-01 6.954029946138116092e-01 7.054870346859095642e-01 7.445662468885898555e-01 7.507163918308622508e-01 7.770963201957312716e-01 8.713201822438070288e-01 8.790393328472264622e-01 9.357043509987633678e-01 9.484370887979699516e-01 9.839386666709528662e-01 1.159845337579495039e+00 1.269062550183775340e+00 1.290859093124245627e+00 1.327225764912474126e+00 1.382595150985049592e+00 1.422777797705583991e+00 1.583514349336808014e+00 1.613582121482060483e+00 1.675239670863433172e+00 1.864863766651278842e+00 2.028977197564567625e+00 2.152836820416504704e+00 2.463261509639172342e+00 2.742847245400707568e+00 3.144052676098795462e+00 3.924515619530994037e+00 3.954977809673718703e+00 4.008840884582482111e+00 4.269443371899325435e+00 4.453485155862512812e+00 4.660389984747616232e+00
-1.002736425789020336e-01 4.001999029343560055e-02 2.958415760399170091e-01 4.049173349964478308e-01 4.769002876114986633e-01 5.269614724409249495e-01 5.407972761846734366e-01 5.764551656739416163e-01 5.800584786754625632e-01 6.545658226957158377e-01 6.610552019047539751e-01 6.967232159061829133e-01 6.987014899716555982e-01 7.308740634741502928e-01 7.424888123200295009e-01 7.796115110098599255e-01 8.755187771841110855e-01 8.805759365326577548e-01 9.329902713735565012e-01 9.415135705371607822e-01 9.743566097735061327e-01 1.164794268366040386e+00 1.281900933890538941e+00 1.297515663010740949e+00 1.314316438341864846e+00 1.377777326028843730e+00 1.418212519488652790e+00 1.577349774529849702e+00 1.610347148388058036e+00 1.685591820107550376e+00 1.868431890628361680e+00 2.022273206929380507e+00 2.167092003462060212e+00 2.460125742587645714e+00 2.703281322692714816e+00 3.167237699920206317e+00 3.895462645240662436e+00 3.964716353161442441e+00 4.033171767436963151e+00 4.266126897472863000e+00 4.462559734734525385e+00 4.684982941184752114e+00
-2.001037055882551596e-01 -1.664523235326605954e-01 2.288520014708460004e-01 4.015618718151059974e-01 4.592523873029463743e-01 5.154368256664939585e-01 5.387142240580951036e-01 5.663509709486214128e-01 5.781955157487035368e-01 6.404771195781255866e-01 6.614857418804486189e-01 6.924274432947399305e-01 6.968124551552059565e-01 7.227883016908441816e-01 7.327748639119595619e-01 7.821415378123873774e-01 8.752347149072580157e-01 8.804804593060902018e-01 9.266135120537454251e-01 9.369222960070877626e-01 9.676630746401978511e-01 1.171700179389212781e+00 1.288602682585518355e+00 1.301729253981362300e+00 1.307597002301277511e+00 1.373255660114394150e+00 1.412116087015621746e+00 1.572584275418784427e+00 1.605361423126443476e+00 1.697215072373093658e+00 1.873540347575206599e+00 2.013695465205260771e+00 2.181847616131751266e+00 2.457087321437084082e+00 2.663444106442328874e+00 3.186570148993352891e+00 3.864045693236646262e+00 3.958463869222774711e+00 4.073384938264523747e+00 4.276718807756901164e+00 4.473282557690998473e+00 4.701342174302740595e+00
-2.596299655084466917e-01 -2.347039300746338875e-01 1.195623867366772536e-01 3.927998057155910883e-01 4.466718684089130975e-01 5.010641115865887008e-01 5.371123861736530891e-01 5.545441100076359264e-01 5.768626560026679506e-01 6.201311262849193984e-01 6.586653288624384484e-01 6.888233663402004714e-01 6.951838050370119371e-01 7.219563187115490832e-01 7.238648815360496647e-01 7.838910082286838499e-01 8.685383648935246503e-01 8.783517158455947937e-01 9.164883423924933270e-01 9.368566044090370637e-01 9.655724363832647317e-01 1.179204795623411739e+00 1.289365243190576438e+00 1.289974489888539910e+00 1.320014427937707957e+00 1.369487086867524850e+00 1.404857400938977818e+00 1.569254386271393908e+00 1.599057482917341844e+00 1.710209188262078905e+00 1.879684234318345748e+00 2.002912788657781551e+00 2.196947763435273870e+00 2.454257155590849226e+00 2.623751267444017987e+00 3.202092625680033056e+00 3.837002288905451142e+00 3.936894635901109218e+00 4.121149557909994599e+00 4.299666516398549909e+00 4.486083090649551686e+00 4.709678193105832023e+00
-3.029403175406471527e-01 -2.825913302876905675e-01 -1.554559511795951254e-01 3.760906619931285721e-01 4.429970636887976543e-01 4.798184201541847993e-01 5.367059333078740835e-01 5.422356611428019724e-01 5.747793864615294845e-01 5.991536750040493686e-01 6.513099075447210673e-01 6.882714565126153428e-01 6.929789223364821726e-01 7.178290841496639541e-01 7.254584532262052798e-01 7.847617564874588281e-01 8.563791123738249134e-01 8.743557158693073816e-01 9.036143193333112666e-01 9.413398968419367518e-01 9.673383716546393174e-01 1.185987028476414018e+00 1.279353291352293143e+00 1.286859539425173615e+00 1.332078411625991610e+00 1.366789215601875274e+00 1.396874684375868148e+00 1.567200065957369270e+00 1.592083852003563615e+00 1.724550699061092596e+00 1.886219975068291754e+00 1.989895457041427562e+00 2.212044299495662614e+00 2.451719521212769592e+00 2.584903093198193780e+00 3.214136489186182555e+00 3.815131893371742411e+00 3.905557295287792829e+00 4.173338696125547642e+00 4.328577384491819835e+00 4.501446352119262251e+00 4.710428689304912098e+00
-3.359752163733650820e-01 -3.186157064523609250e-01 -2.462120474329090591e-01 3.552090079578867909e-01 4.457910607147881898e-01 4.483370747087609409e-01 5.320376158059829663e-01 5.374573487126793614e-01 5.708706323007217698e-01 5.823078528208840421e-01 6.415190666820413945e-01 6.883109875586883586e-01 6.907568122376075426e-01 7.163689550508545167e-01 7.305604659198261519e-01 7.848183243809940812e-01 8.411858766482843697e-01 8.691348282933898384e-01 8.895066201475685386e-01 9.490249071270576708e-01 9.710101983112061630e-01 1.190807343698414567e+00 1.270754550075411160e+00 1.282300012211222029e+00 1.342715397402098887e+00 1.365219427676768182e+00 1.388663955986116916e+00 1.566145097531848718e+00 1.585119070075345249e+00 1.740068268386915973e+00 1.892535369549024127e+00 1.974906049086037729e+00 2.226603797148604791e+00 2.449532661373517772e+00 2.547948871529630122e+00 3.223193915206632898e+00 3.798056712826384906e+00 3.870494601345137564e+00 4.227528430112475810e+00 4.356931811665840648e+00 4.519570759873005272e+00 4.704256328896067707e+00
-3.613562568683322263e-01 -3.459515651091453758e-01 -3.049087320581780336e-01 3.345028743214643607e-01 4.083389997783846703e-01 4.523786039939817205e-01 5.251518046102737758e-01 5.386247294034056665e-01 5.645800985553137696e-01 5.702880106771344160e-01 6.321331860015726445e-01 6.872565304165787481e-01 6.885676933747199024e-01 7.196615846338643152e-01 7.358294031794954115e-01 7.841941155091639581e-01 8.250331061501464669e-01 8.630920380045770113e-01 8.759781670888291405e-01 9.583709576225244442e-01 9.750814017829458891e-01 1.192712573315873659e+00 1.264977208654906482e+00 1.276741803860918179e+00 1.351500414055267552e+00 1.364626611165151493e+00 1.380763254752478408e+00 1.565777350061852369e+00 1.578749699421250652e+00 1.756392517473769121e+00 1.898149214504354587e+00 1.958505724296118577e+00 2.239953412846312109e+00 2.447731479032345003e+00 2.514282407067327529e+00 3.229794048981064591e+00 3.785148703894480882e+00 3.836432703382329557e+00 4.281250032630308233e+00 4.380558131034018921e+00 4.539682670762183569e+00 4.692120553683372997e+00
-3.805879111559093420e-01 -3.661659400501496298e-01 -3.455865819443678100e-01 3.165162619860571458e-01 3.660670871803593518e-01 4.610187013593443628e-01 5.209246342550278852e-01 5.382478364164985374e-01 5.571646493451833937e-01 5.620206977144718286e-01 6.249236413219368957e-01 6.856108937968196093e-01 6.864771526567504667e-01 7.261628588497276438e-01 7.403675046255597803e-01 7.831126840967189695e-01 8.092984756343246655e-01 8.559327680094058755e-01 8.654452511266795822e-01 9.678887232922482875e-01 9.787269968304297407e-01 1.191641668336691939e+00 1.262248467911884831e+00 1.271178444094834603e+00 1.358075079663987328e+00 1.364892810668798528e+00 1.373740143357756072e+00 1.565806685897708439e+00 1.573420861229195777e+00 1.772838166404152149e+00 1.902735840246450705e+00 1.941625702555169752e+00 2.251357230143693045e+00 2.446332004668532623e+00 2.485546883720164857e+00 3.234416290975152819e+00 3.775792363297682197e+00 3.806797496410133430e+00 4.331700017047904083e+00 4.397985135143262170e+00 4.559644569337283571e+00 4.675503963791753037e+00
-3.946998349601401612e-01 -3.801288986659245861e-01 -3.721968255363622968e-01 3.027613156518286219e-01 3.280366204649569628e-01 4.710114601919475619e-01 5.185102527938485473e-01 5.324005964666151947e-01 5.530034667270282700e-01 5.566476736491927646e-01 6.202741631037319570e-01 6.841593303527907510e-01 6.846641428122156592e-01 7.342181910123845023e-01 7.436124553733400866e-01 7.819023411074935703e-01 7.949945595566244583e-01 8.483785668242261879e-01 8.590767967499225444e-01 9.761392663536846426e-01 9.815329260694567459e-01 1.188814463006723665e+00 1.261749291939847417e+00 1.266496141578776102e+00 1.361777494305538294e+00 1.366236808703334749e+00 1.368239669717504325e+00 1.565996313208364521e+00 1.569436763764857856e+00 1.788129433005357871e+00 1.906102653073978859e+00 1.925796080338055161e+00 2.260108057324059949e+00 2.445337032018731094e+00 2.463445811277304109e+00 3.237445123469339769e+00 3.769478218902894806e+00 3.784016705305718986e+00 4.375240223813355200e+00 4.409525717482496887e+00 4.576557442882364768e+00 4.656953531517305400e+00
-4.040066455129354139e-01 -3.883360339123114735e-01 -3.866466249691189461e-01 2.941684741282644677e-01 3.010804556432667978e-01 4.809746038831764769e-01 5.173045402540377147e-01 5.225389295900755293e-01 5.525349879126629782e-01 5.536426698546399461e-01 6.177797302848606620e-01 6.832372090818050747e-01 6.833963559682638689e-01 7.420807904696461454e-01 7.454125083899768578e-01 7.809425391057103205e-01 7.835153903399385555e-01 8.430905386689879766e-01 8.555784410531933615e-01 9.817810238634421260e-01 9.832890266086066200e-01 1.186095158524598681e+00 1.262143479244086430e+00 1.263393930940788668e+00 1.362980345058571574e+00 1.364435798754116247e+00 1.368390596155844019e+00 1.566170986387655395e+00 1.566988741634920412e+00 1.799886686754441856e+00 1.908150582378395077e+00 1.913616196113246071e+00 2.265618918808808058e+00 2.444740814267725160e+00 2.449487752929855322e+00 3.239154399027294406e+00 3.765832801483615988e+00 3.769725134877210504e+00 4.406484524496610433e+00 4.416022680251534993e+00 4.587817126889734531e+00 4.641040861255463668e+00
-4.074114802172114080e-01 -3.910693661496669193e-01 -3.910350513126091276e-01 2.912270024234197563e-01 2.912573425852240661e-01 4.862371872831804942e-01 5.169433920211577993e-01 5.169447391501544864e-01 5.526788324021151277e-01 5.526810285134350353e-01 6.170021821289531916e-01 6.829236493128383323e-01 6.829395027662011897e-01 7.459540752557768384e-01 7.459845184627249548e-01 7.784011875816032600e-01 7.806122682340098651e-01 8.412764279653200949e-01 8.544103964247814487e-01 9.837553516466041037e-01 9.839232550355326845e-01 1.184999460696599449e+00 1.262246290749543309e+00 1.262461587319516854e+00 1.363160488601162346e+00 1.363279686904361743e+00 1.369182183751093573e+00 1.566099944143697797e+00 1.566303290428298522e+00 1.804523208654984945e+00 1.908813377365937702e+00 1.908844918103226096e+00 2.267501239490158138e+00 2.444468487010847291e+00 2.444784968685420612e+00 3.239706308110199995e+00 3.764553146166194075e+00 3.764947346618768176e+00 4.418036936710667106e+00 4.418336870550456652e+00 4.591755659085648311e+00 4.634435186494163972e+00
-1.520973949783825940e-01 4.064907498917108564e-01 4.088291414386079903e-01 4.591974762070610838e-01 4.927364954592261537e-01 5.196856560639601108e-01 5.261765072504978047e-01 5.818557152271416344e-01 6.439659080978271666e-01 6.519659163930562329e-01 6.749247567904066436e-01 6.935717835168027090e-01 6.943576619461490074e-01 7.083765214237841557e-01 7.277996976846129451e-01 7.291140543013153730e-01 9.440467891934466449e-01 9.476175562803104135e-01 9.541339992617209331e-01 1.011799718784271773e+00 1.026954589532891093e+00 1.097628991864618708e+00 1.252533819565849971e+00 1.289247417716805844e+00 1.314915490909620788e+00 1.373207709528149190e+00 1.458679995925470152e+00 1.577344145753152516e+00 1.644456897727696765e+00 1.673214447725922316e+00 1.831702163447713971e+00 2.035851549909265312e+00 2.169916913789780022e+00 2.465409705090646053e+00 2.801714099596032792e+00 3.072103951381347287e+00 3.929945242668678951e+00 3.943147409949652626e+00 4.041637756506005985e+00 4.202337431154238523e+00 4.380961425490189853e+00 4.745259669345790243e+00
-1.696381996480561538e-01 3.992118177164737935e-01 4.009204377581560008e-01 4.701367978832012295e-01 5.017368680134424164e-01 5.221524951956375560e-01 5.259290605812558805e-01 5.833504979195508477e-01 6.434688573195448402e-01 6.528492315517290256e-01 6.746822091081324801e-01 6.936802709213465423e-01 6.958026696978660830e-01 7.095881681806002206e-01 7.292012540723152858e-01 7.309833687331173113e-01 9.343377836986759277e-01 9.526219551109621486e-01 9.569649985587955765e-01 9.947661700542842489e-01 1.036389468450390927e+00 1.101000874153237552e+00 1.252364470382660855e+00 1.281892283926950871e+00 1.321568637253158984e+00 1.368479650834100392e+00 1.459523190952842997e+00 1.576499186691057153e+00 1.642300674487975343e+00 1.677216319584579729e+00 1.833212974760064506e+00 2.034378599239693663e+00 2.168921149120000003e+00 2.465272300467918676e+00 2.803716126841189649e+00 3.070786217220338621e+00 3.924087452691401801e+00 3.934233846659439315e+00 4.054684517689631562e+00 4.208425481398289314e+00 4.379371860572050856e+00 4.744267773523564102e+00
-2.096881110402840920e-01 3.839678343127869153e-01 3.889349785161077544e-01 4.884745196910114107e-01 5.220669964228037419e-01 5.251959682923428296e-01 5.302792724421794279e-01 5.877425857040190493e-01 6.419771800341149692e-01 6.553326714291645150e-01 6.750314383619098191e-01 6.916446468160920569e-01 6.997573273071754363e-01 7.156205544965136278e-01 7.295992190798832322e-01 7.392291079765876960e-01 9.238962835911173066e-01 9.479760487070852948e-01 9.666138330964094694e-01 9.684514369131558276e-01 1.040951706950846489e+00 1.110886317750568564e+00 1.251611392896392561e+00 1.268083644146397182e+00 1.333328409148360150e+00 1.355436712088574858e+00 1.461326991976299672e+00 1.574130287729290423e+00 1.638391670899343788e+00 1.686479955425369992e+00 1.837501212224182279e+00 2.030482127502131195e+00 2.165907413256953351e+00 2.464857719248722212e+00 2.809410087815648716e+00 3.066837689683771906e+00 3.908503312088794424e+00 3.917976782624728038e+00 4.082071793278929661e+00 4.224685105142139463e+00 4.375560279610955838e+00 4.741474013534990206e+00
-2.546653690598222886e-01 3.739482302573550188e-01 3.761511506174319286e-01 5.026664807222944731e-01 5.222792401559023245e-01 5.436316680036398230e-01 5.458189919677692847e-01 5.946822223570827903e-01 6.403412603268576753e-01 6.591880239178715684e-01 6.770844547819333537e-01 6.886830034882590601e-01 7.014799523471535458e-01 7.255256492330385276e-01 7.343255956174342680e-01 7.497843035422112612e-01 9.156700804030384333e-01 9.384013539049776975e-01 9.429822020382029324e-01 9.744443571936717285e-01 1.037128142139720266e+00 1.124634701740434117e+00 1.249679268239787922e+00 1.252978466195798779e+00 1.336385528718534221e+00 1.345208250739545530e+00 1.462998954895132986e+00 1.570670766859568301e+00 1.635384046031479244e+00 1.697773032793589376e+00 1.843907115457820600e+00 2.025505546869943885e+00 2.160882585088487851e+00 2.464168012130885099e+00 2.817936877917906813e+00 3.060340544877990787e+00 3.887412999685547099e+00 3.905549575475328883e+00 4.108760656521248222e+00 4.246843267938420929e+00 4.372506121642332211e+00 4.737359643035258472e+00
-2.959789947014241918e-01 3.649070425186895505e-01 3.729901724610683589e-01 5.123111539514416668e-01 5.178681960119314587e-01 5.569789139826515356e-01 5.652064513030035098e-01 6.033556483003399418e-01 6.411812511228769385e-01 6.643821382989725244e-01 6.793069261270665571e-01 6.868235168309669847e-01 7.014104264765017582e-01 7.267195948240322556e-01 7.535297402607303852e-01 7.598833893859044952e-01 9.110756561843721402e-01 9.155756455135422023e-01 9.308165710517039004e-01 9.801070051155739149e-01 1.028000777242595420e+00 1.138861242745967672e+00 1.237952482849117963e+00 1.245984291579911529e+00 1.313533633495119757e+00 1.356110151664493113e+00 1.464203011891793471e+00 1.566675679333565441e+00 1.633987059107177231e+00 1.709392761529147542e+00 1.851525469144900349e+00 2.021087603521078968e+00 2.154043576267422822e+00 2.463231850408603929e+00 2.828092251965645065e+00 3.051615477888116157e+00 3.864755680761974954e+00 3.901176747326701832e+00 4.124735422562479492e+00 4.270847454685987366e+00 4.374678245554040501e+00 4.732554968843338372e+00
-3.306168379824429016e-01 3.563578603297120062e-01 3.821421545726333413e-01 5.112189321843222389e-01 5.195290279106699050e-01 5.643363314755223126e-01 5.764796689197976276e-01 6.124653533678341422e-01 6.471972317204974789e-01 6.708342370302070590e-01 6.781500715123313094e-01 6.897696364119444423e-01 6.996099860919865465e-01 7.255880216994297083e-01 7.673508367548110831e-01 7.776204214194432085e-01 8.962128965876813291e-01 9.109643592687705071e-01 9.201302112786532428e-01 9.835185195128520741e-01 1.015716744779247449e+00 1.151742375373089322e+00 1.223861661609859652e+00 1.240362477726127954e+00 1.288916318687209239e+00 1.365573413397719760e+00 1.465166133936550263e+00 1.562685450742507198e+00 1.634026210078625585e+00 1.720207349011055209e+00 1.859381609444645367e+00 2.018588295574064162e+00 2.145864799540203816e+00 2.462126587568587599e+00 2.838573947476421999e+00 3.041377573736586015e+00 3.843389569676617601e+00 3.905989422131964428e+00 4.124358255329937606e+00 4.293691939783592204e+00 4.384953814948672424e+00 4.727692890673595549e+00
-3.576923990781437079e-01 3.509198745057326985e-01 4.005580225063669619e-01 5.028530986732570041e-01 5.245205930878955591e-01 5.630278199602823941e-01 5.801537104655838384e-01 6.207915973675565136e-01 6.560519049125824731e-01 6.774808059225712054e-01 6.781172118375087265e-01 6.947633976112548293e-01 6.958407020806369747e-01 7.234467172309398952e-01 7.711965330244030525e-01 8.022476477798997641e-01 8.811350205998932372e-01 9.145515067614625737e-01 9.149931016471911649e-01 9.848235113110321848e-01 1.001336892841600656e+00 1.162604442132381122e+00 1.211535983692674678e+00 1.233318635244382122e+00 1.264757448300547704e+00 1.373279262509707888e+00 1.466122725420900608e+00 1.559148699270387128e+00 1.634993764172509190e+00 1.729329124600225143e+00 1.866559919277779311e+00 2.018608941112595367e+00 2.137124599164617944e+00 2.460985567058836310e+00 2.848179728345149986e+00 3.030797017491881462e+00 3.825226496525813147e+00 3.919553612862089587e+00 4.108518281961780261e+00 4.313288272578538418e+00 4.401118503504705792e+00 4.723324093383312494e+00
-3.770150004721925519e-01 3.483237805790428410e-01 4.258772833360420784e-01 4.942169279512563795e-01 5.247796230543370077e-01 5.547755005164685116e-01 5.802165225638910018e-01 6.274156340683193500e-01 6.607572046817905553e-01 6.817973076729364479e-01 6.853508161058695647e-01 6.912561656518381170e-01 6.994880837692009079e-01 7.209123079813262169e-01 7.719038083272085071e-01 8.239820291305712807e-01 8.673705290658632050e-01 9.190479060327340077e-01 9.212200169616630019e-01 9.844526141429174038e-01 9.853695219905531655e-01 1.171248568351613839e+00 1.201840675916217460e+00 1.226047335606414768e+00 1.243716239143421110e+00 1.378975694923471496e+00 1.467055640618841972e+00 1.556399708837735485e+00 1.636286606993003989e+00 1.736127382538495079e+00 1.872283377851078789e+00 2.020680482181698601e+00 2.128958419455431628e+00 2.459982007242187407e+00 2.855898475078685106e+00 3.021413924182205779e+00 3.811506526791813787e+00 3.940216101970723805e+00 4.082731562586340068e+00 4.328208854241109904e+00 4.417618373320276959e+00 4.719887167661805272e+00
-3.885869120388549258e-01 3.476026370023603818e-01 4.545621817401148124e-01 4.875480935970909480e-01 5.133456148507385963e-01 5.482073577715177448e-01 5.795084933015157702e-01 6.316171172326756622e-01 6.612173297681769313e-01 6.867215262893929806e-01 6.879154089907487668e-01 6.923016750907027284e-01 7.030299300433983101e-01 7.187260121999262674e-01 7.710557517905056724e-01 8.392511800954045587e-01 8.564345312686328926e-01 9.269058183012763852e-01 9.315805974153201774e-01 9.683359443569246050e-01 9.833295969513188295e-01 1.177308323643655008e+00 1.195602293564494323e+00 1.220430007718531717e+00 1.228774216618742088e+00 1.382472952111909903e+00 1.467760556636284131e+00 1.554664180426765352e+00 1.637339354426621485e+00 1.740269700050326884e+00 1.875963003855341649e+00 2.023273094152246543e+00 2.122909778176208295e+00 2.459291437745856346e+00 2.860919409414052872e+00 3.014880807123210715e+00 3.802997662542566548e+00 3.964242211983053821e+00 4.054301190782525488e+00 4.337517107720495702e+00 4.429474383998113218e+00 4.717698932188654659e+00
-3.924396817475170329e-01 3.475518944174781355e-01 4.757145673645695183e-01 4.850206313991041740e-01 4.970632315750226904e-01 5.468909607579355292e-01 5.791793329275708446e-01 6.330415194087349873e-01 6.610530826605092170e-01 6.854590072419581848e-01 6.904126905509705425e-01 6.947723646028194366e-01 7.044286618570745340e-01 7.177620757907788862e-01 7.704840930154034373e-01 8.450097923046261394e-01 8.519761343642728857e-01 9.292319131460969883e-01 9.438568754514138348e-01 9.550330575482063322e-01 9.827110034425109442e-01 1.179641311710127649e+00 1.193444272869632172e+00 1.218516083326795618e+00 1.222980192601041072e+00 1.383652203650307833e+00 1.468024331328726451e+00 1.554071612623933119e+00 1.637740923172239293e+00 1.741653962815164380e+00 1.877231217812187269e+00 2.024450799227327291e+00 2.120632177978052368e+00 2.459045039195523863e+00 2.862666241154045110e+00 3.012529374570245722e+00 3.800117309000127896e+00 3.978695554106998156e+00 4.038174712343746364e+00 4.340678007468786070e+00 4.433740376296183783e+00 4.716948736081729265e+00
2.375873630749821275e-01 2.390938970237094507e-01 2.658072432242533645e-01 5.446722349070735048e-01 5.724366642552037865e-01 5.725179520620051754e-01 6.330172035952356113e-01 6.478679720331026459e-01 6.479766889502387439e-01 6.830431351249749428e-01 6.830563327432817022e-01 7.274357323608184878e-01 7.527729626051201661e-01 7.528144193777912552e-01 7.558047693904584863e-01 8.356380653310644391e-01 8.919231309381260298e-01 8.921761874084166433e-01 9.486546277089099588e-01 9.488149143675523867e-01 9.567855252093611096e-01 1.105785234827525443e+00 1.179303758442020733e+00 1.179327439772334118e+00 1.335634086567217604e+00 1.335645464928107540e+00 1.461325756705797563e+00 1.582692245758941851e+00 1.661298959865024960e+00 1.661448880623773272e+00 1.968234515338606272e+00 2.024432087679996606e+00 2.024649559755635764e+00 2.468329978436472061e+00 2.963946586993422727e+00 2.964209525533442413e+00 3.910611991393216247e+00 4.017734130891981614e+00 4.018628386812493680e+00 4.302832590456945994e+00 4.303718104695733793e+00 4.735545383973843059e+00
2.442324652036778621e-01 2.457022199368037452e-01 2.718134635613148609e-01 5.441434463266984212e-01 5.707262039036368195e-01 5.708687899086729578e-01 6.332260283395261258e-01 6.402934142876648416e-01 6.404325619727724295e-01 6.853300968627337175e-01 6.856448611124055237e-01 7.263817261088614252e-01 7.528257158787293735e-01 7.534156043882561660e-01 7.534686897685428653e-01 8.364608924547060065e-01 8.954442398647649570e-01 8.959851480085579967e-01 9.461379668526755937e-01 9.463800584106446534e-01 9.542736959158114596e-01 1.110511796382015026e+00 1.179954481467423877e+00 1.180238699351200848e+00 1.337494020351917889e+00 1.337541566808750471e+00 1.460278492735215261e+00 1.583661441976933260e+00 1.659947402412432993e+00 1.660104363231818647e+00 1.965572113511415253e+00 2.025687043206137350e+00 2.025913963252738981e+00 2.468669028630029683e+00 2.964044612872077433e+00 2.964623905122259373e+00 3.916658937303639565e+00 4.011959387307556746e+00 4.012858454842986866e+00 4.307107247760899149e+00 4.308004788929252982e+00 4.729160495459161062e+00
2.626226909379378860e-01 2.640523402042014856e-01 2.887962127067867923e-01 5.426106472135733272e-01 5.644115757987221427e-01 5.649807459415893129e-01 6.247387566719005969e-01 6.248213318321577114e-01 6.337478974355430505e-01 6.861628342296632876e-01 6.868729509618528573e-01 7.233806893376317770e-01 7.443732797386556355e-01 7.577070754736189295e-01 7.577982367380206030e-01 8.387095083086816283e-01 9.019063931983247739e-01 9.032490106168484800e-01 9.409384439101053932e-01 9.416516177836566914e-01 9.474713284474070019e-01 1.123642935358049044e+00 1.181757924503228141e+00 1.182713260592664462e+00 1.342846592749572299e+00 1.342991235869085198e+00 1.457154232426751239e+00 1.586560393184196283e+00 1.656079584666563242e+00 1.656300588899694892e+00 1.957816660300491840e+00 2.029356898272909326e+00 2.029655714653194831e+00 2.469602073635841499e+00 2.964056116861867096e+00 2.965837893990205032e+00 3.934652333879443464e+00 3.996064777879404506e+00 3.996975187569979493e+00 4.318684420618764896e+00 4.319658392821176029e+00 4.710210329980752064e+00
2.890447051220847996e-01 2.904485561585151143e-01 3.141667479408508101e-01 5.402530581511106877e-01 5.507149715895306441e-01 5.520495480918156117e-01 6.099594956755726161e-01 6.103094866533199658e-01 6.342122828422669389e-01 6.821287976013322707e-01 6.828622754991960919e-01 7.188104350535242659e-01 7.317784416882129328e-01 7.674529726034503563e-01 7.676712510997518724e-01 8.418646400821594433e-01 8.996851463682727923e-01 9.012156101888557647e-01 9.378711519332063595e-01 9.423366551404506186e-01 9.438006747325057288e-01 1.142851151857213754e+00 1.184433841569161983e+00 1.186017714050547234e+00 1.351078207241035889e+00 1.351296649411120265e+00 1.452020299164986872e+00 1.591341262455867156e+00 1.650281936573639197e+00 1.650583926159427284e+00 1.945648353729664937e+00 2.035212619733840267e+00 2.035603188173164213e+00 2.470908256420969007e+00 2.964025700328754898e+00 2.967021679905590847e+00 3.964130498019941662e+00 3.973387118354297698e+00 3.974331923919473208e+00 4.334826180591668354e+00 4.335889618882998064e+00 4.679300557503172975e+00
3.190088316848469496e-01 3.202762772906593836e-01 3.447655195167466657e-01 5.295976434551160628e-01 5.314469261263287114e-01 5.374280454080831992e-01 6.005522683007267215e-01 6.010421504699173800e-01 6.338871458719277374e-01 6.756252514325659098e-01 6.761077771954622229e-01 7.127441239919907190e-01 7.173721172151220626e-01 7.804960399063421983e-01 7.808448844932160959e-01 8.453719948471266621e-01 8.844550450882291415e-01 8.857733279765964696e-01 9.268162425980018826e-01 9.532558712352583452e-01 9.548374278236722024e-01 1.165682411625948767e+00 1.187616750964939794e+00 1.189342333426930853e+00 1.361242881793752302e+00 1.361458963660035382e+00 1.445038341133312976e+00 1.597851969358019542e+00 1.643380241920137097e+00 1.643691184856975518e+00 1.930160816164373072e+00 2.042809217434878200e+00 2.043211803691241002e+00 2.472309375161622746e+00 2.963950025961348711e+00 2.967300123533457956e+00 3.947625092204176234e+00 3.948589235879607973e+00 4.004377503475745392e+00 4.352745265302061739e+00 4.353800715482526229e+00 4.637415536885576728e+00
3.475303616966047837e-01 3.485097547883804769e-01 3.774692265855086326e-01 5.071207615104819100e-01 5.086076145276821059e-01 5.347018145476414297e-01 5.954441770505797260e-01 5.957528253230897075e-01 6.314157048738411326e-01 6.691448761041908222e-01 6.693497407104285202e-01 7.012009998557559021e-01 7.081298399407137678e-01 7.938815389599186423e-01 7.942329742974622020e-01 8.488212630637759215e-01 8.636890509492146650e-01 8.644888847851328606e-01 9.153532609054233493e-01 9.662459706893997691e-01 9.671968895881662975e-01 1.189883141228901930e+00 1.190930994991962422e+00 1.192091247279480015e+00 1.372175441119854788e+00 1.372310262012993443e+00 1.436544097187244962e+00 1.605729811644940330e+00 1.636230694646140016e+00 1.636451781512800130e+00 1.912830167085283195e+00 2.051371574912162821e+00 2.051687070432052007e+00 2.473560762588717932e+00 2.963819982238276918e+00 2.966150227976072085e+00 3.922105303415048372e+00 3.923069562571255275e+00 4.054234098951633669e+00 4.370155453376574073e+00 4.371118200431741485e+00 4.585884243095696533e+00
3.686775392057652923e-01 3.693303397912315877e-01 4.092070210139080455e-01 4.912540449527529329e-01 4.913546609828992606e-01 5.329502565531764047e-01 5.923828432108169117e-01 5.924279725617885850e-01 6.248586113235694572e-01 6.640550856263108814e-01 6.640989227507666515e-01 6.898751033810192057e-01 7.018644462936661776e-01 8.047502624513901415e-01 8.048648582748302305e-01 8.427262742685044383e-01 8.429064076043820686e-01 8.519904677098751877e-01 9.044383587255858670e-01 9.776041438473263012e-01 9.778040499754206971e-01 1.193992217554642021e+00 1.194021514393384775e+00 1.213243539035912422e+00 1.382601097524794653e+00 1.382617734692507039e+00 1.427180307073561805e+00 1.614263171779457773e+00 1.629596484135819034e+00 1.629712271383140898e+00 1.895506304004601406e+00 2.059804885710216027e+00 2.060043187662081721e+00 2.474515062992784564e+00 2.963506753175812136e+00 2.963819834872042591e+00 3.899526932060365159e+00 3.900452962237594079e+00 4.112291311643817338e+00 4.385301074672208088e+00 4.386206456477685478e+00 4.526340632455728041e+00
3.774531321211587187e-01 3.783065856170628183e-01 4.365319714954656316e-01 4.853662663683764311e-01 4.873761667340184012e-01 5.333367872644136920e-01 5.900553808134119116e-01 5.903246170869471676e-01 6.135081902882769667e-01 6.609327670034488289e-01 6.610447056676429511e-01 6.836940038802385988e-01 6.961930743206524719e-01 8.061842103004099869e-01 8.072494962903112858e-01 8.293821363872412311e-01 8.298054877726658285e-01 8.547616688178477640e-01 8.950958628695613317e-01 9.854790856626863826e-01 9.863261287111819708e-01 1.195133258423346945e+00 1.196505327603260005e+00 1.233321718096083819e+00 1.391130093302047177e+00 1.391277389271932785e+00 1.418099517904284790e+00 1.622269425970633394e+00 1.624087730702925780e+00 1.624324480824737682e+00 1.880398591937801012e+00 2.066870435855505228e+00 2.067203316839842930e+00 2.475136442312476870e+00 2.960611414297925847e+00 2.963499743238639628e+00 3.881880554817676909e+00 3.882916867072240930e+00 4.176785459647456733e+00 4.396914553404544179e+00 4.397873169518343950e+00 4.460696258167608619e+00
3.768384435905713925e-01 3.787324268964289975e-01 4.552833760660934814e-01 4.878566638369772890e-01 4.912450042296607200e-01 5.364853952054938757e-01 5.885017719633536259e-01 5.889200642137977226e-01 6.007166757181445771e-01 6.597344399894665701e-01 6.599044536001820171e-01 6.820081127538358823e-01 6.916237150689640290e-01 7.965463633134706178e-01 7.986202063531532280e-01 8.292513084714567828e-01 8.299178054513542957e-01 8.568920915134951022e-01 8.885210513051391423e-01 9.902494929064979967e-01 9.915979731616972881e-01 1.195671505512778454e+00 1.198135901808221604e+00 1.247300428558004937e+00 1.396774663610430789e+00 1.397038132613907635e+00 1.411137916914264379e+00 1.620431486097070772e+00 1.620820479096903854e+00 1.628149223332447049e+00 1.869918203882157570e+00 2.071570543373324025e+00 2.072040512293926273e+00 2.475467041100737564e+00 2.958122801909035537e+00 2.963364135217807060e+00 3.870625840827499609e+00 3.871923625355405019e+00 4.245507828096140024e+00 4.391240475345234096e+00 4.404185238750347509e+00 4.405248606464716943e+00
3.754044625310525296e-01 3.778572754233030517e-01 4.619062667235527275e-01 4.900032696195658066e-01 4.938401314709034984e-01 5.390507970047327957e-01 5.879301031534142075e-01 5.883920057148017690e-01 5.944156505854379935e-01 6.595448738947263800e-01 6.597368399165913777e-01 6.821340742707953098e-01 6.895888007825475841e-01 7.916244078635272796e-01 7.940242076997826581e-01 8.303268934580551042e-01 8.311687631095917572e-01 8.577603021889235180e-01 8.860773073779493192e-01 9.918561166447958932e-01 9.933686660317125883e-01 1.195823436258308892e+00 1.198702704832949939e+00 1.252389624684830505e+00 1.398753273804246078e+00 1.399061517718698022e+00 1.408459778770775994e+00 1.619150649199957215e+00 1.619600205380568481e+00 1.630335072427662180e+00 1.866139827863737111e+00 2.073221427260711458e+00 2.073747321469916471e+00 2.475568104314576523e+00 2.957162921022430169e+00 2.963314030589468295e+00 3.866757619128676104e+00 3.868189162070580167e+00 4.305907657663756716e+00 4.330601835566708857e+00 4.406656498336271710e+00 4.407759501515156053e+00
