-6.277712985335024472e-04 -2.279132209554383243e-04 -7.120486423802777684e-08 3.227753212749499001e-01 3.297588008556462391e-01 5.671402022881028016e-01 6.014431156879839202e-01 6.430822465071154292e-01 6.715505746458234615e-01 7.251864029198800132e-01 7.382020362684502679e-01 8.335981261936009634e-01 8.714339653208892367e-01 9.159848742564287161e-01 9.243718861249169416e-01 9.431598134237104691e-01 1.014475712335927371e+00 1.016354438425529416e+00 1.016652898563545682e+00 1.054257079161869282e+00 1.074711599017572627e+00 1.104604147902069622e+00 1.119333008902991589e+00 1.287037932270959972e+00 1.309492327838090997e+00 1.327964400486606245e+00 1.365807670320629663e+00 1.413328047616903005e+00 1.413338031904082470e+00 1.433320016987179812e+00 1.459447615515396368e+00 1.505591035538160538e+00 1.521679325814307537e+00 1.548332921717950450e+00 1.595183128472830392e+00 1.596367015737032657e+00 1.603815864831758642e+00 1.631415784217884912e+00 1.646826727581983674e+00 1.649715288140991554e+00 1.711085219026470483e+00 1.733981983813768668e+00 1.739182263591608768e+00 1.829462924574392302e+00 1.848355859089840791e+00 1.876648581942119476e+00 1.892949663328610921e+00 1.910757534970110916e+00 2.065216699377686815e+00 2.174554455621273696e+00 2.964835409171375336e+00 2.984318011901065493e+00 3.569719079413752549e+00 3.590381306026695807e+00 4.954900013558057204e+00 5.054789111054944328e+00 5.165695966809342288e+00 5.284424001722333841e+00 5.528407864357460788e+00 5.531994542067860898e+00
4.638326532446773037e-02 4.902722891869753380e-02 1.043954255623239236e-01 3.268692898930068980e-01 3.340890650961607644e-01 5.658204745371774314e-01 6.006986065085851978e-01 6.433663750611726684e-01 6.758577130161739221e-01 7.309872587259044208e-01 7.398644374984150174e-01 8.330133162193132934e-01 8.698613748911275811e-01 9.152590496466675996e-01 9.224342749091901661e-01 9.428704679103663278e-01 1.004908715561555477e+00 1.017497272200563740e+00 1.024480018471026321e+00 1.053420277069256894e+00 1.071439666219249354e+00 1.103704574727550902e+00 1.120458092792808946e+00 1.288365698615853372e+00 1.308757498510914052e+00 1.327089562371466913e+00 1.366557089078207721e+00 1.409892579725660733e+00 1.411612066694375667e+00 1.434490239947479262e+00 1.464403667936669429e+00 1.505679066007423739e+00 1.513292252507735913e+00 1.546185178146780359e+00 1.589170957209579793e+00 1.596256224313382210e+00 1.611661638487120518e+00 1.632040549053066503e+00 1.651694013817042173e+00 1.659574364136690461e+00 1.708625179924127657e+00 1.738697622187959091e+00 1.741432431546478199e+00 1.827954083746510250e+00 1.847283393303386090e+00 1.869341639731808558e+00 1.901983683517056489e+00 1.912387629311880222e+00 2.063753260188433636e+00 2.173447273279556669e+00 2.964818009811371891e+00 2.985067694821069040e+00 3.568664175871254063e+00 3.589280093301314700e+00 4.960312879593762325e+00 5.056976736295970554e+00 5.165935898605904519e+00 5.283160068288022870e+00 5.528818576318168532e+00 5.531133469648156442e+00
9.247951749961628998e-02 9.807909602111604397e-02 2.060240526099036962e-01 3.384485283343325879e-01 3.461039163611039915e-01 5.619673402692051400e-01 5.987700561921368569e-01 6.446869210128424177e-01 6.880552276395186517e-01 7.445923723829208640e-01 7.462551109067703248e-01 8.318178597555738740e-01 8.655084542309143814e-01 9.130328400648557441e-01 9.167484488523701680e-01 9.417193719487911840e-01 9.917824045468046634e-01 1.019750790308205701e+00 1.033852192135308989e+00 1.049324839310725954e+00 1.063906744251500669e+00 1.100815931035865169e+00 1.123559358718976497e+00 1.291797849785036645e+00 1.306237182094379001e+00 1.322298552650595926e+00 1.369096820630275380e+00 1.405889837947110088e+00 1.408823917234949930e+00 1.436401278514171986e+00 1.474055865324081172e+00 1.489144052175193522e+00 1.506814370468552378e+00 1.544109115766307383e+00 1.583726336410727242e+00 1.599277350194177050e+00 1.617106632900826124e+00 1.633978389262025877e+00 1.664353181433962714e+00 1.682190677018599034e+00 1.702797203396634540e+00 1.746296386107111909e+00 1.755929941023900875e+00 1.824572729914097913e+00 1.844310358352416523e+00 1.858403122892277270e+00 1.917041513109414952e+00 1.917214486282300845e+00 2.059526379869052182e+00 2.170130033461691532e+00 2.964760651621627829e+00 2.987291816026629743e+00 3.565643059440741336e+00 3.586110615609930274e+00 4.975824946416662620e+00 5.063148276600616171e+00 5.166905990736270660e+00 5.279360209151634287e+00 5.528640077403524700e+00 5.530044063622078454e+00
1.378284565483209601e-01 1.465629169750930771e-01 3.007992014600546771e-01 3.566993167313717850e-01 3.634047050219302299e-01 5.558736921669040765e-01 5.962970563609303332e-01 6.474519187083493943e-01 7.069537461704968884e-01 7.514958010473895555e-01 7.658193432895750163e-01 8.319390570483239378e-01 8.590265436982762459e-01 9.086334959631887642e-01 9.088921735118162815e-01 9.386300790730499610e-01 9.766915766993431447e-01 1.022063140652124558e+00 1.035230202479805017e+00 1.044174876928153139e+00 1.061186833717027600e+00 1.096028696866358620e+00 1.127862047248799238e+00 1.294114254933745878e+00 1.301565689818046101e+00 1.312571717417727157e+00 1.373874052211183638e+00 1.407344972281229678e+00 1.407745305555441195e+00 1.432900131598159543e+00 1.462488688589132613e+00 1.481847596172731096e+00 1.511644218375288951e+00 1.542123789186276017e+00 1.579714430161254457e+00 1.603669540400565419e+00 1.620156318011677810e+00 1.637314052061457303e+00 1.672029930120525254e+00 1.695676948559567965e+00 1.712642006274287754e+00 1.750909630728083810e+00 1.788673208054820218e+00 1.821786734124202445e+00 1.840207277360554672e+00 1.847252652038005705e+00 1.924408889812541101e+00 1.933453847845707951e+00 2.053125420755872010e+00 2.164614257929884378e+00 2.964650381203743024e+00 2.990912293430666224e+00 3.561058261463628583e+00 3.581258500060804373e+00 4.999208497259798101e+00 5.072214113669949676e+00 5.169442951992485824e+00 5.272999656536028645e+00 5.524773568881680141e+00 5.532062638458264736e+00
1.817120298455410232e-01 1.933698853552163199e-01 3.660980118359118407e-01 3.832791711758466446e-01 3.981829286157240189e-01 5.479856924367055848e-01 5.941335325149200708e-01 6.512601560880105778e-01 7.313861842602904506e-01 7.587622912657462360e-01 7.839434526457553787e-01 8.371462707320062036e-01 8.506223414573935715e-01 9.007445536814373543e-01 9.018435069033845508e-01 9.328485660140798386e-01 9.616782955823599544e-01 1.009035324590115357e+00 1.025906541352866519e+00 1.054206793995515534e+00 1.064656530879263041e+00 1.090977338260840313e+00 1.132456780962301846e+00 1.283428045781406457e+00 1.295280637774566701e+00 1.309700966271909239e+00 1.379695176586395844e+00 1.399846611471961655e+00 1.413936621739437571e+00 1.415097022063445342e+00 1.455903692963700591e+00 1.485746256592393566e+00 1.522026504074482478e+00 1.539953651304433624e+00 1.575354076763134437e+00 1.608526295145174645e+00 1.622974407888237991e+00 1.641976747835722561e+00 1.672856589541734440e+00 1.688820619043977400e+00 1.744206898693279495e+00 1.753190386427447622e+00 1.821541438890978970e+00 1.826991430352883583e+00 1.836013350601799266e+00 1.838746343008040185e+00 1.935239880764750842e+00 1.949412423746428979e+00 2.046010391238431314e+00 2.156914110552373032e+00 2.964473171167818499e+00 2.995790348670904546e+00 3.555496835275590684e+00 3.575313457879015111e+00 5.026597508226511302e+00 5.082603857515227475e+00 5.175226957328437294e+00 5.264047238314812027e+00 5.519934985136472960e+00 5.534833012014671816e+00
2.231336605365931425e-01 2.370627372014842138e-01 3.918397499152475594e-01 4.035718477892984435e-01 4.654375485681105928e-01 5.389621779689521830e-01 5.937188413490307459e-01 6.553739781533975961e-01 7.582371990441135745e-01 7.635358247445570568e-01 7.991685503985218597e-01 8.397879029369593740e-01 8.513809570526739146e-01 8.915388476796977102e-01 8.958739407600940785e-01 9.245029579177880263e-01 9.478883085029853328e-01 9.816116067271338785e-01 1.023928737826988344e+00 1.060253151720942144e+00 1.071801726161220936e+00 1.090394918490980025e+00 1.136654853772119056e+00 1.262737232801618203e+00 1.288606251583229501e+00 1.312521215235162853e+00 1.366534016661817175e+00 1.384202868491136273e+00 1.409549386856987718e+00 1.425433206924104246e+00 1.459840226915213091e+00 1.488312808854097113e+00 1.536219097793117383e+00 1.538438218435258964e+00 1.570361611842366445e+00 1.612636289929993749e+00 1.625425619147639056e+00 1.647910444815273490e+00 1.670785806261845918e+00 1.683901073140556370e+00 1.752125048585280842e+00 1.771203093229292591e+00 1.823899328379247509e+00 1.825367515367823046e+00 1.831425279099593739e+00 1.866120822415648473e+00 1.951516554722334984e+00 1.964494814256978694e+00 2.042033551345819209e+00 2.147040352460751755e+00 2.964222420797568702e+00 3.001720650447984529e+00 3.549633751357371469e+00 3.568998095773252999e+00 5.052555790311585859e+00 5.092516963663489271e+00 5.186928050474155505e+00 5.252530364299343724e+00 5.514627275450052935e+00 5.538288632451641824e+00
2.608318704948650035e-01 2.761948828141432832e-01 4.146229093180691661e-01 4.228368657492421190e-01 5.128676192025940495e-01 5.299734638117428176e-01 5.969413887337896574e-01 6.600545388871988939e-01 7.627774401717547503e-01 7.794318378674972569e-01 8.176464453071213834e-01 8.261355237080657554e-01 8.729150330102721789e-01 8.835241430826963338e-01 8.911929443884325508e-01 9.157345660560951561e-01 9.345281971261831799e-01 9.563670383993158053e-01 1.019329601101021332e+00 1.060503636681988437e+00 1.080014175229528695e+00 1.098070218475261983e+00 1.140180855177447494e+00 1.240339682956071332e+00 1.282462293072324178e+00 1.314058473509725378e+00 1.330467363128487346e+00 1.385401003638221828e+00 1.405788507056708436e+00 1.436912803909772718e+00 1.465424594248870838e+00 1.492052249444471679e+00 1.537649520718987750e+00 1.551705818597739706e+00 1.565523264090726840e+00 1.614950831941900811e+00 1.625482295858772464e+00 1.655482892924923233e+00 1.669920235977334633e+00 1.682159504531060445e+00 1.748027465301669414e+00 1.788065041732044502e+00 1.816111409467757287e+00 1.827468838400909457e+00 1.834230023322747982e+00 1.883195128906393290e+00 1.966989258185048106e+00 1.978581232973203097e+00 2.050273729712782433e+00 2.135002954872046832e+00 2.963905852030668697e+00 3.008433649497830764e+00 3.544136258112391413e+00 3.563078422799684564e+00 5.071691977180756261e+00 5.100061020884858465e+00 5.206898839648972377e+00 5.238741558454121261e+00 5.509400356304395174e+00 5.542332959697231942e+00
2.933976432264140954e-01 3.096941767651653077e-01 4.367221774861521078e-01 4.394429825412065060e-01 5.234965387949720439e-01 5.340448639041808221e-01 6.013664006976819909e-01 6.677243301127612218e-01 7.547741306876566414e-01 7.930101679181207341e-01 8.105095453099758762e-01 8.353062278907082971e-01 8.682559213536622522e-01 8.708449670157742961e-01 8.991099042688697196e-01 9.163632882577348315e-01 9.394658539288313071e-01 9.407026235870397102e-01 1.013970878316778901e+00 1.060944057779222183e+00 1.086276423380892364e+00 1.109965578255230900e+00 1.143209897179601864e+00 1.218433674260791300e+00 1.276829802807787129e+00 1.298232175466256688e+00 1.313212661616477872e+00 1.382178604110169573e+00 1.399927089724073648e+00 1.448693131631729081e+00 1.470454557625948233e+00 1.497651216813322694e+00 1.536142130342485590e+00 1.562588691698610699e+00 1.566270960912322430e+00 1.616064976012388632e+00 1.621134839166444630e+00 1.664158202785164020e+00 1.673097685546410363e+00 1.683911638859909354e+00 1.742218658056790659e+00 1.792642099070119066e+00 1.809432484530679064e+00 1.829813864406927504e+00 1.841602602566242863e+00 1.887615604121364754e+00 1.969462962806550976e+00 1.991892504420220922e+00 2.075066800667181965e+00 2.120843826662237586e+00 2.963547521598719925e+00 3.015609716234866955e+00 3.539581928587917314e+00 3.558260209110825301e+00 5.082078321707228064e+00 5.103142537884340690e+00 5.223677737781984298e+00 5.234124521114968509e+00 5.504772586676710766e+00 5.546837111705594126e+00
3.196390921761688153e-01 3.372313714166852994e-01 4.498662111078041703e-01 4.571825551473794325e-01 5.243345738975913051e-01 5.373002547676078988e-01 5.997900592701915778e-01 6.782500550027810160e-01 7.393210385963492337e-01 7.942539688487392224e-01 8.035722722827297604e-01 8.391146584763581329e-01 8.397805213693578796e-01 8.651087485084828499e-01 8.857194501001351972e-01 9.204513325368569587e-01 9.330516916965791996e-01 9.927297265672577753e-01 1.011551658459155956e+00 1.065442841390912943e+00 1.088540572981943066e+00 1.122225235644977115e+00 1.145840595210246837e+00 1.197784493214334001e+00 1.266243683098927875e+00 1.278284815475501768e+00 1.310554264825980697e+00 1.374707910999420246e+00 1.392597693175711360e+00 1.460558483611760661e+00 1.473843776009867046e+00 1.504298344676789911e+00 1.532388095276951301e+00 1.562757301431403567e+00 1.578475803605591476e+00 1.613633165663461710e+00 1.617887449618293116e+00 1.669713993499058580e+00 1.679406378391627985e+00 1.690777426807455575e+00 1.736536860591121556e+00 1.790700067854799959e+00 1.805396062073648444e+00 1.829648218528965309e+00 1.844698735187569660e+00 1.886171977235304498e+00 1.964226620641687848e+00 2.004726317671523983e+00 2.104268869484055671e+00 2.104723360383980335e+00 2.963183289575104240e+00 3.022903790441495708e+00 3.536393228206066830e+00 3.555079947858894585e+00 5.085447666709117520e+00 5.099254319780716749e+00 5.209526215266513383e+00 5.264393731891728656e+00 5.501134463556119236e+00 5.551640146742291115e+00
3.391016351805326567e-01 3.592258560041261539e-01 4.509936598788527595e-01 4.742048773190463695e-01 5.306880114983970609e-01 5.362103676494319737e-01 5.936050084856322462e-01 6.854656384618981191e-01 7.175815771698225154e-01 7.765486430571564291e-01 8.073640202989881276e-01 8.085584632110024428e-01 8.263834186746510380e-01 8.679384311766441540e-01 8.829582581879253933e-01 9.189403555518835809e-01 9.281175984435044990e-01 1.014670092552164782e+00 1.052712276512277167e+00 1.077203308038021001e+00 1.086766986361434650e+00 1.132089282123058149e+00 1.147092849837832107e+00 1.178637077802854538e+00 1.250158855647968137e+00 1.275052005089714058e+00 1.307622806799864090e+00 1.364637427192371133e+00 1.384723330080212200e+00 1.472354450979070917e+00 1.474969981123480878e+00 1.510671204815857926e+00 1.526824285716572582e+00 1.564614491038057054e+00 1.588561104270267643e+00 1.606523833680659319e+00 1.620839722357943824e+00 1.669703477851147033e+00 1.685802465222546287e+00 1.702124569070866622e+00 1.732723361992004385e+00 1.786388296756139749e+00 1.802902492620701125e+00 1.827324851407875927e+00 1.838218580588775852e+00 1.881892642662260862e+00 1.957751154845373209e+00 2.017136321257218867e+00 2.087073682684622344e+00 2.129109529237398934e+00 2.962851013741465422e+00 3.029975046167296071e+00 3.534788266932493261e+00 3.553809403320654425e+00 5.084080841589880606e+00 5.086209902668674232e+00 5.199090302561029553e+00 5.293704798562021807e+00 5.498670359465297253e+00 5.556551515417081255e+00
3.522940617502183236e-01 3.763767181053472854e-01 4.457874743417507557e-01 4.844516131035381257e-01 5.192792619987500746e-01 5.549505927442789366e-01 5.871272020207513043e-01 6.820561634273348828e-01 6.930818565858718472e-01 7.529513056255457970e-01 7.882141275766365585e-01 7.892983291214493713e-01 8.265759990067267360e-01 8.700296767693584954e-01 8.949278649675701525e-01 9.080407316505516579e-01 9.263308052310581520e-01 1.020380801081900213e+00 1.076750970235087923e+00 1.082708454691080346e+00 1.122188646688004665e+00 1.136213611566329940e+00 1.143986741918858741e+00 1.161997707648280587e+00 1.247383454387912316e+00 1.276913790393746861e+00 1.306412209371417221e+00 1.354804503515930181e+00 1.377136043199895798e+00 1.473984027741424674e+00 1.483742816888004912e+00 1.515997281945407504e+00 1.519926932164348488e+00 1.565994870908307357e+00 1.597670564826034312e+00 1.603509798109613804e+00 1.623385794706567298e+00 1.667097465797829692e+00 1.689374292495720464e+00 1.712235125362993049e+00 1.732241039798258386e+00 1.780516862317335969e+00 1.799241883077834059e+00 1.823915419697130114e+00 1.825644335414275954e+00 1.875588441916315574e+00 1.950478125939108853e+00 2.028618501569112720e+00 2.068892092058631338e+00 2.147728730315114909e+00 2.962579619049830360e+00 3.036514571266950124e+00 3.534750306425924915e+00 3.554399842806916787e+00 5.064415781609824307e+00 5.079514151444921133e+00 5.193512264801352529e+00 5.319718047476532874e+00 5.497340455413861626e+00 5.561355920519737595e+00
3.485774787741920400e-01 3.708298358105450165e-01 4.429220399295241140e-01 4.831960421417684781e-01 5.277963535074341461e-01 5.347147513159073995e-01 5.918803487874175762e-01 6.786253501979946368e-01 7.142332070715186054e-01 7.547871869631278541e-01 7.829041983342607258e-01 8.264354274007396084e-01 8.339025214464367286e-01 8.694494546911640809e-01 8.812101114098540577e-01 9.149254167103162416e-01 9.298095182320749164e-01 1.016880894544491154e+00 1.069328389460235895e+00 1.080205163734426765e+00 1.095465813497922936e+00 1.131496182142899265e+00 1.146562805788015504e+00 1.155528820481964924e+00 1.261199714712245346e+00 1.278294522451456361e+00 1.309112630991746462e+00 1.363091828246254078e+00 1.382242601252575698e+00 1.473353666501741488e+00 1.476857289399229778e+00 1.509194074321375645e+00 1.526829346038236723e+00 1.564125604603611164e+00 1.589830888658190000e+00 1.607588880563102451e+00 1.621548073014255964e+00 1.668435105520088113e+00 1.687324387477836529e+00 1.705831048796451865e+00 1.732841100304456372e+00 1.784868647380153606e+00 1.802269213194249264e+00 1.825879665019436660e+00 1.833779230088830925e+00 1.878315993130155626e+00 1.956021066791783891e+00 2.019926335874180801e+00 2.074835687469631207e+00 2.138380744551269252e+00 2.964404918620919815e+00 3.031106458680681293e+00 3.535670985194425686e+00 3.553319765360361870e+00 5.076795034754685965e+00 5.083667409987646657e+00 5.194892997092591003e+00 5.305424460860301394e+00 5.499185369265148893e+00 5.556502367557863309e+00
3.546997178233471382e-01 3.701795668740695544e-01 4.362308124158643108e-01 4.815959207103389650e-01 5.062921654692602580e-01 5.279952937140801605e-01 6.003071289405004229e-01 6.684328118125840712e-01 7.253639772081245107e-01 7.524562385899913330e-01 8.008252052617920169e-01 8.326407678652373301e-01 8.654574546171930338e-01 8.683485164159958636e-01 8.789255336400497720e-01 9.163925563666888152e-01 9.297097030122896122e-01 1.020362757699939449e+00 1.043400079063510066e+00 1.067204107830983961e+00 1.092228481103189486e+00 1.116361055543319436e+00 1.141319271120140311e+00 1.148055032893318783e+00 1.285100469109523802e+00 1.288212299458790122e+00 1.318308081692873168e+00 1.378083574062386019e+00 1.386504449009203555e+00 1.463740727133138853e+00 1.472855598199086735e+00 1.497583883799751048e+00 1.535297591032565911e+00 1.561289825458304303e+00 1.583238292448248874e+00 1.611106930569894402e+00 1.619794159084376073e+00 1.669256016071678950e+00 1.686693248040340265e+00 1.696926649950217802e+00 1.735495217716515937e+00 1.788511232623743785e+00 1.805923343064629538e+00 1.827037618971211197e+00 1.839614668102960149e+00 1.879719800172372057e+00 1.962392409160060192e+00 2.006662709114960030e+00 2.077974066767199535e+00 2.127738495372816008e+00 2.969677306157408658e+00 3.022738328675668384e+00 3.538538876598469329e+00 3.551553804793584845e+00 5.083620005955214793e+00 5.090002236001482494e+00 5.195733896638269123e+00 5.291792302576412865e+00 5.503570609678599013e+00 5.548316619534691796e+00
3.693040898263204030e-01 3.731491543435723757e-01 4.311117934958200726e-01 4.670169646963779342e-01 4.945514887831952144e-01 5.154211151914177558e-01 6.147951777854584465e-01 6.504060379582737861e-01 7.268377541318896684e-01 7.645816964365850232e-01 8.174142916709145057e-01 8.404660104109388241e-01 8.565365555743270631e-01 8.654292250510806639e-01 9.049518595506381713e-01 9.127190131689744135e-01 9.353453962208245764e-01 1.005253157703225098e+00 1.035438613317189560e+00 1.066603481446242174e+00 1.084412516174355634e+00 1.101724178136878729e+00 1.131488638638264987e+00 1.150117255874555600e+00 1.298378880274382974e+00 1.299525491048919346e+00 1.338509794314591383e+00 1.384418228053787558e+00 1.397796202844863611e+00 1.447641342215538529e+00 1.465454755182807434e+00 1.488310918812558059e+00 1.539048691261388768e+00 1.560744432851165264e+00 1.578286816072027809e+00 1.611544094072934419e+00 1.621163712964122983e+00 1.670223399360902139e+00 1.688772330102071395e+00 1.689543304763782006e+00 1.739059264757715884e+00 1.789914246869188874e+00 1.811121028995902327e+00 1.827846153977917609e+00 1.837173925266366803e+00 1.882592929599565368e+00 1.968135520739618949e+00 1.992841034419401858e+00 2.085689697528053888e+00 2.114568816000089502e+00 2.977110519822788959e+00 3.013378429189463859e+00 3.542109471929775655e+00 3.549193659934001044e+00 5.086960327346475630e+00 5.095022274149660468e+00 5.196765753310568670e+00 5.281569159914774048e+00 5.509452480937931718e+00 5.539297050272679712e+00
3.744454861589137651e-01 3.804367738086850692e-01 4.270886739554981548e-01 4.557827798737918990e-01 4.972929440281123048e-01 5.054735010752630098e-01 6.304015224689276664e-01 6.329239138360651662e-01 7.278018403174221218e-01 7.701348063991899640e-01 8.279339050611599360e-01 8.383474236775753097e-01 8.523722676442435642e-01 8.685972039836642455e-01 8.989647655605358390e-01 9.150383455780326525e-01 9.582786583084303977e-01 9.775828748835457827e-01 1.047779607877344699e+00 1.063477824987573150e+00 1.079910604054457046e+00 1.095364571237096740e+00 1.127394576765269552e+00 1.151253128562597761e+00 1.301492829918310390e+00 1.304302908242237269e+00 1.358674530777348011e+00 1.374855303030314557e+00 1.415794853946962029e+00 1.428640744725332201e+00 1.461351329127660970e+00 1.485918983318075925e+00 1.538842313053758515e+00 1.561304966883803935e+00 1.576355218641562583e+00 1.611202955361765277e+00 1.622625477034560948e+00 1.671487875936261469e+00 1.684885731840161549e+00 1.691411791723256952e+00 1.740978311974605397e+00 1.790058251448048976e+00 1.814930242876828803e+00 1.827609245267468374e+00 1.833570452578676235e+00 1.884408673094362996e+00 1.971346187328261390e+00 1.985966889400540447e+00 2.095843441685380615e+00 2.102603165806598895e+00 2.981619039110818381e+00 3.008235210802548742e+00 3.544593097266277137e+00 3.547211396228847846e+00 5.088117934199596348e+00 5.096695462289928535e+00 5.197382151945870277e+00 5.277648162205529125e+00 5.513052074307166706e+00 5.534484173999806522e+00
3.792049061834117385e-01 3.836081528810021957e-01 4.274148351712953042e-01 4.549373602239235037e-01 4.978205166643174806e-01 5.068918274937006530e-01 6.303420781981275978e-01 6.348416255167647071e-01 7.273029732792364310e-01 7.666915602864021739e-01 8.250050180531459665e-01 8.345704080787604839e-01 8.517492019301482475e-01 8.711713800562982390e-01 8.972861113574768233e-01 9.166938197018124068e-01 9.628375301528268038e-01 9.811933403382534502e-01 1.032992474839844244e+00 1.053413543419645881e+00 1.092350227469933488e+00 1.103813662346196489e+00 1.134184969717742630e+00 1.148592443841168542e+00 1.303708816886362643e+00 1.308651523300738084e+00 1.358422874092432897e+00 1.373786193884918960e+00 1.415749639245380109e+00 1.425495614936500566e+00 1.464845316657268359e+00 1.488787628541791586e+00 1.540267901335831580e+00 1.557983518732950268e+00 1.574463829223840650e+00 1.609791960874575656e+00 1.617666334959834806e+00 1.679101028187776734e+00 1.679447628584002317e+00 1.692382296144388620e+00 1.741850230723263504e+00 1.785629811610740303e+00 1.813824781767603422e+00 1.827400795329058969e+00 1.833929337561176931e+00 1.881842731950321479e+00 1.968562595234161883e+00 1.983345770090856108e+00 2.105039307770121937e+00 2.110610743718371207e+00 2.981549391574679131e+00 3.007854763807555010e+00 3.544159777004509237e+00 3.546771865682548874e+00 5.086608651792622560e+00 5.094338128861454429e+00 5.200083995482524202e+00 5.278646540964906819e+00 5.514056163918615638e+00 5.534559303798775254e+00
3.894286396585853183e-01 3.944212501337513999e-01 4.292423114731901967e-01 4.538747156197113775e-01 4.989346818544337925e-01 5.101300263395041057e-01 6.325366118078451505e-01 6.391121007018951694e-01 7.250573810864568980e-01 7.577854308976210707e-01 8.185956752973937434e-01 8.230381379007186693e-01 8.512665053782281221e-01 8.769706015758348405e-01 8.935338458982233778e-01 9.221041827029119453e-01 9.685221506507553091e-01 9.899463299746471545e-01 1.014498106781532849e+00 1.038635435767023107e+00 1.110034392146315385e+00 1.111328625431451833e+00 1.146510384488379275e+00 1.152422135786559165e+00 1.309936622547675844e+00 1.318594677185244812e+00 1.358397073201763838e+00 1.371077750834137410e+00 1.414141888529145463e+00 1.418262255599073596e+00 1.472993650758558593e+00 1.497023030273881394e+00 1.543632790408743460e+00 1.548043390901060912e+00 1.573656105666295879e+00 1.603772442986022284e+00 1.608371663706915866e+00 1.670756690751276752e+00 1.691698416102373814e+00 1.694657415982920412e+00 1.742612776202750569e+00 1.774962183763045376e+00 1.810384535632504788e+00 1.821096144619183566e+00 1.838820908323268721e+00 1.876552626710810578e+00 1.961200916350696710e+00 1.975607922242519354e+00 2.129289616537017871e+00 2.132301568072522358e+00 2.981392163598660883e+00 3.006721954581109468e+00 3.542947367672284908e+00 3.545521120358356981e+00 5.082415983506900936e+00 5.088169675247856460e+00 5.207258471592516536e+00 5.281115849007109730e+00 5.516964509636490099e+00 5.534900404903695836e+00
3.992197047629493789e-01 4.094973216448433706e-01 4.362677019101237619e-01 4.561600400170028879e-01 5.002633731209149559e-01 5.130074452666182339e-01 6.378419428053011542e-01 6.454866425955081422e-01 7.198522601395298537e-01 7.465418495685515188e-01 8.043132393771431632e-01 8.131129373908242419e-01 8.519051130456206655e-01 8.835864739509362575e-01 8.913807585720692206e-01 9.285978381605090037e-01 9.556366808620774256e-01 1.000212016647812341e+00 1.020523679511224024e+00 1.023470580453966550e+00 1.115537032872739642e+00 1.117680308608548279e+00 1.160877960580763091e+00 1.171342485946664125e+00 1.317894428619745817e+00 1.327407235414007403e+00 1.360407100705200545e+00 1.368102730705566206e+00 1.408933720364381470e+00 1.410359317420300407e+00 1.482302521667517192e+00 1.508474512814236279e+00 1.535212511388217349e+00 1.550271232459459192e+00 1.575061688357972001e+00 1.591032263252855294e+00 1.601011415942478644e+00 1.664054426701942591e+00 1.692313176886361958e+00 1.709402661856018080e+00 1.740663434843438440e+00 1.760617342962933263e+00 1.805056072361919339e+00 1.811986780832256283e+00 1.844282461112342064e+00 1.872082861244817265e+00 1.950987334894769498e+00 1.963376638897026849e+00 2.161367040966175157e+00 2.162937014188128337e+00 2.981293399719998849e+00 3.004864229715698443e+00 3.541193527086309523e+00 3.543649803377493690e+00 5.076404019818384405e+00 5.080049246842486710e+00 5.217013256424626100e+00 5.283751251220723866e+00 5.521446882689942548e+00 5.535765516244929962e+00
4.069917641224277127e-01 4.175264527828370098e-01 4.537425103266545245e-01 4.648260284493892502e-01 5.023891279019669920e-01 5.144381231229335771e-01 6.441318733567645838e-01 6.526213741815996006e-01 7.120440796581629650e-01 7.364543244370631569e-01 7.817960861761557023e-01 8.105413721904511926e-01 8.529895975767716187e-01 8.890934487733760383e-01 8.916710979805462234e-01 9.328527787440897834e-01 9.370917160340473950e-01 9.962364465667078450e-01 1.020779159445500461e+00 1.041469019709400756e+00 1.118567390651762361e+00 1.119766420542112506e+00 1.186069493900817617e+00 1.189412010186483348e+00 1.323738719141533071e+00 1.327656162412525154e+00 1.364194901945289029e+00 1.367332594441594162e+00 1.401797520642458883e+00 1.405816006791524408e+00 1.489868622882037030e+00 1.516786004452943093e+00 1.526004491662588780e+00 1.554646408480184760e+00 1.576165566767544046e+00 1.579488063136285314e+00 1.601283530316479631e+00 1.656840087079181290e+00 1.698230222208040319e+00 1.720111533013152227e+00 1.735827738952449018e+00 1.743389204095097123e+00 1.799018306589937666e+00 1.803458569272645473e+00 1.848793171965742443e+00 1.869529572435132403e+00 1.939203605202465042e+00 1.947913732093098815e+00 2.195043509282454064e+00 2.196939449076398265e+00 2.981466766561739146e+00 3.002336164163320831e+00 3.539223309502293358e+00 3.541436120331104664e+00 5.069682513777987509e+00 5.071636460658746515e+00 5.227733816041499004e+00 5.285096248123617002e+00 5.526924371829635696e+00 5.537329114217763859e+00
4.120584211489569104e-01 4.199025612544019515e-01 4.738834690238044045e-01 4.778454592059347417e-01 5.077734364194748107e-01 5.162430714021328804e-01 6.470249336802370577e-01 6.559555157872092312e-01 7.046179927654822039e-01 7.315802379679237077e-01 7.594391040981710583e-01 8.100768930901529608e-01 8.535040038227692527e-01 8.916951338390021187e-01 8.931085037096492263e-01 9.280319909598506722e-01 9.326695900661396976e-01 9.768657543395099507e-01 1.035067513230836234e+00 1.061322232217079886e+00 1.121136445900294820e+00 1.123689815710009698e+00 1.198434937552955271e+00 1.221236679370865552e+00 1.317564639553732819e+00 1.325682540562121980e+00 1.364979207771516823e+00 1.368113155625927391e+00 1.396587901752257999e+00 1.409374464472314514e+00 1.493304110092470882e+00 1.508313436012208797e+00 1.526001322828300921e+00 1.545936403827294692e+00 1.576051052600471625e+00 1.590040110719288524e+00 1.610975504101129774e+00 1.649054904546331857e+00 1.704696662383165862e+00 1.719106628820394223e+00 1.730843621611715122e+00 1.733069189325713744e+00 1.792403425791142535e+00 1.796763393258349994e+00 1.852932069480793809e+00 1.868729935809893217e+00 1.926805090937120601e+00 1.930955938915011938e+00 2.226634085217479964e+00 2.228251408648295406e+00 2.982149575962925958e+00 2.999238307597628772e+00 3.537375717241110884e+00 3.539197560985797963e+00 5.063345993283044244e+00 5.064078240532357000e+00 5.238451114302604239e+00 5.284139306682020809e+00 5.532608816095132553e+00 5.539450739238009902e+00
4.154627171452748846e-01 4.201507294748338950e-01 4.853585277255032526e-01 4.875838392959199186e-01 5.202193470019300658e-01 5.240048852824971126e-01 6.429406969195788912e-01 6.509241030175459963e-01 7.015464279598855324e-01 7.309407143620665348e-01 7.456158416064586625e-01 8.053977343208337247e-01 8.573206962077735138e-01 8.927572408321489128e-01 8.948165655640712979e-01 9.254007312119831852e-01 9.293253466502251481e-01 9.594293414255548047e-01 1.051290838182263432e+00 1.075182149591522140e+00 1.124659982399698110e+00 1.126743412225775121e+00 1.212262355252357260e+00 1.249233059909610644e+00 1.304588369460878861e+00 1.323706460689898723e+00 1.363851607985877123e+00 1.366598734143546823e+00 1.396694845760911852e+00 1.414795893801038318e+00 1.490914371496152135e+00 1.493688711557149551e+00 1.527693893101747857e+00 1.533647073488098034e+00 1.586253250195714948e+00 1.601230501609697487e+00 1.627617515188527486e+00 1.643399005981448058e+00 1.700129968080816178e+00 1.701846023413917441e+00 1.733246051048941583e+00 1.739974489005962743e+00 1.784304620866911550e+00 1.791233370367645517e+00 1.857784918895555304e+00 1.869622169544037371e+00 1.914397408037354920e+00 1.914999199980227607e+00 2.251815145751761893e+00 2.253582832797791369e+00 2.983541802935592457e+00 2.995743390588236910e+00 3.535943695251265506e+00 3.537240850904247669e+00 5.057961600084209586e+00 5.058452944409245866e+00 5.248708255943429712e+00 5.280584960620110735e+00 5.537633054704842017e+00 5.541611280989422461e+00
4.173363903564674127e-01 4.199266645521181895e-01 4.879375344767587497e-01 4.912873073309158012e-01 5.335151163042228806e-01 5.383418854359347527e-01 6.348654889888493136e-01 6.403840998627917669e-01 7.036767793099261148e-01 7.199558248607622613e-01 7.555432267226460663e-01 7.918841075830302945e-01 8.697967479855354123e-01 8.945041820536110411e-01 8.955205393740429676e-01 9.099492998253475573e-01 9.346949720663838557e-01 9.484726221263819479e-01 1.066169687566660640e+00 1.080524754728697134e+00 1.127368573004024599e+00 1.128216217736234261e+00 1.229277405098440745e+00 1.258891453928713711e+00 1.302512808977923209e+00 1.318846219572506584e+00 1.363498149689919892e+00 1.364627217818994875e+00 1.400830899743297664e+00 1.413635886373489026e+00 1.482611538819359476e+00 1.484417367339252003e+00 1.527891626120073010e+00 1.528760445134059953e+00 1.598334914591339251e+00 1.608293944899374717e+00 1.640661019874960491e+00 1.641783757548856748e+00 1.685849194995342692e+00 1.693360399604017186e+00 1.738007001574081389e+00 1.748477241932393289e+00 1.776844059739239645e+00 1.785224211386531978e+00 1.863775968171297093e+00 1.871367076768315707e+00 1.901975935207380397e+00 1.904434693233717502e+00 2.267561517096996493e+00 2.270417265515916050e+00 2.985736321949080896e+00 2.992111919627894689e+00 3.535138506888054089e+00 3.535819932221889950e+00 5.054147496045922949e+00 5.055244926703758246e+00 5.258297476196364784e+00 5.274746937020490911e+00 5.541235353920046514e+00 5.543082470262345574e+00
4.176487177548262042e-01 4.200627263070665918e-01 4.882487581702126267e-01 4.918861423612941874e-01 5.397887109524582838e-01 5.453659825087489033e-01 6.309509237106980528e-01 6.342330055771787656e-01 7.094250974633236062e-01 7.104244697864829927e-01 7.724906328692413560e-01 7.746113359923095798e-01 8.861824617405216209e-01 8.887273310096883705e-01 8.963833649291611527e-01 8.983701583183950623e-01 9.400148482278019024e-01 9.422347687178195264e-01 1.075851623387876543e+00 1.077968232086126799e+00 1.128299968320226387e+00 1.128603862313442674e+00 1.246666542647868248e+00 1.247302839223428217e+00 1.311165787367677638e+00 1.312247284485978716e+00 1.363224757741139159e+00 1.364514112912738719e+00 1.406857026864166249e+00 1.407339032534953294e+00 1.479092828918692870e+00 1.480519819514743540e+00 1.527433531392449861e+00 1.528407881706283167e+00 1.607362745064096377e+00 1.607977431437335181e+00 1.641869195033905049e+00 1.643201535004473746e+00 1.683975406925939833e+00 1.687229163859908621e+00 1.745433827227974355e+00 1.746044522915052299e+00 1.778285738850791109e+00 1.778608955235251088e+00 1.868394856797342518e+00 1.871092049465853391e+00 1.897543280845041647e+00 1.899170985012179180e+00 2.272917273448169517e+00 2.276306160190981309e+00 2.988596049351404549e+00 2.988741035820190017e+00 3.535026162787212378e+00 3.535157796655906903e+00 5.052820551918236980e+00 5.054163739755614948e+00 5.266245051627116425e+00 5.267986554150166256e+00 5.542776771190279561e+00 5.543371998501940290e+00
4.134663555488971021e-01 4.186599568657362047e-01 4.906981051134701177e-01 4.940009274488410540e-01 5.414817585991507087e-01 5.469198159817100224e-01 6.335109226903711255e-01 6.368999613943119309e-01 7.095698610308038834e-01 7.105832580073275784e-01 7.741204103219023747e-01 7.761895961765051810e-01 8.730288393174800987e-01 8.757795501397859228e-01 9.095283392251302113e-01 9.114845885111558799e-01 9.401742951151250693e-01 9.425451002379021670e-01 1.072533135784290881e+00 1.074514015763172292e+00 1.127355722204241184e+00 1.127724698042084750e+00 1.247011227489844387e+00 1.247709242251236361e+00 1.311546720800456978e+00 1.312637940549960192e+00 1.361985459755901573e+00 1.363275867373795691e+00 1.407328396773108503e+00 1.407896084979774587e+00 1.481784346447442946e+00 1.483168440319375669e+00 1.528091263421823331e+00 1.529030073664616518e+00 1.604016403931072476e+00 1.604809147459317353e+00 1.642782362505273097e+00 1.644198985022210957e+00 1.681843847043840601e+00 1.684771232883858882e+00 1.745933674229940502e+00 1.746735294930011229e+00 1.778390315072588379e+00 1.778767386269708428e+00 1.868454758494871637e+00 1.871061087244033194e+00 1.897202110199072811e+00 1.898769518203244688e+00 2.274301454990733440e+00 2.277686601711209402e+00 2.988529433907300081e+00 2.988685713057334326e+00 3.534959571293464275e+00 3.535092917992824990e+00 5.052152053887421168e+00 5.053482069740842242e+00 5.267560610443903890e+00 5.269288199623915148e+00 5.542781434166045962e+00 5.543370414151168823e+00
4.052454732897911582e-01 4.138879947775050416e-01 4.951611709678667150e-01 4.993920608500396763e-01 5.473569154900047584e-01 5.523224106754849316e-01 6.402585968701952623e-01 6.438151307584866201e-01 7.093065913710150383e-01 7.103357236198093450e-01 7.780674454263978301e-01 7.799969838830450586e-01 8.590136675712014558e-01 8.614826149885068673e-01 9.214480245519499624e-01 9.233966196131550008e-01 9.428374307951883360e-01 9.461759536599367859e-01 1.064166399064707891e+00 1.065828406570439757e+00 1.124208226377113595e+00 1.124656443213939649e+00 1.248402422365886277e+00 1.249198496493203914e+00 1.312166424357978478e+00 1.313399732211340876e+00 1.359892618342657400e+00 1.361268175653680190e+00 1.408170361202760068e+00 1.408747810533649281e+00 1.488298159451250990e+00 1.489549265059077809e+00 1.529887977462103921e+00 1.530760144355162833e+00 1.596143011082731711e+00 1.597153413378324061e+00 1.644399491322304785e+00 1.646056954169093478e+00 1.677002344583462312e+00 1.679296834539093286e+00 1.744696561836469595e+00 1.745749978826009352e+00 1.780568131611085958e+00 1.781103196595291260e+00 1.868297378557680188e+00 1.870600091195358194e+00 1.896204062651718036e+00 1.897622414704946303e+00 2.278059687345295625e+00 2.281451720423057328e+00 2.988441602785566253e+00 2.988624419081392425e+00 3.534784656721751794e+00 3.534922637646430665e+00 5.050233465232419228e+00 5.051527689403027210e+00 5.271211240232360318e+00 5.272901828458254059e+00 5.542827494126058241e+00 5.543399486560754319e+00
3.971883272337299875e-01 4.084569558148282709e-01 4.991932454346575398e-01 5.062410331110152040e-01 5.569602696848928725e-01 5.613202210524147473e-01 6.490623633201234588e-01 6.525797412030842626e-01 7.076648868922249536e-01 7.086818677218991169e-01 7.809734955018304836e-01 7.827659987029216282e-01 8.512268619479621545e-01 8.532290866864576939e-01 9.227784211757638078e-01 9.245880741677950931e-01 9.509374394011211873e-01 9.552321795243347013e-01 1.054623693910551552e+00 1.055993286882450644e+00 1.118955850047401945e+00 1.119261912741092102e+00 1.251091230504799867e+00 1.251987587170659610e+00 1.312260535378521498e+00 1.313669091588184790e+00 1.359286411339176270e+00 1.360841079843507773e+00 1.408755801499764981e+00 1.409217227508636539e+00 1.494823691234572705e+00 1.495949769409626207e+00 1.532704882770391741e+00 1.533573520773886312e+00 1.587164583390217043e+00 1.588253651795616950e+00 1.645417479213038714e+00 1.647340418816425567e+00 1.671981252006698337e+00 1.673926641653791680e+00 1.739179681501100694e+00 1.740365743958138145e+00 1.786342822600941238e+00 1.787082543269219004e+00 1.867244827865884194e+00 1.868994960755720136e+00 1.894763614164459264e+00 1.896029010374736146e+00 2.283114871831621429e+00 2.286570520700418108e+00 2.988600681376877066e+00 2.988812779245481721e+00 3.534576884751585713e+00 3.534721094917192552e+00 5.047294161691221248e+00 5.048538708522290364e+00 5.276405794398602467e+00 5.278047923047851420e+00 5.542995156565493353e+00 5.543544471213458280e+00
3.922500742379258498e-01 4.052061912299156354e-01 5.036924392115263993e-01 5.131908566169299801e-01 5.667590563442808094e-01 5.706080499757075764e-01 6.575665673512719467e-01 6.607746862934102960e-01 7.046626428083513360e-01 7.059724897147878764e-01 7.794894660381200824e-01 7.813466499448222802e-01 8.518896793978877335e-01 8.535744513748246831e-01 9.186984963891241529e-01 9.200301350027625391e-01 9.569591730286904907e-01 9.622999161331099449e-01 1.047762224739544390e+00 1.049194227693700521e+00 1.112797290639967684e+00 1.112977986987558232e+00 1.254463664473183027e+00 1.255502634926474403e+00 1.311378480879475728e+00 1.312753030050002323e+00 1.360799563412522506e+00 1.362440512414799576e+00 1.409092428282920029e+00 1.409502437194614544e+00 1.498112289970265687e+00 1.499274428484508315e+00 1.536590985289379985e+00 1.537501807314735291e+00 1.579107753815537807e+00 1.580167868245838880e+00 1.645218411956243854e+00 1.647176210934306217e+00 1.668176489688057318e+00 1.670168623837333888e+00 1.732043174828060694e+00 1.733399133422778515e+00 1.793529708332793460e+00 1.794468558019060911e+00 1.865082520025420409e+00 1.866114614142402761e+00 1.893246149160030090e+00 1.894479106847122063e+00 2.288047464939872988e+00 2.291676503778456109e+00 2.989265572790972492e+00 2.989501859297579056e+00 3.534458618860781609e+00 3.534608915075069913e+00 5.043637243685122229e+00 5.044827198254949963e+00 5.282089828871041171e+00 5.283685268051120154e+00 5.543369765661301685e+00 5.543898315498976714e+00
3.923594278917455491e-01 4.060164401543880364e-01 5.083139584563687308e-01 5.190075649313555806e-01 5.722580441597301393e-01 5.758820628596678093e-01 6.629712400532545846e-01 6.659078864080988369e-01 7.022135426597591046e-01 7.041768688041583069e-01 7.759189274182630713e-01 7.779902262160951487e-01 8.561694589682098400e-01 8.575502737141267318e-01 9.158409933354283439e-01 9.169171705884392454e-01 9.574581456492338161e-01 9.635128473392005066e-01 1.044865674884281947e+00 1.046342434378281894e+00 1.107303588634913183e+00 1.107682974806260878e+00 1.257370480219157427e+00 1.258589135544839976e+00 1.308860560121629879e+00 1.310059171940155975e+00 1.363969810821039852e+00 1.365555296317433109e+00 1.409350689692620229e+00 1.409875706971164266e+00 1.498688358845658986e+00 1.499914593918934891e+00 1.540262743831617431e+00 1.541206805233551913e+00 1.572418490068272945e+00 1.573423830067682383e+00 1.642851717104941711e+00 1.644588257997572134e+00 1.665799602782182198e+00 1.667883774153360532e+00 1.727382300530841963e+00 1.728881795094433071e+00 1.799622587081233460e+00 1.800700706011053809e+00 1.862596336089711979e+00 1.862973361424338004e+00 1.891894361061663421e+00 1.893257733866493320e+00 2.291614009384430606e+00 2.295566028451663687e+00 2.990502109380647422e+00 2.990755191518542855e+00 3.534581237749222282e+00 3.534735679680120146e+00 5.039572165038463503e+00 5.040708695202754441e+00 5.287199239537366147e+00 5.288760504972194632e+00 5.543987124813423151e+00 5.544505442423346864e+00
3.863640631796220748e-01 3.994437278177997430e-01 4.990762442078916505e-01 5.081949689851587015e-01 5.661579336909251525e-01 5.702549608779561297e-01 6.558235756767846203e-01 6.586746856440587328e-01 7.058541589603719579e-01 7.065272283227432837e-01 7.839579010842037121e-01 7.855352568866851293e-01 8.516167892967193565e-01 8.538564550874142567e-01 9.168602069789982822e-01 9.181257558293690613e-01 9.584963551493689282e-01 9.636666676983933755e-01 1.047804612635817589e+00 1.049663640777296125e+00 1.116232794811953033e+00 1.116424304400668976e+00 1.251814908518928959e+00 1.252716973208253259e+00 1.313619380004729775e+00 1.315211323362708074e+00 1.357848576661659257e+00 1.359479538577960334e+00 1.409333933400647609e+00 1.409608691552908022e+00 1.500089450031192762e+00 1.501199137583018484e+00 1.534243483515772999e+00 1.535172052102486306e+00 1.584478805814788949e+00 1.585731951181402977e+00 1.647549089496592511e+00 1.649535902513682872e+00 1.670284115286271520e+00 1.672027652877109638e+00 1.731540328737773526e+00 1.732959449814153174e+00 1.789208442520571651e+00 1.790151320670807955e+00 1.866508752978723429e+00 1.868109102009907208e+00 1.894653837413643460e+00 1.895971858209341443e+00 2.286874637491359330e+00 2.290188455210662166e+00 2.987547504303084356e+00 2.987770859725838779e+00 3.534321171701735764e+00 3.534468771492001782e+00 5.046991797858819240e+00 5.048225168411235586e+00 5.278399958958977400e+00 5.280019913137243392e+00 5.542707540323640103e+00 5.543238002856720748e+00
3.798750008512757348e-01 3.920371733949868931e-01 4.879272797560681441e-01 4.947367687752998733e-01 5.568963263723721857e-01 5.617027934814458057e-01 6.432424649284329554e-01 6.459713800952703311e-01 7.137720576812417450e-01 7.156564782599066366e-01 7.942611915158053204e-01 7.956650641802651691e-01 8.527329402066697872e-01 8.557777479337269622e-01 9.188319549927602692e-01 9.201559070454106148e-01 9.556312256157406537e-01 9.596333033688384528e-01 1.051927961911639064e+00 1.054333513880935991e+00 1.122411580794230535e+00 1.122747263258637718e+00 1.242319584332601812e+00 1.242959752046733701e+00 1.313232703585801575e+00 1.314987530760127976e+00 1.357398843497501506e+00 1.358616906204626718e+00 1.410310679890984797e+00 1.410709032150374131e+00 1.503255833324063540e+00 1.504084352098529864e+00 1.529404076386161826e+00 1.530341029604067593e+00 1.596216908434197057e+00 1.597862997400589569e+00 1.646023078989461208e+00 1.647754473249652962e+00 1.676093246829482686e+00 1.677491676639488061e+00 1.732473181671223994e+00 1.733854292313089074e+00 1.780543941328574409e+00 1.781517737733289586e+00 1.868884813288287594e+00 1.871419271216961278e+00 1.897340047338091917e+00 1.899037017758850698e+00 2.283483794004106393e+00 2.286780093470864639e+00 2.984611635430228560e+00 2.984799455242233002e+00 3.534802922264319580e+00 3.534939643698379985e+00 5.051945680668387340e+00 5.053251939064379528e+00 5.270537336424312436e+00 5.272224459012982756e+00 5.541835389399934364e+00 5.542394852817718487e+00
3.724957075081120617e-01 3.833920288373210417e-01 4.753778349255894931e-01 4.798302297748788248e-01 5.455793987882535667e-01 5.505012231051463756e-01 6.274217130860547664e-01 6.309212447250556188e-01 7.253742913283210969e-01 7.287817505362840231e-01 8.048621246581105781e-01 8.070319680621206304e-01 8.603257339779764035e-01 8.636499581650060042e-01 9.195281162146436982e-01 9.211401089692130562e-01 9.520375149155350103e-01 9.548480704044532974e-01 1.056241272409004894e+00 1.059139719520233891e+00 1.124778737566505038e+00 1.125397233002930930e+00 1.226864100907034016e+00 1.227398215410161919e+00 1.310867990520755866e+00 1.312642654384134966e+00 1.361825240527769321e+00 1.362488303056746952e+00 1.412013777365189515e+00 1.412682920818552734e+00 1.504411173566258197e+00 1.504943483700817541e+00 1.529353529330598871e+00 1.530230795281291245e+00 1.606601896710547983e+00 1.608682835905010933e+00 1.641078994291108151e+00 1.642485922986550273e+00 1.680197240583811924e+00 1.681464406679046064e+00 1.726634768372526496e+00 1.727762339023351634e+00 1.778587096102336895e+00 1.779604746851495056e+00 1.869860192970035806e+00 1.872712334082386798e+00 1.898690023325936282e+00 1.900490622964361442e+00 2.281960449089170506e+00 2.286012172228193862e+00 2.981806268658041770e+00 2.981954603170164475e+00 3.536092622680935715e+00 3.536213989142956482e+00 5.053559895229981613e+00 5.054896480678305437e+00 5.264487161859005226e+00 5.266234150063293207e+00 5.541424883330553719e+00 5.542030682030865130e+00
3.637136738834672034e-01 3.730910711786652456e-01 4.620871871867541780e-01 4.645213097518101075e-01 5.323172378500803381e-01 5.363386547990330877e-01 6.120838226059261977e-01 6.172201774946953767e-01 7.383863162038627470e-01 7.431262916257619366e-01 8.162332979393517318e-01 8.189071224293428264e-01 8.736962970567021536e-01 8.768537745280743367e-01 9.162726382248950197e-01 9.187137354061087890e-01 9.514637821663906037e-01 9.533095610115591700e-01 1.058711953579713816e+00 1.061835825916990439e+00 1.123886620455019969e+00 1.124618005958327949e+00 1.205719850010720018e+00 1.206662250564606298e+00 1.310111753532448242e+00 1.312152018047772595e+00 1.367853638106309333e+00 1.368185232935668960e+00 1.413391269203815970e+00 1.414195427344339340e+00 1.501628163687929840e+00 1.502379464163572154e+00 1.535093489273104295e+00 1.535921834784910622e+00 1.613797073009618943e+00 1.616458204007524824e+00 1.635460692114993675e+00 1.636405810301994279e+00 1.681722192811306638e+00 1.682784673256458197e+00 1.715341000099581015e+00 1.716064985355108652e+00 1.782625090367786491e+00 1.783799812374918359e+00 1.869739913025851186e+00 1.872601282170103687e+00 1.898195958417326912e+00 1.899858806299790315e+00 2.282523908296237636e+00 2.287825785828200953e+00 2.979216614314196043e+00 2.979324667909404312e+00 3.538159289740454572e+00 3.538261489015427141e+00 5.051382596483249721e+00 5.052694496491522358e+00 5.260879594578361740e+00 5.262665556005591050e+00 5.541470942484274964e+00 5.542138198659589676e+00
3.529615915228262457e-01 3.607032467712386614e-01 4.488432747731443406e-01 4.499024559154376490e-01 5.169049885918397536e-01 5.192277360303987344e-01 5.998378914088392522e-01 6.072489256752432452e-01 7.512653211640067941e-01 7.572910198597171405e-01 8.292556167210163309e-01 8.315848486913537396e-01 8.908118805925336892e-01 8.937961197418357040e-01 9.098269591404687384e-01 9.127097426509644951e-01 9.544501015316042558e-01 9.555671370174503299e-01 1.057466120320309066e+00 1.060574847891088135e+00 1.121008324607163820e+00 1.121616331913741771e+00 1.181568510691212159e+00 1.183221291221755900e+00 1.311594468920895817e+00 1.314107939195531261e+00 1.373576222800273028e+00 1.373925330235351794e+00 1.413483305535269796e+00 1.414152191832134031e+00 1.497225017490302124e+00 1.498238728667495412e+00 1.543555180360981716e+00 1.544274486571737270e+00 1.613604189903236064e+00 1.616978823534947596e+00 1.632584669160501933e+00 1.633015820801420936e+00 1.680519406256608894e+00 1.681075678162882170e+00 1.704711314723940108e+00 1.705990614528255289e+00 1.787595867017530926e+00 1.789032291260161278e+00 1.868886971808542130e+00 1.871900775417798091e+00 1.896619207329711232e+00 1.898238458936515771e+00 2.284851344893135128e+00 2.291620502389720038e+00 2.976901512965293595e+00 2.976973463836821043e+00 3.540871958546539133e+00 3.540952969077979517e+00 5.045615389592679634e+00 5.046850598618060069e+00 5.259846187920519611e+00 5.261647825119610822e+00 5.541916783164221982e+00 5.542656497602190591e+00
3.398757684829620263e-01 3.459541163895870630e-01 4.357286117587943486e-01 4.372569513599275925e-01 5.002787937691377529e-01 5.012023674988811406e-01 5.912206905600593254e-01 6.012357896102892285e-01 7.638366520829081852e-01 7.708198391804689242e-01 8.435531264841741317e-01 8.449949747798645161e-01 8.994183470217786969e-01 9.018956157088894310e-01 9.138987317823452639e-01 9.153921047612953998e-01 9.588423334791814634e-01 9.591857905989447097e-01 1.051885570655724855e+00 1.055003330465973610e+00 1.116538298042151434e+00 1.117060133858463811e+00 1.157758562732778884e+00 1.160252881774461509e+00 1.314720755437134514e+00 1.317731759291398630e+00 1.377719267904965017e+00 1.378405882329909460e+00 1.412669585262903649e+00 1.412977029405987350e+00 1.492360843794826364e+00 1.493596599180315287e+00 1.551891426919475681e+00 1.552407685698148798e+00 1.605153144192135395e+00 1.608493240995944484e+00 1.632953995011139803e+00 1.633563151441055128e+00 1.675008173745328399e+00 1.675322553132259529e+00 1.700679133203521154e+00 1.703834412339265691e+00 1.790234888363094967e+00 1.791869757791276108e+00 1.868443185816488494e+00 1.871723467579015310e+00 1.895069086631481659e+00 1.896663518654904790e+00 2.288233906437696419e+00 2.296531692815763748e+00 2.974896493820905707e+00 2.974945994971443852e+00 3.544006436354798506e+00 3.544066808470573093e+00 5.037149204522731516e+00 5.038274583726952471e+00 5.260962778954122676e+00 5.262765558201244254e+00 5.542663343702929346e+00 5.543481261523647952e+00
3.247274418827800213e-01 3.291472163018109853e-01 4.233900240403271620e-01 4.262676067824092696e-01 4.843312420553210762e-01 4.858634440123472675e-01 5.853958240892470632e-01 5.980058032151601699e-01 7.766331050509042155e-01 7.838144706778363835e-01 8.573867133534142093e-01 8.579190286228022266e-01 8.919035095204251862e-01 8.940230290789225043e-01 9.337594222981716596e-01 9.365183655900946036e-01 9.619260854414013462e-01 9.630352623927053157e-01 1.043600645622294376e+00 1.046917484936958909e+00 1.107879832557551625e+00 1.108511178258303032e+00 1.139056362480937556e+00 1.142125415455984339e+00 1.318317520665526654e+00 1.321729027745144558e+00 1.380070562425071756e+00 1.381021347792113607e+00 1.412020660124918559e+00 1.412114144858195752e+00 1.487206141051633290e+00 1.488586321665194889e+00 1.557191543346053697e+00 1.557517813877737467e+00 1.594469131230686010e+00 1.597319753685884747e+00 1.633177647561966594e+00 1.633926538655786853e+00 1.667588636865910523e+00 1.667884229918161987e+00 1.703139804801230062e+00 1.707530622975075296e+00 1.789852841063203970e+00 1.791586122130972125e+00 1.869648270677711555e+00 1.873019227963512501e+00 1.893941933712853798e+00 1.895233337624052661e+00 2.291901829258781831e+00 2.301679503965260665e+00 2.973221368472148907e+00 2.973273015219525472e+00 3.547263640734837242e+00 3.547306800007934413e+00 5.027349814597831923e+00 5.028356969765562567e+00 5.263440998552058048e+00 5.265241273264142485e+00 5.543579709119833332e+00 5.544475537786001773e+00
3.087716818322038814e-01 3.116130691452428381e-01 4.123051884134990575e-01 4.164777926217252402e-01 4.722908448209176546e-01 4.744945206853274366e-01 5.813877910525986348e-01 5.963354684597853561e-01 7.900343901614633735e-01 7.964626964437521162e-01 8.668143721580023886e-01 8.669356245764010538e-01 8.862491866648323224e-01 8.875918191235855348e-01 9.513410117252941722e-01 9.564638008554732229e-01 9.661046059264550845e-01 9.671162220489446515e-01 1.035816777369751529e+00 1.039367677518922894e+00 1.091844383557011744e+00 1.092592468074033762e+00 1.129799397378392634e+00 1.132347370168626188e+00 1.320632599398771312e+00 1.324260870824239378e+00 1.382598306705480784e+00 1.383495702019660545e+00 1.411639491470487062e+00 1.411841635514364368e+00 1.481732947596436922e+00 1.483055991302872911e+00 1.556351681329664283e+00 1.556578131844061685e+00 1.587174468433026675e+00 1.589126900965972311e+00 1.632551891746841122e+00 1.633424412121811553e+00 1.661763508520797350e+00 1.661981961366674199e+00 1.707831840523078348e+00 1.712794190183446030e+00 1.787700605326393966e+00 1.789525647870786162e+00 1.872555441887995054e+00 1.875811436297407431e+00 1.892862028695898813e+00 1.893651263057566370e+00 2.295236832378401370e+00 2.306336000957476706e+00 2.971897339844155717e+00 2.971965215545684824e+00 3.550300801465379408e+00 3.550332797498020554e+00 5.017740178845695453e+00 5.018641345775527007e+00 5.266404167007347148e+00 5.268204087234648725e+00 5.544516163719922730e+00 5.545482959724681749e+00
2.942494321773257981e-01 2.957693507919074150e-01 4.031595544365822459e-01 4.083454455409989414e-01 4.649577416347115411e-01 4.673480571410580930e-01 5.786376929269300140e-01 5.954597486649454430e-01 8.038527587576330680e-01 8.086181714597422410e-01 8.641239529209161496e-01 8.648289913607110080e-01 8.894920984749912218e-01 8.898190893423654213e-01 9.540833456846545824e-01 9.599113870646742708e-01 9.822255163746432816e-01 9.841480104344019209e-01 1.030959552573038618e+00 1.034759838382852237e+00 1.072185841337006895e+00 1.073095696968874746e+00 1.126192191541587562e+00 1.127761695937831155e+00 1.320515231811912660e+00 1.324154603898315408e+00 1.387714506224138278e+00 1.388394250440278199e+00 1.410825748818127501e+00 1.410998069855288417e+00 1.475881159752387539e+00 1.476870107044067959e+00 1.550876182318624341e+00 1.551035679408870660e+00 1.584063479071393665e+00 1.585327692419409962e+00 1.631473388825087634e+00 1.632458126952197164e+00 1.658583511149367418e+00 1.658833713278487831e+00 1.712137401860281516e+00 1.717271963421234782e+00 1.785416272188614650e+00 1.787440001028095526e+00 1.876399085858698301e+00 1.879427952407707769e+00 1.891172987465101318e+00 1.891808871350883825e+00 2.297831694670525060e+00 2.309980753690928257e+00 2.970942160132875820e+00 2.971025988114951222e+00 3.552774793780891560e+00 3.552802465314957026e+00 5.009732464829154353e+00 5.010552745549599507e+00 5.269085779227604682e+00 5.270887874993154476e+00 5.545321645020453438e+00 5.546345622814168763e+00
2.839105278544936661e-01 2.845885911016447500e-01 3.970667797177598879e-01 4.028932818934782278e-01 4.613299544027760768e-01 4.636997138355446468e-01 5.769732763058226244e-01 5.950177662434760206e-01 8.168929491128241738e-01 8.192443301223730767e-01 8.548035545088474851e-01 8.568843964157979443e-01 8.953558764797693303e-01 8.958318794934372331e-01 9.510742443109998501e-01 9.570725512061899476e-01 1.000552916547365667e+00 1.004621502751524620e+00 1.029228485357675638e+00 1.033236362236817252e+00 1.053440678827474164e+00 1.053915149590370026e+00 1.124597980070678460e+00 1.125297917883763876e+00 1.318994978421898168e+00 1.322559574391104498e+00 1.394875560670905790e+00 1.395311537733669116e+00 1.408784407975487873e+00 1.408940329055135221e+00 1.470479302882542694e+00 1.471012329389875806e+00 1.546219087749582721e+00 1.546268496733994358e+00 1.582197270238054454e+00 1.583427140553856027e+00 1.630531770045261064e+00 1.631618175041607666e+00 1.657541246003437330e+00 1.657846650555195200e+00 1.714891673367220148e+00 1.720010202861897541e+00 1.783924913313908123e+00 1.786200747889272744e+00 1.880373831364375192e+00 1.883178219826281641e+00 1.888615565704088839e+00 1.889630910894683602e+00 2.299458467305663056e+00 2.312284578006171820e+00 2.970365590336293327e+00 2.970460003430787310e+00 3.554392154733210241e+00 3.554419580746634999e+00 5.004448222357748222e+00 5.005218785071741117e+00 5.270920576782147648e+00 5.272725321290249845e+00 5.545865064236648934e+00 5.546926275995813782e+00
2.801215580062605404e-01 2.805619169847509697e-01 3.949285472752027681e-01 4.009750516898763495e-01 4.602666974664670896e-01 4.626151759405267572e-01 5.764093021162025599e-01 5.948798437930004068e-01 8.239444696449617078e-01 8.244114222321626828e-01 8.487815316458523496e-01 8.523452269781373047e-01 8.977941034277755472e-01 8.984377701974983754e-01 9.494524276081238723e-01 9.554687440997937653e-01 1.010422266685901516e+00 1.016981811063855323e+00 1.029892885592324836e+00 1.033085447366319354e+00 1.042048707487770676e+00 1.042540706475272527e+00 1.124087583755861486e+00 1.124464565312844444e+00 1.318167459862326085e+00 1.321694612758058884e+00 1.399619115134772995e+00 1.399706603638712687e+00 1.406312232970541753e+00 1.406971613711049951e+00 1.468066143013564195e+00 1.468416696995046067e+00 1.544598001233242313e+00 1.544632623011105599e+00 1.581404770014926964e+00 1.582702426522395900e+00 1.630176077316292105e+00 1.631303592677450176e+00 1.657386769942738480e+00 1.657730659724933275e+00 1.715807732878484426e+00 1.720897336619243490e+00 1.783435170040720497e+00 1.785827764600620648e+00 1.882955093867095808e+00 1.886095696528928833e+00 1.886517601110212050e+00 1.887319503310569635e+00 2.300010730660765557e+00 2.313070883126887800e+00 2.970172833051921479e+00 2.970270899865334879e+00 3.554954677947891550e+00 3.554982443253700719e+00 5.002604634292022290e+00 5.003358535397369522e+00 5.271569608114616834e+00 5.273375487866777789e+00 5.546056830247559688e+00 5.547130978441892069e+00
2.677072946000987885e-01 2.905583837946796866e-01 3.598238822556693584e-01 4.256117951829639923e-01 4.338940765074174033e-01 4.997130387444437272e-01 5.684199747341263098e-01 5.928991773855341041e-01 7.982924927861078102e-01 8.187035668044125858e-01 8.493538720312998613e-01 8.713465713029217019e-01 8.751872972700998066e-01 9.235257524216033964e-01 9.405504422337537251e-01 9.561297030112373418e-01 9.844167337222642367e-01 1.018537278753805397e+00 1.028115086478483375e+00 1.039833860501648832e+00 1.044145431160254267e+00 1.070967574281213031e+00 1.119766291221371723e+00 1.126715181913878094e+00 1.315026870451223351e+00 1.321999257388837501e+00 1.393736215714653559e+00 1.405275682435076501e+00 1.405653134112237801e+00 1.411849943490252501e+00 1.459125019929401024e+00 1.476256250821515570e+00 1.534751056907956324e+00 1.555428255582749886e+00 1.574518056541808653e+00 1.590748091798773745e+00 1.625095343460892350e+00 1.635854019193873743e+00 1.650251034830317209e+00 1.667014570579610000e+00 1.710078026779686899e+00 1.720004470826358878e+00 1.779298538328678791e+00 1.793149243802705461e+00 1.882719319136006320e+00 1.882816947538049401e+00 1.886948753555494074e+00 1.890290033173105622e+00 2.291982642671980042e+00 2.310151572030056499e+00 2.968864325977103036e+00 2.971891197632298365e+00 3.554201993814329885e+00 3.557290801628924637e+00 4.994358248931515476e+00 5.011630514812121184e+00 5.264186250790681143e+00 5.278210920884349733e+00 5.542202847058114834e+00 5.549814810508578944e+00
2.509820647137824268e-01 2.993893392271370635e-01 3.201102855553956683e-01 3.942203384785701870e-01 4.667494494922949100e-01 5.388319740105733668e-01 5.424668838188586584e-01 5.885016514513468078e-01 7.730855095931316034e-01 7.838076669030242805e-01 8.440369538681781192e-01 8.718605915349196822e-01 8.921626987358559635e-01 9.174816639836201881e-01 9.468981537829104234e-01 9.552580953241871509e-01 9.638656438002940474e-01 1.014501180611892428e+00 1.036136651809095088e+00 1.036606131558119426e+00 1.046119452972805064e+00 1.113733921624518786e+00 1.120186443695767364e+00 1.126874182274833158e+00 1.309016048642976937e+00 1.321737893991104862e+00 1.387722231827190233e+00 1.405524683829517674e+00 1.411555962090994543e+00 1.420755570469839357e+00 1.448919475695273018e+00 1.483599716638677624e+00 1.526411915744669390e+00 1.566391688155240214e+00 1.570858515171264402e+00 1.595125012148749910e+00 1.623811712602069246e+00 1.638868452226696082e+00 1.645241703102860997e+00 1.678179807842931082e+00 1.695996807498583614e+00 1.716413896186171684e+00 1.776614815194762498e+00 1.802713322990887157e+00 1.877859277852037545e+00 1.882412737506168110e+00 1.889577708551307467e+00 1.892720373373307119e+00 2.269859552061778807e+00 2.300559019149487128e+00 2.967791742423063983e+00 2.973840598392068824e+00 3.554887696797081276e+00 3.561067356566462561e+00 4.986038176749153727e+00 5.020054348632690733e+00 5.253063046644430578e+00 5.281858475883487891e+00 5.537581381599251173e+00 5.551161398352896015e+00
2.284472579039238116e-01 2.788077414496158979e-01 3.072365704818434962e-01 3.690739969928978903e-01 4.871840200891723316e-01 5.067450533131979684e-01 5.776612699284986441e-01 5.826605888312320625e-01 7.494962982228141612e-01 7.505075893076368354e-01 8.171549257300171343e-01 8.891918309163462375e-01 8.901823085809773550e-01 9.035388547590269548e-01 9.504938965134243078e-01 9.531912527190369300e-01 9.676718579607099802e-01 1.013402776266171257e+00 1.032768096454906193e+00 1.042396552940640264e+00 1.049593303197666971e+00 1.107038201663061772e+00 1.124917522498354749e+00 1.169460205956614596e+00 1.303642203560320789e+00 1.321590847724950946e+00 1.381030228014844541e+00 1.405096152577083979e+00 1.417091882758550137e+00 1.431545216770636841e+00 1.438390700817148149e+00 1.490743769563854126e+00 1.519798450493110353e+00 1.571703068805543779e+00 1.576696343273452872e+00 1.591465297323841899e+00 1.630865639492542929e+00 1.639597109953147003e+00 1.642416076257465107e+00 1.676948605749384091e+00 1.690375780699306940e+00 1.710935079300950568e+00 1.773703621350888771e+00 1.811369550405029782e+00 1.872485786925458973e+00 1.881834107408714596e+00 1.893880130234779191e+00 1.894233129911846669e+00 2.236751577572423599e+00 2.284550985097415055e+00 2.966946462094998793e+00 2.975972525971122717e+00 3.556750068756862060e+00 3.565993973586376153e+00 4.978286768141569674e+00 5.028051380242603230e+00 5.239061555186428798e+00 5.284036979457206407e+00 5.533513546439930764e+00 5.550452524370755647e+00
1.995290020915798657e-01 2.359773228857064975e-01 3.140899759119841761e-01 3.508052409557940732e-01 4.320771049761726879e-01 5.267795135527517658e-01 5.761967819596972573e-01 6.152788473003159009e-01 7.204059246067279210e-01 7.281434615187540871e-01 7.918118807619024535e-01 8.673594756035307718e-01 8.989529117104153588e-01 9.112497920309420296e-01 9.398250245024599714e-01 9.505535135083290621e-01 9.853027524519781810e-01 1.013606473407099529e+00 1.028676175287617456e+00 1.046992369270956402e+00 1.055775629527908155e+00 1.100988923693298371e+00 1.121323822275047233e+00 1.214279021068414899e+00 1.301753655220031947e+00 1.321698282868146279e+00 1.372743130700261549e+00 1.404078151218954851e+00 1.421992623805893086e+00 1.428950198633216040e+00 1.442190175842394728e+00 1.497911883659944321e+00 1.514789529008479629e+00 1.575133575717414303e+00 1.585117699546773729e+00 1.585661336885448858e+00 1.637910769916262721e+00 1.641477305627843775e+00 1.641514538915025412e+00 1.656373955559657274e+00 1.702767369643833240e+00 1.704610884072431887e+00 1.768636510930651218e+00 1.818045794020226369e+00 1.866850938417051076e+00 1.881153370055180574e+00 1.894890335131700354e+00 1.899223173965506772e+00 2.196727663696834920e+00 2.263579301597449245e+00 2.966275676432145847e+00 2.978136326238686404e+00 3.559396649074328067e+00 3.571601113695376473e+00 4.971374121625804499e+00 5.035408697813708478e+00 5.222917515207289085e+00 5.285137855195798373e+00 5.530561786224374110e+00 5.547871349911409844e+00
1.651734198842132739e-01 1.915417835149833548e-01 3.197844462943115751e-01 3.385020728821553360e-01 3.581200800755378055e-01 5.498807505953065000e-01 5.708442801067677985e-01 6.508332138606333084e-01 6.937669836891415809e-01 7.094542407389214933e-01 7.692034213986450597e-01 8.517163944799696074e-01 9.002827058141027461e-01 9.166407577289400477e-01 9.310870784943536815e-01 9.479066185879428952e-01 9.991531958732822183e-01 1.014087640162712134e+00 1.024723707429681996e+00 1.050131244635339023e+00 1.063935956260948945e+00 1.097757866828236839e+00 1.116803606866902721e+00 1.250066611179869724e+00 1.306567810350899750e+00 1.320961833088738491e+00 1.362323055419255802e+00 1.404371569701389877e+00 1.421863134878524004e+00 1.426077574659067482e+00 1.451091207999232413e+00 1.504978616269018410e+00 1.511126462594100772e+00 1.576365879400504655e+00 1.580360668403395064e+00 1.592826398445846836e+00 1.629861754645586469e+00 1.641993832837546963e+00 1.643107341042018055e+00 1.651131370391537567e+00 1.698955991776163410e+00 1.714468901870646711e+00 1.761058503445417589e+00 1.822689249100126307e+00 1.861280003381131865e+00 1.880312659837285461e+00 1.894849959411810891e+00 1.904475568391371443e+00 2.155080399569800687e+00 2.239691273873415156e+00 2.965745850403060935e+00 2.980163065830143676e+00 3.562379914864637342e+00 3.577318171381064005e+00 4.965524002952301785e+00 5.041905690666328432e+00 5.206008442860562191e+00 5.285473020628053575e+00 5.528861374610069213e+00 5.543989326436117082e+00
1.268935018881305610e-01 1.454673680125087853e-01 2.754046078028534739e-01 3.241621395801789762e-01 3.306886968651835401e-01 5.655193699890604941e-01 5.719874128036543937e-01 6.718545686833555797e-01 6.832690686068987329e-01 6.938413225215359637e-01 7.504806462772292130e-01 8.423295507789708703e-01 8.946039513613589511e-01 9.203373189069231630e-01 9.243897521027110153e-01 9.456700655115534149e-01 1.008661209950069582e+00 1.014410005786092750e+00 1.021269909677456678e+00 1.052145075033766863e+00 1.070377377333656899e+00 1.100437140717877238e+00 1.112168703255976387e+00 1.271560036016637918e+00 1.318088591067732684e+00 1.321996029347072943e+00 1.350506216382912017e+00 1.407080021171227768e+00 1.417374655526395077e+00 1.429261417462921679e+00 1.457166700943878235e+00 1.508548124762357778e+00 1.511511136694339674e+00 1.570047994426770011e+00 1.579240607034810839e+00 1.598028346474530181e+00 1.616846903017650439e+00 1.641942373592028659e+00 1.643406550873744099e+00 1.654618742383563434e+00 1.697504942623768498e+00 1.724629166637238864e+00 1.751908462936989430e+00 1.825793118540150584e+00 1.856183694634472969e+00 1.879226816254378374e+00 1.894353759437777063e+00 1.908437459319858087e+00 2.117484694605939577e+00 2.215550936459822928e+00 2.965341941643559576e+00 2.981897297993244766e+00 3.565254486599882533e+00 3.582547952380879419e+00 4.960892131843158026e+00 5.047308702155987703e+00 5.190130917892354034e+00 5.285314753307235769e+00 5.528190927383562325e+00 5.539629408618813144e+00
8.597298688017676604e-02 9.791145211564002138e-02 1.867853840425774681e-01 3.257282379841371367e-01 3.275437763915873268e-01 5.661650495706014308e-01 5.865950920083616849e-01 6.559581762405398697e-01 6.818359356110287317e-01 7.109157166416362195e-01 7.365714755402639202e-01 8.370923761601964941e-01 8.849547100642243258e-01 9.195674947330495508e-01 9.228297445659772169e-01 9.441487036677823630e-01 1.013943662483357100e+00 1.014513742334565594e+00 1.018603979449307806e+00 1.053370091829461064e+00 1.073172196758641395e+00 1.108195555919563757e+00 1.108496671690519131e+00 1.281255224376079749e+00 1.314348079955511839e+00 1.339251027923317405e+00 1.342603297548922603e+00 1.410703476550261737e+00 1.414881838593960106e+00 1.431523635546175122e+00 1.459922537703553624e+00 1.506856350602408634e+00 1.516877335419210215e+00 1.558845671518858778e+00 1.582803053275862792e+00 1.601400123142050935e+00 1.607015059068318541e+00 1.644774007019326634e+00 1.645063852463674259e+00 1.648680150209172579e+00 1.702308736976578807e+00 1.732497089009427560e+00 1.742981357808306653e+00 1.827847785820139626e+00 1.852036945301020587e+00 1.878011336453934588e+00 1.893693632186463027e+00 1.910440916412728951e+00 2.088625140540548486e+00 2.194422325408682095e+00 2.965058207773656918e+00 2.983216864700351412e+00 3.567624157564332599e+00 3.586738576865365680e+00 4.957562750843169219e+00 5.051383775377668250e+00 5.177148798367546156e+00 5.284929041318105369e+00 5.528146074593912829e+00 5.535690677936226045e+00
4.339103149177084978e-02 4.924829711548175948e-02 9.434667319888281889e-02 3.234938333502283547e-01 3.291799065572339478e-01 5.667918952326688187e-01 5.973921288349005598e-01 6.463664504485399087e-01 6.741899811114516750e-01 7.280322861142888291e-01 7.307343661931273715e-01 8.344259880658962958e-01 8.755254952022054615e-01 9.168734679975294455e-01 9.240144723206960009e-01 9.433761011677468389e-01 1.014497425519233165e+00 1.016128467828731008e+00 1.016929576167091787e+00 1.054040338857517245e+00 1.074325239105309304e+00 1.105539434231269658e+00 1.116254047790041337e+00 1.285677066854108430e+00 1.310874104892879366e+00 1.331013506567611637e+00 1.359343370941703544e+00 1.412866153844006600e+00 1.413680700581968708e+00 1.432872268655374093e+00 1.459961403402556535e+00 1.505899893671023948e+00 1.520432210892028069e+00 1.550767824008982831e+00 1.590195509652065908e+00 1.599513579623249138e+00 1.603238660592436471e+00 1.637767987536089320e+00 1.646347828418693648e+00 1.648272579798458093e+00 1.708473875546603793e+00 1.736410849411010870e+00 1.737477201127827664e+00 1.829060576436442487e+00 1.849309429209967215e+00 1.877026670301038314e+00 1.893155210461326954e+00 1.910839834427795925e+00 2.071036210306324232e+00 2.179803542027938246e+00 2.964890666567133959e+00 2.984039094771759881e+00 3.569178344266193292e+00 3.589445691201156752e+00 4.955565000270016895e+00 5.053924930338554944e+00 5.168651523172402840e+00 5.284568358572432345e+00 5.528315957180576667e+00 5.532966271443403805e+00
-6.277712985335024472e-04 -2.279132209554383243e-04 -7.120486423802777684e-08 3.227753212749499001e-01 3.297588008556462391e-01 5.671402022881028016e-01 6.014431156879839202e-01 6.430822465071154292e-01 6.715505746458234615e-01 7.251864029198800132e-01 7.382020362684502679e-01 8.335981261936009634e-01 8.714339653208892367e-01 9.159848742564287161e-01 9.243718861249169416e-01 9.431598134237104691e-01 1.014475712335927371e+00 1.016354438425529416e+00 1.016652898563545682e+00 1.054257079161869282e+00 1.074711599017572627e+00 1.104604147902069622e+00 1.119333008902991589e+00 1.287037932270959972e+00 1.309492327838090997e+00 1.327964400486606245e+00 1.365807670320629663e+00 1.413328047616903005e+00 1.413338031904082470e+00 1.433320016987179812e+00 1.459447615515396368e+00 1.505591035538160538e+00 1.521679325814307537e+00 1.548332921717950450e+00 1.595183128472830392e+00 1.596367015737032657e+00 1.603815864831758642e+00 1.631415784217884912e+00 1.646826727581983674e+00 1.649715288140991554e+00 1.711085219026470483e+00 1.733981983813768668e+00 1.739182263591608768e+00 1.829462924574392302e+00 1.848355859089840791e+00 1.876648581942119476e+00 1.892949663328610921e+00 1.910757534970110916e+00 2.065216699377686815e+00 2.174554455621273696e+00 2.964835409171375336e+00 2.984318011901065493e+00 3.569719079413752549e+00 3.590381306026695807e+00 4.954900013558057204e+00 5.054789111054944328e+00 5.165695966809342288e+00 5.284424001722333841e+00 5.528407864357460788e+00 5.531994542067860898e+00
4.981119407507361707e-02 5.137424972481630103e-02 9.865249716202552366e-02 3.190207159960366523e-01 3.507123230585644236e-01 5.647241941016952760e-01 5.994911612500845033e-01 6.409727516428236349e-01 6.662345402626088653e-01 7.227948411419564678e-01 7.416414339600443384e-01 8.254990506453272481e-01 8.717193723253736648e-01 9.021110793407058903e-01 9.328349652152422289e-01 9.426582167048910277e-01 1.012055030533600464e+00 1.014218289509395188e+00 1.024330629758366973e+00 1.055175448665378823e+00 1.074861479129886055e+00 1.106152862968372563e+00 1.118619944175852421e+00 1.290104697171065684e+00 1.318010671499509900e+00 1.326231603591367492e+00 1.357576086364868040e+00 1.402940490871108947e+00 1.414708861345401081e+00 1.440381049993293638e+00 1.460383404699287402e+00 1.500616238446100148e+00 1.527827465249924854e+00 1.549035194994102138e+00 1.589770039078743036e+00 1.601979767258051801e+00 1.605912007161808708e+00 1.632739176439609752e+00 1.649065245177952832e+00 1.650922549573167419e+00 1.714532186376852341e+00 1.735297733090049865e+00 1.738125800476479021e+00 1.829375595945838873e+00 1.848146605572259293e+00 1.876135364556122287e+00 1.891787844508410643e+00 1.909517546327524906e+00 2.065348432585256688e+00 2.175088384724005230e+00 2.966820485733857815e+00 2.984715514943002468e+00 3.569890982346667574e+00 3.588579702528813531e+00 4.955163459198121068e+00 5.054238579711697099e+00 5.166188508088335851e+00 5.288557966102369612e+00 5.526951435469674045e+00 5.533033808431832234e+00
9.707290779148237958e-02 9.947911497882049037e-02 1.942371031002936010e-01 3.311013274085611302e-01 3.882555391126902844e-01 5.574820374175335491e-01 5.946243388404024444e-01 6.346271767799853691e-01 6.527251725435433416e-01 7.157534457299750130e-01 7.495691561534115754e-01 8.066809645315059507e-01 8.723088610933368292e-01 8.861842969992407282e-01 9.247277946922346503e-01 9.504587868544556173e-01 1.000763536021222366e+00 1.010247018421823295e+00 1.048874403886372875e+00 1.056914485336519993e+00 1.074503046904812908e+00 1.110589036000966479e+00 1.117295539521254044e+00 1.290313476021608174e+00 1.323161980969826956e+00 1.334870181687791479e+00 1.348472313307720771e+00 1.384085918922645986e+00 1.418940757218461579e+00 1.449555142761263848e+00 1.463698449346715336e+00 1.494805680580555407e+00 1.535289175425231134e+00 1.550372760768937486e+00 1.583803403272604493e+00 1.608701028879064632e+00 1.610397334578725026e+00 1.636080646441613995e+00 1.648695954528053287e+00 1.660534489064450003e+00 1.718458089997567217e+00 1.735427443620706223e+00 1.743339922110043627e+00 1.828798348710455546e+00 1.847359579135204433e+00 1.875447932225101422e+00 1.889052083700549334e+00 1.906012396566663769e+00 2.065730444282265932e+00 2.176382538510667430e+00 2.970915167596334339e+00 2.987403015085578151e+00 3.570193370223754936e+00 3.583641405384460743e+00 4.955728749842681857e+00 5.052974461335036693e+00 5.167808458797431115e+00 5.300080422897975652e+00 5.523570318872549123e+00 5.535436923114076535e+00
1.368339707008352779e-01 1.487295301615162990e-01 2.828674242958231777e-01 3.600440823321510719e-01 4.345261866308034460e-01 5.462293651766321201e-01 5.884264870355553345e-01 6.244061785398422604e-01 6.348833383281713427e-01 7.045470779348917967e-01 7.588820033482648331e-01 7.872353411729696715e-01 8.698002199561521985e-01 8.726336861057246708e-01 9.111112596028922983e-01 9.576644447808152494e-01 9.840885266306217405e-01 1.012455228493146731e+00 1.057955858422852780e+00 1.072702497054049076e+00 1.078001593081549414e+00 1.116047524820462655e+00 1.117359717661114749e+00 1.271959562106754094e+00 1.321594286334208279e+00 1.330089369904654539e+00 1.363246154425689083e+00 1.377082216914550017e+00 1.427204137165223097e+00 1.454599947644013014e+00 1.469542442808954519e+00 1.493269774536296390e+00 1.537809306617900162e+00 1.551764535532000444e+00 1.579318967387713268e+00 1.615476868268866051e+00 1.615664041909307347e+00 1.640727522441432384e+00 1.650185110161806801e+00 1.666798096064513457e+00 1.717686805016773954e+00 1.732850794526423099e+00 1.758862061860704262e+00 1.826402999702137375e+00 1.845779845796952312e+00 1.876730247917899774e+00 1.886727436376917977e+00 1.901934565986777903e+00 2.066293547366831795e+00 2.177793313717022450e+00 2.972567006170515835e+00 2.995871287588142806e+00 3.570067488737030725e+00 3.576817123807906729e+00 4.956112356175261802e+00 5.051828537219217097e+00 5.170749754932919551e+00 5.316683576350917484e+00 5.518973638568885676e+00 5.539238265423481522e+00
1.761522848856647006e-01 1.970674719761360827e-01 3.585812012557667017e-01 4.006324264801319202e-01 4.821481445689387302e-01 5.327875853001519113e-01 5.821664485372038955e-01 6.120900070831073458e-01 6.163351036372547442e-01 6.912526837082439979e-01 7.680273567664187562e-01 7.730746084898221238e-01 8.529006135065083649e-01 8.722236554882336623e-01 8.983065613164544772e-01 9.626828535778493290e-01 9.637548960042607860e-01 1.023073855017937461e+00 1.059390684126628068e+00 1.069655297285987849e+00 1.101254344767139237e+00 1.115442100514228096e+00 1.124223031897118030e+00 1.241781389756106080e+00 1.321889560097365690e+00 1.336344592996561387e+00 1.343171966486565561e+00 1.397552432192971761e+00 1.438663476869109115e+00 1.453542400387956679e+00 1.477116610380422745e+00 1.497301608490032798e+00 1.535239635093234467e+00 1.553894012105525801e+00 1.579982396130515276e+00 1.620800016509319263e+00 1.621323692912351344e+00 1.646750939954373605e+00 1.653755824036144961e+00 1.662798956831022856e+00 1.715546563430124571e+00 1.731904738650990261e+00 1.774291885687569126e+00 1.819859452918302090e+00 1.843614678308353128e+00 1.878824987026209703e+00 1.886628769649017823e+00 1.904746200980733217e+00 2.066900667932148661e+00 2.178884116530376058e+00 2.971319302002566776e+00 3.008985826871385605e+00 3.567533104171490166e+00 3.571050894682001431e+00 4.956026536308627328e+00 5.051336917484738009e+00 5.174925818393784738e+00 5.335306145156094360e+00 5.513775783149983845e+00 5.544782352049677954e+00
2.195327282412545544e-01 2.437694431369180625e-01 4.124501549822093271e-01 4.463068412989967815e-01 5.170214303820639401e-01 5.186256239475514063e-01 5.789059352088152810e-01 6.000588301033850103e-01 6.064865366997738150e-01 6.791526150135549500e-01 7.648743044337789065e-01 7.761251404080171667e-01 8.392541724387860835e-01 8.704147637721866282e-01 8.891285565714359684e-01 9.413092037291710401e-01 9.655911861439093746e-01 1.036824372356125235e+00 1.062735435387982319e+00 1.066048489365307050e+00 1.108021160831191620e+00 1.114718774130361467e+00 1.129570944807405164e+00 1.220755291096195627e+00 1.321968341367378619e+00 1.326793385120960789e+00 1.345294917423969450e+00 1.403677433174058464e+00 1.446594163107453479e+00 1.447289322840122683e+00 1.486409096372020899e+00 1.504727178145249145e+00 1.529846122328793800e+00 1.557357099922993315e+00 1.587608864495884564e+00 1.624027313267585537e+00 1.625749779197940947e+00 1.651788597279049586e+00 1.653321176129013192e+00 1.661496223528575067e+00 1.713706399204752095e+00 1.731071973447411594e+00 1.785091918920964638e+00 1.808162105313733337e+00 1.841484903264534845e+00 1.876156315909925487e+00 1.888468444512633626e+00 1.923489510655871149e+00 2.067411328141547155e+00 2.179707253569239001e+00 2.968926112071299528e+00 3.023225478621859530e+00 3.560729125838307141e+00 3.569255666885316813e+00 4.955677622720213726e+00 5.051278210410962366e+00 5.179912687173676034e+00 5.352862164783419807e+00 5.508685294015498890e+00 5.552073205826073554e+00
2.664549791165276571e-01 2.880034538130950006e-01 4.373392574380277065e-01 4.867369163876105187e-01 5.044110709326232733e-01 5.215783285019129911e-01 5.807832141692700345e-01 5.899818206711699986e-01 6.221225221905453129e-01 6.714800321680501893e-01 7.612191497647613492e-01 7.830424968750451242e-01 8.300051345856152007e-01 8.658158240084891100e-01 8.891341216118707758e-01 9.180853077260088257e-01 9.674939568481998320e-01 1.046583202570176674e+00 1.062477191098550211e+00 1.069182886161359702e+00 1.094151833696836773e+00 1.114138971057687444e+00 1.131416186962516779e+00 1.215641381731586979e+00 1.313411653565775161e+00 1.322353459281784938e+00 1.352012022276747549e+00 1.397426424002080614e+00 1.438094660517812207e+00 1.452062033435387089e+00 1.497832221180561918e+00 1.512184505942446577e+00 1.525518520773405884e+00 1.561761147069737454e+00 1.598399247478247354e+00 1.624038806764273479e+00 1.630116001247726487e+00 1.647204964967848406e+00 1.654974940850178156e+00 1.672205440332430904e+00 1.712039077328967984e+00 1.728976478401231143e+00 1.789244350806124650e+00 1.794751661393848785e+00 1.839974245881337067e+00 1.872338186674818328e+00 1.890300414896208814e+00 1.950714763279752795e+00 2.067756550376337987e+00 2.180602887600923800e+00 2.966335850819116438e+00 3.036121375596350092e+00 3.554097348451965566e+00 3.567993482180984000e+00 4.955541953564129187e+00 5.051000222293072994e+00 5.185058120157052919e+00 5.367029345865248935e+00 5.504314886397158268e+00 5.560420317466315154e+00
3.135669447072328420e-01 3.289603631125278538e-01 4.377985782602088483e-01 4.787303446620385650e-01 4.911864439053227893e-01 5.446675983642240704e-01 5.748750515795724159e-01 5.907657231937528675e-01 6.422266618011301942e-01 6.747904123568326806e-01 7.624621594221342447e-01 7.905822210794799521e-01 8.184932138550913283e-01 8.570296633224787630e-01 8.953850676117111052e-01 9.032231316616515793e-01 9.720052970383370461e-01 1.049730698544333984e+00 1.059322695762254796e+00 1.066096297851981900e+00 1.082807635471176866e+00 1.114188084068960194e+00 1.129155180714733753e+00 1.214069809269217259e+00 1.307211091551839566e+00 1.318785577344149029e+00 1.353194476362605370e+00 1.387582022658304881e+00 1.429273364265650548e+00 1.458171824556469653e+00 1.509698305427332299e+00 1.516501696315888159e+00 1.526240767140075949e+00 1.566487558864151364e+00 1.607276744901538157e+00 1.622668090732259039e+00 1.633270125299606468e+00 1.648086847491518014e+00 1.658545404506570620e+00 1.681666911799755360e+00 1.710058914918581641e+00 1.725758211633207972e+00 1.775683287213112971e+00 1.795480861289683983e+00 1.839310012913947023e+00 1.869803311961470760e+00 1.890777817133748817e+00 1.976345028991427499e+00 2.067965085158100180e+00 2.181728746341527803e+00 2.964117975077601219e+00 3.046102155280816071e+00 3.548642753386666460e+00 3.567129376012522890e+00 4.955868130560959983e+00 5.050164606741677886e+00 5.189589315043019901e+00 5.376790705012072458e+00 5.501052178995842645e+00 5.568354875981561314e+00
3.574658840369830948e-01 3.657799340405793465e-01 4.231636890631127468e-01 4.449771011588071201e-01 4.816017277837001953e-01 5.662955017273759717e-01 5.751594048474153453e-01 5.942051804618235789e-01 6.452073705583507568e-01 6.892665439220090340e-01 7.697162903928044253e-01 8.016445946490526886e-01 8.030505082831793651e-01 8.446636055827276834e-01 8.761073970350455875e-01 9.197268684349910739e-01 9.860483763628744569e-01 1.039753197197827994e+00 1.049410273283323480e+00 1.056822871766123439e+00 1.093019745063877890e+00 1.115568504158505947e+00 1.124171070497531177e+00 1.207692407676164592e+00 1.305687258436364351e+00 1.314224093003829363e+00 1.349902027026628426e+00 1.382995503650350955e+00 1.423584886244591008e+00 1.463007022842223392e+00 1.517592192020581932e+00 1.519121567064261047e+00 1.530659337073103421e+00 1.570441129816625425e+00 1.611733766043147220e+00 1.621361245487437763e+00 1.633319662922316562e+00 1.654209196296513973e+00 1.662769720632696568e+00 1.687745868897740031e+00 1.708154047788760233e+00 1.722348014877269851e+00 1.763070582542578535e+00 1.796939853966506906e+00 1.839249074345142621e+00 1.868653794661453871e+00 1.890210777363058092e+00 1.993775667081639114e+00 2.068104514409069061e+00 2.182782351014476152e+00 2.962646828130365950e+00 3.052317224944010476e+00 3.544989989459584212e+00 3.566709971536229151e+00 4.956421534093993664e+00 5.049136477980219695e+00 5.192723929905305624e+00 5.382270949587662834e+00 5.499066089140121960e+00 5.574073814964647156e+00
3.871242702096138188e-01 3.936732030654174208e-01 4.022752326267336476e-01 4.178567214095429971e-01 4.781741483946424509e-01 5.628384823398623338e-01 5.876420334298422254e-01 5.952894104171885248e-01 6.441819295119831645e-01 6.957809428631213100e-01 7.780359834825346654e-01 7.916394803903608057e-01 8.107586391220160671e-01 8.356178857516651792e-01 8.677810217345131027e-01 9.255058115743454161e-01 1.008932319915480491e+00 1.013831838079651160e+00 1.049056048328452562e+00 1.055754054666257158e+00 1.098525780186202727e+00 1.118331207321401566e+00 1.119663267170339482e+00 1.203023006040848886e+00 1.306220807575089404e+00 1.311640183732306841e+00 1.348081530028826691e+00 1.382115555420219799e+00 1.421710309503399827e+00 1.464797753536039693e+00 1.517832971655549201e+00 1.522804157232387823e+00 1.532920458348206783e+00 1.572044019651688718e+00 1.612667238300693251e+00 1.620994362382989440e+00 1.632797958808723582e+00 1.657646463275300741e+00 1.664904260493650590e+00 1.689739753176068282e+00 1.707382617756519227e+00 1.720728947917756546e+00 1.758084136786096430e+00 1.797396063625432250e+00 1.839310212610329121e+00 1.868370190759266913e+00 1.889807445229114258e+00 1.999855411482686529e+00 2.068165526144269073e+00 2.183222818785471642e+00 2.962133908997917064e+00 3.054416662898435941e+00 3.543696219166107220e+00 3.566598859399843668e+00 4.956694641087937114e+00 5.048665183787981903e+00 5.193847877075719488e+00 5.384009153517665958e+00 5.498402066529560095e+00 5.576155869265843279e+00
3.806423087683926121e-01 4.017548294040714230e-01 4.018441459855605080e-01 4.237722297804757954e-01 4.808049976356112420e-01 5.641948443715821826e-01 5.834399580442884981e-01 6.005298798510270153e-01 6.483447304790020960e-01 6.929318135818646196e-01 7.773473782451146841e-01 7.844172186009766845e-01 8.210743683833707784e-01 8.363624400418216975e-01 8.675400828569505007e-01 9.256735864951766146e-01 9.980953213777888910e-01 1.014626539702676800e+00 1.052326760150443352e+00 1.065492515799436601e+00 1.097777174086548957e+00 1.117008747876057972e+00 1.122686887887003104e+00 1.201759662971735754e+00 1.306654579993358434e+00 1.309783945146592465e+00 1.349051769003572820e+00 1.378494686676601466e+00 1.414676026041991719e+00 1.466672808013063101e+00 1.514946943554128289e+00 1.516872395215620006e+00 1.531921738860403392e+00 1.571314443227305402e+00 1.613503235893130050e+00 1.621070234225355344e+00 1.639718754335129924e+00 1.648701149337070904e+00 1.664562657892106445e+00 1.702424471557988817e+00 1.709626054195600098e+00 1.721215361719346193e+00 1.760109761032070175e+00 1.796293026841538243e+00 1.838663005342232815e+00 1.867047365657654945e+00 1.893824879003129347e+00 2.002090061666066401e+00 2.067052938871041690e+00 2.182347175661163430e+00 2.962139137993728522e+00 3.053894185105173964e+00 3.543200491807533492e+00 3.565982303359118699e+00 4.960831806321092330e+00 5.050053185567726644e+00 5.193621473578773795e+00 5.382251357191453423e+00 5.498272772707589517e+00 5.575683080541966596e+00
3.739383664117937878e-01 4.015759979858031237e-01 4.128830038029076555e-01 4.368323865939423567e-01 4.890834607675102474e-01 5.684564103438755067e-01 5.780854109838938770e-01 6.101372572979824049e-01 6.595017044307096565e-01 6.855848681061021965e-01 7.755038710970276750e-01 7.762957887492097919e-01 8.379292871537923348e-01 8.384948824057304462e-01 8.671061823145271852e-01 9.260480704277196384e-01 9.770892727920996723e-01 1.016912082280739371e+00 1.060571008350282174e+00 1.082823454100682481e+00 1.098189124815196926e+00 1.113669730769464294e+00 1.129589210085251150e+00 1.197992271235362560e+00 1.304753868016523155e+00 1.307806490015983147e+00 1.350639385471440468e+00 1.369094188939226076e+00 1.393455481120875250e+00 1.470376285539663153e+00 1.501978863444785040e+00 1.513891676202368641e+00 1.529465528734395230e+00 1.569957583644151056e+00 1.615062322690005825e+00 1.621251102541946931e+00 1.633496715423923717e+00 1.656089737049257993e+00 1.663705565280574117e+00 1.714484226725542015e+00 1.723634847649448076e+00 1.724606374830455202e+00 1.766070388483459430e+00 1.793449159097855183e+00 1.836751086062189620e+00 1.864990738128303960e+00 1.903710246423232055e+00 2.008605131184779680e+00 2.063794600499838428e+00 2.179713465188410026e+00 2.962157841145133919e+00 3.052333590346575143e+00 3.541818790566193531e+00 3.564246274352627974e+00 4.972819902864618058e+00 5.053986910351731865e+00 5.193004960573037287e+00 5.376971159448633131e+00 5.497922201161899558e+00 5.574287307504964595e+00
3.690384458732868800e-01 4.004394877679502973e-01 4.230495891749200821e-01 4.520605512550556759e-01 5.009611539750068454e-01 5.746943315646797501e-01 5.753071559018965164e-01 6.238658088087768450e-01 6.681670640677321860e-01 6.845957742467431162e-01 7.727058996971321037e-01 7.732583569337451168e-01 8.385378767985475212e-01 8.570409946125480127e-01 8.672802664868278777e-01 9.263515024618741434e-01 9.542628296277485545e-01 1.020126542552753035e+00 1.069292936785566361e+00 1.095702499614940484e+00 1.104219827622518801e+00 1.112615244033966944e+00 1.137590577169593109e+00 1.191532798238668311e+00 1.297561075935205421e+00 1.309078054012519976e+00 1.342343891617183482e+00 1.357813149306033695e+00 1.368603074964321653e+00 1.471881449314669243e+00 1.498306768858966853e+00 1.508800204482240170e+00 1.526465789721936472e+00 1.568521835372936879e+00 1.614871889137612815e+00 1.621504322155654654e+00 1.622021716591883767e+00 1.662956402233518816e+00 1.670942252540307038e+00 1.717220703456618036e+00 1.729732116652461738e+00 1.745955781217001013e+00 1.775977996822869498e+00 1.790436349451204556e+00 1.833744716217834192e+00 1.864243591328658800e+00 1.916559128333307660e+00 2.018761236797412817e+00 2.058698147424451896e+00 2.175271231441957109e+00 2.962198603327772073e+00 3.049757292327192726e+00 3.539845042383267248e+00 3.561712686684204154e+00 4.991423627578737587e+00 5.059829135133502298e+00 5.192194568768500496e+00 5.368140876251576543e+00 5.497459584711428704e+00 5.572035027602239232e+00
3.649134739135566630e-01 3.961620382434529741e-01 4.316671001673396124e-01 4.678915021883024439e-01 5.095089283395003443e-01 5.769463378855187452e-01 5.777599091235613438e-01 6.434166008893786870e-01 6.660392250444406859e-01 7.037215474865446962e-01 7.722809838121946768e-01 7.735770033442835869e-01 8.365304565166959971e-01 8.685459191440784155e-01 8.754625428750205662e-01 9.263929305636524614e-01 9.320779465454510637e-01 1.022930629357232668e+00 1.074882801968129131e+00 1.093748066098062077e+00 1.117347102845444473e+00 1.122301396652360284e+00 1.145187417872022495e+00 1.180910244303287948e+00 1.289333153441170055e+00 1.304648975833393232e+00 1.309193411205077817e+00 1.349891173218395801e+00 1.366616614262365026e+00 1.471581378816076979e+00 1.501805436823911322e+00 1.503962043838679374e+00 1.523319972513040854e+00 1.567292328103066623e+00 1.611339648201672414e+00 1.612094669044201289e+00 1.623436667120466081e+00 1.663135398513985841e+00 1.682135973137808049e+00 1.717730810449947354e+00 1.734793741977171067e+00 1.762325623663871355e+00 1.790055174954227724e+00 1.790219423459056935e+00 1.830134343946469899e+00 1.865757833727307302e+00 1.929908895094120558e+00 2.030838013534302711e+00 2.052945281685029322e+00 2.168832964457142243e+00 2.962274002197949674e+00 3.046208528927796699e+00 3.537701282643067380e+00 3.558858640627850178e+00 5.014686529145913063e+00 5.066678046427122162e+00 5.191551376055638656e+00 5.355700289466622799e+00 5.497057600818095580e+00 5.569032549453162950e+00
3.599133610653202919e-01 3.880924059179523544e-01 4.391215891747013988e-01 4.814870246041574875e-01 5.127795638924579347e-01 5.706341974491001556e-01 5.816910513836730523e-01 6.659619359914711323e-01 6.742819768165378980e-01 7.279248080301239376e-01 7.760616646961645548e-01 7.784811438809663420e-01 8.320175033400145637e-01 8.699514437900114361e-01 8.928948998445165319e-01 9.118603103617781702e-01 9.262474769516031436e-01 1.023416614068404451e+00 1.078766284076300819e+00 1.086087734534296745e+00 1.132130906599109199e+00 1.132985402933389674e+00 1.152243248929530006e+00 1.160582411267544245e+00 1.266204066158942876e+00 1.282120103073827178e+00 1.307581948132485294e+00 1.349179911744475824e+00 1.371103870236480837e+00 1.472388168937806885e+00 1.493316053714181413e+00 1.512257131206818928e+00 1.519928219909902234e+00 1.566544823643946760e+00 1.605229885724726469e+00 1.605780150328657507e+00 1.624170375188885629e+00 1.664623915956196631e+00 1.688294807722364954e+00 1.716669168155069869e+00 1.734581174233228218e+00 1.773173468346976200e+00 1.793941629347183264e+00 1.807312419433825923e+00 1.826922802035811033e+00 1.869799121072737380e+00 1.941583424836090144e+00 2.036031102426625772e+00 2.054666109161705556e+00 2.159932662934821224e+00 2.962397601260871038e+00 3.041758667326740717e+00 3.535857305543868012e+00 3.556239337216045904e+00 5.040041184200632962e+00 5.073547346835889371e+00 5.191673986213603875e+00 5.339568637101498538e+00 5.496936787822379600e+00 5.565418926217208018e+00
3.522940617502184901e-01 3.763767181053456756e-01 4.457874743417507557e-01 4.844516131035382367e-01 5.192792619987510738e-01 5.549505927442811570e-01 5.871272020207507492e-01 6.820561634273352158e-01 6.930818565858717362e-01 7.529513056255462411e-01 7.882141275766376687e-01 7.892983291214495933e-01 8.265759990067259588e-01 8.700296767693608269e-01 8.949278649675700414e-01 9.080407316505516579e-01 9.263308052310572638e-01 1.020380801081900213e+00 1.076750970235087923e+00 1.082708454691080346e+00 1.122188646688004887e+00 1.136213611566330162e+00 1.143986741918858518e+00 1.161997707648280587e+00 1.247383454387913204e+00 1.276913790393747972e+00 1.306412209371417221e+00 1.354804503515930847e+00 1.377136043199896687e+00 1.473984027741424674e+00 1.483742816888004912e+00 1.515997281945407060e+00 1.519926932164348488e+00 1.565994870908307579e+00 1.597670564826034312e+00 1.603509798109614026e+00 1.623385794706567520e+00 1.667097465797829692e+00 1.689374292495718910e+00 1.712235125362993271e+00 1.732241039798258830e+00 1.780516862317337301e+00 1.799241883077834725e+00 1.823915419697128781e+00 1.825644335414275510e+00 1.875588441916316018e+00 1.950478125939109297e+00 2.028618501569112720e+00 2.068892092058631782e+00 2.147728730315114909e+00 2.962579619049829471e+00 3.036514571266951013e+00 3.534750306425925803e+00 3.554399842806916787e+00 5.064415781609826972e+00 5.079514151444921133e+00 5.193512264801352529e+00 5.319718047476532874e+00 5.497340455413861626e+00 5.561355920519737595e+00
3.542817827303607614e-01 3.793131466993794332e-01 4.449434371078181405e-01 4.846995149868151276e-01 5.217135953601308440e-01 5.554031064223632352e-01 5.859573094989356523e-01 6.863999581526620819e-01 6.919721686581196129e-01 7.532173631249161616e-01 7.853609085764954312e-01 7.902748911739079229e-01 8.276277445798910781e-01 8.698952578424294924e-01 8.975954658627518512e-01 9.081475741826979808e-01 9.268300633716960446e-01 1.013648135657332361e+00 1.073574613199072436e+00 1.077750520655683886e+00 1.121445514261130372e+00 1.141796674568249070e+00 1.142379041279568908e+00 1.172407660074809677e+00 1.247454690060407989e+00 1.278589060959924195e+00 1.308975471848002003e+00 1.356528379877540491e+00 1.378060196496156076e+00 1.475423800029906252e+00 1.481789149663338634e+00 1.516508446123362663e+00 1.520713271580699244e+00 1.563005990335830209e+00 1.591983545043299975e+00 1.606619486004625896e+00 1.619062196007298171e+00 1.666689819486228741e+00 1.688117722523642561e+00 1.712482962261234087e+00 1.735731488006871714e+00 1.778566069350197454e+00 1.797728955223137692e+00 1.823299588238328273e+00 1.826759576452173128e+00 1.874065152460655082e+00 1.951325876884133725e+00 2.012102918565946919e+00 2.088917129031433007e+00 2.151641009638028734e+00 2.962868622622805592e+00 3.035732735090151735e+00 3.534560958012551435e+00 3.553951085592521597e+00 5.062821093541381323e+00 5.078572223020656473e+00 5.196206570830081084e+00 5.319944904798963314e+00 5.498290726735253209e+00 5.560998381866578910e+00
3.592467953277903026e-01 3.873396031833331588e-01 4.439451316356443633e-01 4.860193135762393424e-01 5.281749187221023156e-01 5.566302866687180551e-01 5.842709373151703245e-01 6.888810677461304488e-01 6.975161816302820617e-01 7.526391293124038429e-01 7.765728032584097162e-01 7.970011693616186887e-01 8.266478562469942171e-01 8.725211802545925766e-01 9.041457725419672631e-01 9.083182164615868359e-01 9.278509349434125308e-01 9.971349877020859731e-01 1.065267132729193600e+00 1.067631337777398493e+00 1.120445378279945947e+00 1.139563205718503225e+00 1.155725395941730183e+00 1.194320760524415936e+00 1.248133803663938224e+00 1.283223487236449634e+00 1.315332832426340026e+00 1.361676501155099750e+00 1.380755562176912088e+00 1.475928361301940273e+00 1.479936827629397378e+00 1.517811211186993470e+00 1.521451798122507748e+00 1.557275560730322361e+00 1.578733795494535075e+00 1.609584596320001060e+00 1.614288159390431465e+00 1.660365967407597898e+00 1.684703224597588367e+00 1.715105248498972390e+00 1.742720758550319049e+00 1.772679580533498278e+00 1.794889213424294194e+00 1.821428153282215190e+00 1.829386306335830659e+00 1.870874600474369487e+00 1.952111627598500210e+00 1.987306877648153502e+00 2.123440478295129719e+00 2.163252247663024708e+00 2.963746197626953016e+00 3.033423526725516961e+00 3.534038555626142664e+00 3.552650687958498033e+00 5.058607205396388196e+00 5.075841302977358360e+00 5.203638339907031174e+00 5.320419157390891662e+00 5.501095183537185740e+00 5.560008396625391036e+00
3.649645404475466703e-01 3.982035472474715343e-01 4.460723958683274204e-01 4.895080404952286135e-01 5.362295914084765913e-01 5.584669766372620803e-01 5.862809190451871988e-01 6.845549389810152707e-01 7.101146438424886798e-01 7.495117152540381467e-01 7.680664804639285581e-01 8.082168535475634519e-01 8.199982868313456796e-01 8.802857521738541857e-01 9.068778871500392524e-01 9.134636973080870748e-01 9.281928212067440676e-01 9.777979726911447678e-01 1.052398079876327941e+00 1.060385755627010207e+00 1.119669774936846052e+00 1.136445918181825387e+00 1.171450873834384065e+00 1.219427105691411217e+00 1.250692618601085604e+00 1.290121170518176097e+00 1.322215776214969107e+00 1.369940660487128703e+00 1.384853440540655400e+00 1.466237518167446074e+00 1.487637796414615465e+00 1.517557665339595685e+00 1.520270317432044438e+00 1.554793360860150297e+00 1.565503217779446343e+00 1.597816486893206989e+00 1.624219547191755986e+00 1.647412015014026565e+00 1.680171350013693665e+00 1.716422699548608266e+00 1.749279975857834346e+00 1.762942331191169387e+00 1.793772315172029952e+00 1.818310257090210769e+00 1.832751613880594599e+00 1.868246811959112019e+00 1.949908376750509875e+00 1.963877068306347340e+00 2.160728398996751842e+00 2.181732548963864815e+00 2.965244669834611546e+00 3.029693165880544381e+00 3.533310748410634528e+00 3.550627068644221396e+00 5.053049691637693464e+00 5.071591374208511027e+00 5.214328442872965041e+00 5.320589280265695997e+00 5.505599854990226305e+00 5.558594707382033206e+00
3.700664606408867741e-01 4.082339353653533509e-01 4.536903768292449568e-01 4.960109791509277888e-01 5.423919371522347710e-01 5.609974377397459744e-01 5.963770613452803460e-01 6.794043575857875439e-01 7.160188896278223414e-01 7.437890368064252744e-01 7.662801192133512629e-01 8.100348314049807819e-01 8.219022011171455144e-01 8.908862980172199686e-01 9.006222224063791248e-01 9.237976547750561540e-01 9.275242837414237052e-01 9.623622850404657258e-01 1.041374673030372788e+00 1.054921317264860381e+00 1.118893856413018195e+00 1.131944274429920405e+00 1.185992112521975006e+00 1.243390216419952177e+00 1.256834051076369807e+00 1.298936520305876474e+00 1.326092958302888203e+00 1.379900288498850935e+00 1.389504162359997519e+00 1.454059215465897337e+00 1.497747779412032409e+00 1.509757785764753502e+00 1.522379582480888116e+00 1.556719554638100966e+00 1.557481082376055870e+00 1.585365480619522760e+00 1.631755550547626221e+00 1.635373602391832826e+00 1.676081133303510384e+00 1.712158745797046633e+00 1.749801682148524939e+00 1.753662099611628555e+00 1.795409076690622996e+00 1.814210199239601584e+00 1.836884042467448186e+00 1.867082540298084625e+00 1.942569668122066551e+00 1.943525769227192557e+00 2.197321278292953206e+00 2.205057730957917350e+00 2.967418807728568364e+00 3.024711522799290453e+00 3.532561929045758387e+00 3.548067517132880155e+00 5.047423028211988516e+00 5.066230168654308308e+00 5.226764507363854229e+00 5.319742472056775640e+00 5.511511904790917349e+00 5.556987502570694737e+00
3.749828800848478694e-01 4.137773114541550279e-01 4.663680563057803208e-01 5.053948491186779357e-01 5.458286270631814707e-01 5.644405301160343447e-01 6.149860429205874501e-01 6.739385498971217636e-01 7.107604496889369239e-01 7.359823159801575088e-01 7.711497784361724950e-01 8.035494120313724231e-01 8.347514564958556926e-01 8.852105191209344026e-01 9.016289903178789089e-01 9.266301810562178609e-01 9.345850783857614363e-01 9.550140762498101621e-01 1.034556878415282322e+00 1.051656100106118652e+00 1.117524011306912257e+00 1.126341204599320855e+00 1.198295314176212267e+00 1.263447366518127835e+00 1.267293817020362479e+00 1.309769806474509801e+00 1.324863484746302777e+00 1.387805645290668188e+00 1.393537029294468210e+00 1.443654654011151894e+00 1.497864062924395112e+00 1.512913527261388502e+00 1.521039970037274980e+00 1.554682020484465133e+00 1.561499925180853454e+00 1.575144715281841412e+00 1.617884589280320640e+00 1.645412117663263007e+00 1.674976442369207730e+00 1.702652969108500614e+00 1.734312900680423208e+00 1.755207530890977363e+00 1.798104179745064091e+00 1.809667325398005566e+00 1.841991616789567798e+00 1.866995311450181161e+00 1.923849858004687219e+00 1.933423620369637774e+00 2.229458488834191954e+00 2.231388096735298365e+00 2.970342807717853972e+00 3.018705920750450744e+00 3.531998508840945572e+00 3.545189195653126291e+00 5.042668672836636112e+00 5.060251846650182905e+00 5.239811861859260844e+00 5.317243327031125233e+00 5.518384693772712346e+00 5.555309777757926781e+00
3.803135277120959223e-01 4.142695762081615718e-01 4.807540309034462056e-01 5.152274261332173699e-01 5.495741499804550623e-01 5.688261764614284122e-01 6.379517998261186040e-01 6.688258717017634414e-01 7.008114792347478472e-01 7.268726708121350244e-01 7.685759187903918876e-01 8.109500060802302679e-01 8.399179073055264011e-01 8.682649075647600467e-01 9.105202966994689895e-01 9.239758421996510096e-01 9.439718947389321713e-01 9.550530257724798577e-01 1.032372528688749291e+00 1.050668051371415279e+00 1.114895807655326809e+00 1.120325925573685932e+00 1.210215649811810179e+00 1.277308710220086851e+00 1.280381338500000910e+00 1.319194283988467609e+00 1.322776460491745354e+00 1.388690868500355835e+00 1.396141340618710425e+00 1.438414468560064829e+00 1.491541319135808008e+00 1.514159153420379100e+00 1.525683153196006003e+00 1.554773847995621683e+00 1.564732393127617138e+00 1.570069967225081520e+00 1.611933696873948607e+00 1.650467946824005772e+00 1.680354336262536386e+00 1.690249509062560884e+00 1.718049994408061831e+00 1.753555649420252882e+00 1.800222377463969847e+00 1.805357273504351934e+00 1.847816406396834088e+00 1.867146040282108510e+00 1.908265447608353815e+00 1.921359741457750570e+00 2.253734386070840312e+00 2.258769080352053038e+00 2.974097788971720835e+00 3.011956656347515970e+00 3.531812591521622746e+00 3.542213650532170632e+00 5.039369255733464392e+00 5.054181390452389344e+00 5.252764598501718396e+00 5.312728605192855724e+00 5.525649799252356331e+00 5.553489579562218559e+00
3.857387019034221876e-01 4.115412532105879873e-01 4.936565163819551794e-01 5.207658072305757502e-01 5.570318624419896558e-01 5.734133870476448847e-01 6.586905422157695034e-01 6.649579067591507853e-01 6.931367474772939241e-01 7.177111485365599286e-01 7.623565354350270162e-01 8.240452195316356754e-01 8.269266985478046506e-01 8.653829644788320063e-01 9.159186006848355488e-01 9.194244697864014659e-01 9.511534904964618065e-01 9.588285875395021751e-01 1.034318370209102333e+00 1.050849157223666674e+00 1.111155987183889637e+00 1.114652697078750920e+00 1.224212734505919498e+00 1.281340025761404933e+00 1.293170205360062441e+00 1.313555277796000231e+00 1.337486113744231764e+00 1.383011356564844752e+00 1.397917971474865517e+00 1.432968414547695746e+00 1.489648922742981219e+00 1.508528587139426058e+00 1.536476373794706252e+00 1.547736476456144983e+00 1.566865072809180637e+00 1.571426598847395217e+00 1.618395401242493037e+00 1.650370063569936541e+00 1.677529954634422671e+00 1.686743303244514047e+00 1.707052794817004449e+00 1.748390608154886117e+00 1.801111763056175041e+00 1.802062949840991690e+00 1.853683702758357477e+00 1.866772105177199048e+00 1.897059657274553501e+00 1.909241517432296087e+00 2.273517701497594246e+00 2.279304475748263226e+00 2.978744889783493832e+00 3.004790575577280798e+00 3.532151104687041965e+00 3.539349259405767167e+00 5.037814475551681603e+00 5.048526972682545910e+00 5.265239924876499167e+00 5.306173683642020578e+00 5.532701878731455913e+00 5.551266262082459768e+00
3.903099682327823561e-01 4.078953018105509476e-01 5.036259246469039219e-01 5.206792879651567230e-01 5.666314975772979157e-01 5.762344565663268803e-01 6.628860915928013187e-01 6.668209773018555220e-01 6.956355326206719036e-01 7.098623070412398706e-01 7.633543206525067459e-01 7.994911590206570384e-01 8.433608879516214518e-01 8.645146510940208140e-01 9.161790627581064550e-01 9.174669107365587273e-01 9.557802720329922064e-01 9.622918129420533484e-01 1.039422116147264763e+00 1.049804404963255777e+00 1.107978753181276144e+00 1.110062284813448930e+00 1.240700272739226229e+00 1.273145879190199725e+00 1.303291532464152747e+00 1.311766297555022165e+00 1.352214545750692887e+00 1.374692218513674513e+00 1.401395437197351601e+00 1.421972274920924040e+00 1.492749839240801180e+00 1.505317441469981699e+00 1.540767955261630018e+00 1.541714795332729482e+00 1.569752939607268472e+00 1.573413253815177271e+00 1.632004255895359357e+00 1.648279377977645455e+00 1.667811811383057785e+00 1.677408741102883738e+00 1.714916274051667022e+00 1.739775571375343777e+00 1.800025310028122716e+00 1.801125471239209963e+00 1.858851374134419920e+00 1.865387125626791320e+00 1.891594333715046927e+00 1.899055485902613416e+00 2.286810393777859218e+00 2.291602681361723182e+00 2.984285940416768756e+00 2.997564501930038539e+00 3.533095457083058388e+00 3.536780924444947960e+00 5.038065109181673940e+00 5.043754571472234716e+00 5.277021032968741032e+00 5.297823780538152505e+00 5.539011584649441211e+00 5.548290427997121022e+00
3.923594278917456046e-01 4.060164401543843726e-01 5.083139584563691749e-01 5.190075649313565798e-01 5.722580441597301393e-01 5.758820628596708069e-01 6.629712400532548067e-01 6.659078864080979487e-01 7.022135426597581054e-01 7.041768688041569746e-01 7.759189274182628493e-01 7.779902262160938164e-01 8.561694589682100620e-01 8.575502737141258436e-01 9.158409933354283439e-01 9.169171705884392454e-01 9.574581456492321507e-01 9.635128473392000625e-01 1.044865674884282170e+00 1.046342434378281894e+00 1.107303588634913183e+00 1.107682974806261100e+00 1.257370480219157205e+00 1.258589135544839976e+00 1.308860560121629879e+00 1.310059171940155531e+00 1.363969810821038742e+00 1.365555296317433775e+00 1.409350689692620229e+00 1.409875706971163822e+00 1.498688358845659430e+00 1.499914593918935113e+00 1.540262743831618097e+00 1.541206805233552135e+00 1.572418490068272723e+00 1.573423830067682383e+00 1.642851717104941711e+00 1.644588257997571468e+00 1.665799602782182198e+00 1.667883774153360976e+00 1.727382300530841519e+00 1.728881795094432849e+00 1.799622587081234126e+00 1.800700706011052921e+00 1.862596336089711535e+00 1.862973361424336893e+00 1.891894361061662977e+00 1.893257733866494208e+00 2.291614009384431494e+00 2.295566028451664575e+00 2.990502109380650531e+00 2.990755191518543743e+00 3.534581237749221394e+00 3.534735679680117482e+00 5.039572165038461726e+00 5.040708695202752665e+00 5.287199239537367035e+00 5.288760504972195520e+00 5.543987124813421374e+00 5.544505442423346864e+00
3.981447807847447451e-01 4.121470975422351080e-01 5.145431706009744310e-01 5.252063813319506336e-01 5.747621145557744171e-01 5.795708053397264914e-01 6.659767830533672717e-01 6.686109742637321718e-01 7.019576314820361596e-01 7.045411956967226885e-01 7.728407216162465065e-01 7.748338124043825381e-01 8.645167962451814070e-01 8.656836917520501773e-01 9.168491224445648458e-01 9.176606474098301103e-01 9.520116488231773477e-01 9.584112781811839898e-01 1.041423173544652414e+00 1.042508221752879605e+00 1.099002424612106621e+00 1.099552674001210706e+00 1.260860399362636830e+00 1.262480758852159601e+00 1.300655003060840809e+00 1.301625261056117422e+00 1.371415010188408168e+00 1.372734973348442855e+00 1.410802018033557204e+00 1.411643789100926583e+00 1.500525357279760108e+00 1.501758914215458818e+00 1.544433111129956515e+00 1.545484380406937586e+00 1.561196332327949632e+00 1.562298250586878989e+00 1.634211606875770384e+00 1.635370689676095113e+00 1.661795144618140485e+00 1.663726208475707624e+00 1.722278035929032614e+00 1.723977498302377009e+00 1.808046502287076862e+00 1.809224748303151387e+00 1.858043128021781731e+00 1.858930977758648684e+00 1.889947110335773228e+00 1.891723865604224342e+00 2.297011623877311948e+00 2.301824510966806514e+00 2.993329761091668484e+00 2.993606036684909100e+00 3.535426134422138933e+00 3.535584501749283515e+00 5.030784747635616228e+00 5.031817967273888748e+00 5.296021946167162930e+00 5.297543051911621781e+00 5.545551093390438169e+00 5.546070957337269292e+00
4.039877145271603132e-01 4.182730318427737015e-01 5.157369137812424231e-01 5.244787423422857531e-01 5.765411857524318506e-01 5.845078920400036404e-01 6.657810954676131043e-01 6.682998048299195748e-01 7.022586069337097836e-01 7.046581802537149608e-01 7.758921442966327797e-01 7.770272030464437929e-01 8.741654545705210833e-01 8.755691715079697568e-01 9.205833265557642475e-01 9.209864647668402071e-01 9.439847208745605345e-01 9.501950601883647485e-01 1.033677985806127131e+00 1.034275215370909162e+00 1.095512461304113838e+00 1.096115455841736086e+00 1.262081823904417588e+00 1.263982452386216204e+00 1.292009671247172919e+00 1.293026099762797587e+00 1.377129615459218748e+00 1.378154681776705193e+00 1.414723821780293100e+00 1.415721999231613459e+00 1.504672341623800591e+00 1.505799427403017976e+00 1.543489445443430697e+00 1.544279319498258474e+00 1.552863940135692511e+00 1.554495643524787640e+00 1.626338477085693013e+00 1.627026760569066477e+00 1.655516873946877299e+00 1.656998906433943874e+00 1.717245589792124383e+00 1.719175232177388546e+00 1.812726823326006542e+00 1.813731222402483523e+00 1.856531148920750329e+00 1.858274989720779535e+00 1.888569476081636278e+00 1.890621525309630568e+00 2.302365783110509767e+00 2.308024091024244218e+00 2.995901025417231356e+00 2.996194461026524980e+00 3.536639483794326466e+00 3.536800119425325128e+00 5.021677801105541405e+00 5.022613805191105563e+00 5.304172078883001795e+00 5.305673064672571826e+00 5.547237870896393197e+00 5.547768193899170086e+00
4.099938644409975574e-01 4.246904274240576038e-01 5.108529647021262665e-01 5.170351158231953903e-01 5.813013032771082722e-01 5.924609931477136104e-01 6.616498950859248662e-01 6.640216096526031508e-01 7.030786768158345801e-01 7.048050131448146960e-01 7.834694724823009215e-01 7.843126549312319229e-01 8.820501057232750242e-01 8.838117548862947093e-01 9.247898354547278155e-01 9.258530095404212679e-01 9.381282097276931742e-01 9.430435156898142601e-01 1.020870485474264955e+00 1.021088357371811695e+00 1.097992442572191862e+00 1.098411304723052817e+00 1.258286374104605088e+00 1.259824996650907858e+00 1.286365785011388985e+00 1.288060457908707823e+00 1.381388460626787884e+00 1.382120464860121078e+00 1.421755962781034555e+00 1.422686999517763340e+00 1.507887181452642444e+00 1.508599530939249478e+00 1.537841886957969528e+00 1.538366238439295541e+00 1.547673160180391250e+00 1.549719632213954590e+00 1.620272874711544242e+00 1.620510758699495124e+00 1.648764368891181276e+00 1.649644746379156146e+00 1.712711963908395640e+00 1.714781302304898336e+00 1.813949764324911840e+00 1.814636747951487328e+00 1.859215198856444928e+00 1.861607733126807718e+00 1.886917289599640224e+00 1.889176114871914614e+00 2.307061851323073398e+00 2.313442222784157565e+00 2.998075147898264792e+00 2.998380603420639279e+00 3.537966512181765388e+00 3.538128633744433316e+00 5.013283755323683089e+00 5.014137980700200892e+00 5.311073706186600241e+00 5.312570313053461390e+00 5.548848279080234924e+00 5.549392963400817003e+00
4.159132643393105844e-01 4.313343637595007940e-01 5.023624746339588887e-01 5.063824042846467588e-01 5.889382671663569990e-01 6.023336363904336910e-01 6.545282577278888070e-01 6.563967410549765846e-01 7.042347703085853894e-01 7.051961635226079439e-01 7.922684246830653532e-01 7.948607414170840713e-01 8.869156174207893928e-01 8.894306743180703245e-01 9.198175492102775852e-01 9.222406766766436670e-01 9.451435444519384887e-01 9.469189200076912893e-01 1.005973625695280482e+00 1.006095033453367815e+00 1.103922020060193354e+00 1.103994331467279322e+00 1.249182724555761403e+00 1.250095683611079478e+00 1.284732762442415410e+00 1.287378373510992047e+00 1.385263496334588007e+00 1.385661174939938567e+00 1.431795870773907131e+00 1.432847221641189162e+00 1.504212259271883401e+00 1.504464913116899005e+00 1.533550307301147164e+00 1.535372179737855891e+00 1.544365244460393249e+00 1.545855145026157507e+00 1.612815853790216192e+00 1.613261038472234565e+00 1.646018255782199180e+00 1.646477279045813980e+00 1.708723460910745784e+00 1.710833423268453002e+00 1.813641886659175473e+00 1.814109338594142029e+00 1.864389647232517655e+00 1.867110895325130304e+00 1.884381812664474465e+00 1.886892741708718457e+00 2.310667636133595604e+00 2.317594097530125019e+00 2.999727150761698269e+00 3.000040459077178312e+00 3.539148099062414232e+00 3.539311313514494017e+00 5.006526320870568370e+00 5.007320107260274433e+00 5.316298686709904686e+00 5.317799507443518259e+00 5.550179432989353678e+00 5.550737913975737570e+00
4.207609736285033986e-01 4.372182562371840775e-01 4.944047404692613612e-01 4.969302273845317974e-01 5.965865426469264543e-01 6.119281351305034811e-01 6.472476974804287631e-01 6.479055033371281525e-01 7.050998277158141425e-01 7.054997338218917946e-01 7.996988623787688599e-01 8.040241334224873526e-01 8.905597013056073541e-01 8.942052508931951360e-01 9.114229343227823188e-01 9.130348608815828104e-01 9.570569624240012896e-01 9.576654962361055290e-01 9.921160620807691899e-01 9.922774316695158747e-01 1.109605876091297683e+00 1.110009647454119008e+00 1.239985819404860967e+00 1.240541435998903763e+00 1.284607818275012914e+00 1.287819150825161740e+00 1.388282986779529882e+00 1.388386879811306818e+00 1.443955807205035358e+00 1.445667261501816014e+00 1.492423560479452238e+00 1.493093509250792206e+00 1.531731388212666634e+00 1.535296241681839202e+00 1.544560954099719163e+00 1.544910836580281277e+00 1.605046323785427775e+00 1.605893116043010105e+00 1.646981504322980072e+00 1.647331908433119718e+00 1.705674590042121963e+00 1.707791444650804236e+00 1.813175750546923259e+00 1.813566088417521316e+00 1.870247587193888616e+00 1.872942587187832908e+00 1.880740275859717814e+00 1.883600166482615634e+00 2.312920260689118379e+00 2.320186274416693450e+00 3.000759550713481882e+00 3.001077290578375578e+00 3.539959680680146992e+00 3.540123624829459636e+00 5.002147419558915509e+00 5.002904737968509430e+00 5.319550438368169765e+00 5.321057054407646092e+00 5.551056916893658766e+00 5.551625156049378340e+00
4.227463645869085074e-01 4.398213626858884506e-01 4.909802226769403588e-01 4.930948958542553662e-01 6.000710654618696127e-01 6.167844995666278418e-01 6.433719214161275346e-01 6.438989028863715269e-01 7.054043933907327979e-01 7.055999051848724779e-01 8.026233302749502529e-01 8.077111299639272435e-01 8.929645395200968006e-01 8.980091196503552364e-01 9.067218228805281610e-01 9.070254093286286290e-01 9.642857089814120819e-01 9.645871696595368361e-01 9.845123992342734720e-01 9.846305866162821108e-01 1.112040552780836355e+00 1.112639243219496699e+00 1.236103818286403921e+00 1.236587808329403959e+00 1.284639936130342441e+00 1.288028358779034876e+00 1.389396747075615890e+00 1.389423753517183835e+00 1.451657044168080946e+00 1.454041223021153684e+00 1.484250081172095781e+00 1.484656202610571629e+00 1.531110125862574778e+00 1.535199952566596693e+00 1.545435073690609729e+00 1.545437030667115685e+00 1.601694520783809583e+00 1.602726590001507079e+00 1.647858057888860417e+00 1.648214511328861098e+00 1.704475937294107846e+00 1.706596873121556834e+00 1.812995674820572001e+00 1.813376591652733794e+00 1.875110036309939110e+00 1.876435605642984727e+00 1.877228832858639951e+00 1.880510633464793857e+00 2.313684760468825097e+00 2.321065974439592505e+00 3.001110701801303016e+00 3.001429875117324730e+00 3.540248307544046735e+00 3.540412513922808202e+00 5.000631520812239827e+00 5.001376735459790446e+00 5.320653720234186146e+00 5.322162841526608013e+00 5.551363217316315435e+00 5.551934963351277119e+00
4.201558958347962336e-01 4.405640047212533439e-01 4.844737723556953313e-01 4.940962200413362426e-01 5.963164564478840024e-01 6.176504365128535623e-01 6.416607190102744385e-01 6.456514978035523544e-01 7.060955028097534170e-01 7.073023078425820787e-01 7.925795050594308666e-01 8.104516154676318918e-01 8.719769405197146384e-01 9.027327903786087626e-01 9.042489014271345438e-01 9.147142916520959455e-01 9.566689950153527411e-01 9.790666569869496128e-01 9.822398963782830172e-01 9.929451373734526909e-01 1.110021894285190935e+00 1.112796681823298162e+00 1.224869347560521016e+00 1.235551072714040410e+00 1.280842464374713385e+00 1.309088321797034604e+00 1.375399399828909797e+00 1.401775047918402350e+00 1.447635881949231651e+00 1.453304511824532685e+00 1.478244565532101706e+00 1.486048118659107908e+00 1.530215875180734431e+00 1.538960374550609300e+00 1.540105125419447107e+00 1.554412025017031018e+00 1.601645069803815602e+00 1.604857420784259192e+00 1.643637709358022780e+00 1.654883477321770435e+00 1.699054057176676347e+00 1.712256662184947098e+00 1.806204860267143664e+00 1.820771358366556125e+00 1.872540119758170141e+00 1.872547132920102664e+00 1.880601580718731514e+00 1.882591284100678886e+00 2.310262669178734019e+00 2.317465983027922061e+00 2.993703812059463232e+00 3.009200939447101764e+00 3.538579679575944770e+00 3.542784090042606859e+00 4.993854768825732648e+00 5.008165448632302841e+00 5.306286789075552512e+00 5.335367136268894583e+00 5.544876160200531423e+00 5.557428733841580204e+00
4.133358889431822392e-01 4.423324679640786572e-01 4.728216052738765107e-01 4.904030807187200747e-01 5.858314906568676816e-01 6.189926562374707952e-01 6.374747287064490564e-01 6.489917655156043352e-01 7.061090366721580747e-01 7.145759575117899276e-01 7.731376294908479663e-01 8.086702337037392496e-01 8.472991072091053955e-01 8.909734120525624190e-01 8.978659926818314263e-01 9.277966994328047390e-01 9.639665767684474362e-01 9.786653549734820601e-01 1.001511581228805570e+00 1.002358675236187935e+00 1.105747612347690589e+00 1.111907241853951289e+00 1.209147759695961666e+00 1.225003932470321244e+00 1.291136357062867557e+00 1.338749457451057223e+00 1.360998209393992298e+00 1.409866480045496084e+00 1.440496728061814835e+00 1.448901513906103000e+00 1.470810585612276622e+00 1.482940196432202429e+00 1.531969808725358595e+00 1.537715478754791087e+00 1.544530483021032019e+00 1.566075368393722300e+00 1.599701308063037786e+00 1.612362888637179026e+00 1.641758965179122676e+00 1.663710067788134905e+00 1.694043344682668151e+00 1.718100105532492039e+00 1.800399156676841583e+00 1.827588511173903196e+00 1.867876858013910235e+00 1.868067958492663827e+00 1.883724331709477839e+00 1.886433773159173599e+00 2.300541836337167467e+00 2.306504269949940955e+00 2.986772466966798323e+00 3.017183094872085025e+00 3.537602597784053948e+00 3.545807505374954705e+00 4.986908422884406278e+00 5.015166364235706276e+00 5.290307519936164660e+00 5.347855986076414325e+00 5.537410619689810964e+00 5.562089533664044794e+00
4.041441822129652195e-01 4.445438727950953295e-01 4.586220184155138102e-01 4.821924122925900225e-01 5.696219107914778368e-01 6.188681714742965134e-01 6.303795158359480899e-01 6.533998196694905669e-01 7.040730639677412750e-01 7.278528476565584437e-01 7.459172651837239210e-01 8.028255175928556975e-01 8.254898742749713358e-01 8.735694765117393290e-01 8.937906690526514764e-01 9.344924444909419314e-01 9.803861617234335135e-01 9.835617401895805356e-01 1.008317808072558552e+00 1.021127275458763695e+00 1.099720550890066262e+00 1.110693566033155610e+00 1.191726330710669357e+00 1.215580903034127358e+00 1.305518310814157923e+00 1.347067145926247322e+00 1.369015538366976648e+00 1.408992972359368157e+00 1.435344675369632839e+00 1.442996190315989802e+00 1.468385575914284980e+00 1.476428509410532941e+00 1.535992878509426784e+00 1.536895143628046023e+00 1.550549506580443104e+00 1.578826781274621061e+00 1.594366988213642644e+00 1.624725956017109230e+00 1.642067767727760863e+00 1.673788812318201202e+00 1.690966078211740387e+00 1.722531456234138503e+00 1.795426847869540987e+00 1.831726822531849264e+00 1.862953507901209838e+00 1.863773133013655103e+00 1.886178573691962734e+00 1.892165354006990929e+00 2.285813593349133921e+00 2.288043412704158008e+00 2.980662858542743709e+00 3.024911061413742441e+00 3.537389277587259517e+00 3.549226667012084224e+00 4.980336734452834868e+00 5.021881920783160425e+00 5.273750879727876040e+00 5.358627366084876442e+00 5.529661460471621659e+00 5.565704906358535098e+00
3.947326978432388889e-01 4.434961997429928693e-01 4.466023266055168528e-01 4.709656496925587188e-01 5.490733226293887936e-01 6.155418232564376924e-01 6.216023059575819243e-01 6.577317549907008010e-01 7.000571181717788471e-01 7.126074790798925251e-01 7.452415319050665898e-01 7.959693782081883606e-01 8.094133824966224244e-01 8.567346039806532643e-01 8.904452896531575012e-01 9.361916527435386604e-01 9.913505549566492547e-01 1.001046118113135819e+00 1.012535296872220769e+00 1.036341228783039359e+00 1.092621436075785768e+00 1.110348156663986341e+00 1.173312374061538099e+00 1.209623542925261752e+00 1.319505032869708216e+00 1.334441532145979048e+00 1.389874227528004713e+00 1.397700117606700321e+00 1.438801768318559882e+00 1.441797149403252210e+00 1.467755900569019056e+00 1.473580033081263840e+00 1.536695087203494348e+00 1.540063501874851415e+00 1.558577674606369090e+00 1.586290721247044067e+00 1.591441650452365630e+00 1.639539196440011892e+00 1.643983450067366681e+00 1.684287311362370643e+00 1.689587114782973742e+00 1.725050803250833598e+00 1.790262295836323014e+00 1.831592127007473092e+00 1.857949670624645222e+00 1.860991044991668231e+00 1.887950613312060710e+00 1.900997181542430470e+00 2.262421341280191900e+00 2.267665912521716454e+00 2.975470889154395060e+00 3.032110090112121181e+00 3.537853280885220997e+00 3.552834454612868509e+00 4.974329571962623042e+00 5.028172580245334089e+00 5.257042568777416491e+00 5.367430260791558716e+00 5.522104791397955736e+00 5.568469566841549145e+00
3.873439744924084271e-01 4.286756524268395263e-01 4.473514251624154947e-01 4.583035510081817088e-01 5.264842006316775569e-01 6.079128839207824653e-01 6.125674477774132320e-01 6.603356763021256404e-01 6.779634133649502514e-01 6.955183792431756107e-01 7.645372586857208663e-01 7.907675608307633830e-01 7.984609138818354879e-01 8.421943861489977756e-01 8.873646013550160472e-01 9.349711030763129260e-01 9.992819080025980849e-01 1.014238194191962483e+00 1.023121954373451770e+00 1.046620436627450967e+00 1.085682313041081315e+00 1.111731559404981251e+00 1.154600475793967629e+00 1.206436410241667589e+00 1.324007673786044226e+00 1.330947679413863716e+00 1.380343902581208537e+00 1.393700806956923000e+00 1.438534639096419765e+00 1.457887267186448232e+00 1.467113563088276562e+00 1.482765037738792202e+00 1.536612252585642269e+00 1.542176610360447508e+00 1.569635196854525683e+00 1.577890141533380142e+00 1.603121758700053245e+00 1.646846567445026555e+00 1.654354028088481865e+00 1.689253949843891212e+00 1.694402835373711724e+00 1.725256405071700971e+00 1.784022226650586518e+00 1.827082243599552402e+00 1.853076277556297669e+00 1.860466575055987892e+00 1.889087517092221225e+00 1.913265236840590910e+00 2.230617143418067716e+00 2.247802506400648159e+00 2.971209594258710673e+00 3.038554556413314067e+00 3.538834691168421198e+00 3.556408698940825452e+00 4.969053868696438059e+00 5.033895870978303932e+00 5.240762631665340621e+00 5.374129461209427028e+00 5.515184729508530559e+00 5.570634691851511278e+00
3.837153109057371836e-01 4.150951691205013727e-01 4.444933615701222029e-01 4.456759585796882805e-01 5.052958275786834097e-01 5.963567743106036323e-01 6.042516123253861560e-01 6.473525248689141476e-01 6.594228345220496390e-01 6.927888655234482052e-01 7.840175031271473527e-01 7.881447593552768360e-01 7.910801230705156728e-01 8.304943914634471680e-01 8.840471251143197096e-01 9.323932167791827430e-01 1.005794013437573131e+00 1.014006094634877231e+00 1.042885785771634932e+00 1.052118764082501823e+00 1.081759486281375304e+00 1.114420920673253157e+00 1.136664852009925619e+00 1.204879628245767220e+00 1.316555801057671893e+00 1.338845747964619637e+00 1.360674769247857796e+00 1.390832918116957639e+00 1.442677445790090163e+00 1.447642220575467542e+00 1.492804517351607130e+00 1.500421830865815709e+00 1.536367091579541988e+00 1.540582362310275233e+00 1.572033503178759561e+00 1.583482159335900086e+00 1.613320193119267332e+00 1.650043862147103413e+00 1.667197764373118618e+00 1.689440443389062185e+00 1.703440889703258243e+00 1.722785834692275087e+00 1.776791257329600970e+00 1.819533720063046145e+00 1.848580562806211525e+00 1.861860481356373498e+00 1.889693025508801583e+00 1.928603209890860093e+00 2.194237589227852503e+00 2.228007114804908984e+00 2.967838741874940567e+00 3.044066127780616693e+00 3.540118605036084887e+00 3.559725004726816966e+00 4.964638632308581379e+00 5.038898983864227077e+00 5.225659868140600572e+00 5.378777588416449262e+00 5.509249506667044827e+00 5.572412885988335063e+00
3.843107090221274946e-01 4.035247251435141735e-01 4.343776072555734502e-01 4.349520516440086859e-01 4.901228301188097491e-01 5.833128940963352438e-01 5.972657250738262480e-01 6.239042152659788343e-01 6.550660769885650048e-01 6.927686160040351648e-01 7.847948977757861488e-01 7.889469196449619970e-01 8.023687252938314085e-01 8.216643512097731028e-01 8.800844761724277987e-01 9.295858704644115456e-01 1.010223903856149130e+00 1.012663760138382552e+00 1.052559191939201222e+00 1.054478973574918710e+00 1.087723884512598493e+00 1.116907697597290916e+00 1.120893365780484263e+00 1.204069192942963662e+00 1.312422975333612740e+00 1.341006440042536996e+00 1.343583631996017047e+00 1.387292896601079573e+00 1.437857489182238213e+00 1.449746072255850171e+00 1.502195228234877833e+00 1.534150914466615001e+00 1.535785511395693081e+00 1.536202090260482045e+00 1.570140283197506648e+00 1.598250903156491987e+00 1.621636040826494929e+00 1.653064370005212558e+00 1.676102049754561785e+00 1.689804834673754863e+00 1.710863891049179353e+00 1.717617453927368310e+00 1.769531982530424319e+00 1.810979388171259474e+00 1.844731545685020180e+00 1.864154843674544093e+00 1.889913739892921996e+00 1.946672278210298979e+00 2.155496515170731264e+00 2.210077987978387171e+00 2.965296932658364248e+00 3.048504549450073320e+00 3.541462506806463129e+00 3.562569798181137948e+00 4.961167224692895950e+00 5.043021119843602129e+00 5.212603163755010094e+00 5.381644924861464396e+00 5.504524362422509753e+00 5.573907122622384414e+00
3.879045156435945163e-01 3.946457040046101872e-01 4.201084886950721686e-01 4.254837454558257348e-01 4.824545065163847180e-01 5.722266052354880728e-01 5.920084230866177188e-01 6.078100149400109675e-01 6.497094415287905100e-01 6.940783195867097355e-01 7.811037085007805914e-01 7.899788824887077343e-01 8.155362372707146701e-01 8.184215967071371001e-01 8.753202732584600687e-01 9.273174710000804399e-01 1.010753224539619799e+00 1.012830478879151119e+00 1.052153061341310369e+00 1.055323118477833777e+00 1.102275094086506702e+00 1.108691258757889653e+00 1.118169597687029171e+00 1.203535556980307897e+00 1.311119793342203632e+00 1.323508522733146675e+00 1.346243007018788296e+00 1.384471076193656947e+00 1.429518092684483044e+00 1.457212557060137081e+00 1.510080114442261090e+00 1.529197210915681060e+00 1.534793792311623273e+00 1.567905816685705611e+00 1.570850842139990933e+00 1.611484768890167674e+00 1.627774074525355719e+00 1.655511159924607067e+00 1.678238947894663990e+00 1.689994054226271691e+00 1.711460284092058748e+00 1.716317796772878879e+00 1.763441021053641977e+00 1.803602233333423177e+00 1.841784452727036614e+00 1.866358756628753612e+00 1.889913886281301858e+00 1.967131447168975589e+00 2.117288563428328274e+00 2.195731882359532428e+00 2.963525291914613113e+00 3.051759444594343673e+00 3.542628766321004985e+00 3.564754345627227039e+00 4.958680738388218323e+00 5.046105297150771385e+00 5.202477688400379385e+00 5.383169851097798109e+00 5.501122672839752425e+00 5.575096229990943009e+00
3.890420223867888105e-01 3.919345792188503319e-01 4.072295599107564334e-01 4.198069901074773513e-01 4.791553641629872629e-01 5.652063326828463685e-01 5.887471168695382895e-01 5.983904461503521954e-01 6.456607302531749415e-01 6.953085735402809719e-01 7.788116144886430003e-01 7.911584304141249246e-01 8.119437013930768110e-01 8.305824312174826529e-01 8.703472494425451567e-01 9.259477958867121661e-01 1.009437880641189889e+00 1.013676686052267018e+00 1.049977858004221165e+00 1.055652506659913614e+00 1.101086620207991196e+00 1.114828430090894162e+00 1.118389647546109922e+00 1.203164258389247232e+00 1.310910383376537869e+00 1.311346845628406532e+00 1.347636316732567563e+00 1.382711039091282679e+00 1.423777995107583516e+00 1.462755017525397383e+00 1.515677279888733242e+00 1.524538098716237133e+00 1.533575169762098733e+00 1.571548025439680529e+00 1.597086383169603385e+00 1.620037541568377870e+00 1.631532861393231837e+00 1.657097512396407346e+00 1.671458769094429808e+00 1.689835011874860404e+00 1.708060622682852525e+00 1.719624549974341221e+00 1.759457991206235361e+00 1.798934786565259403e+00 1.839938113692681121e+00 1.867852048488888528e+00 1.889843473233491444e+00 1.988152050536331927e+00 2.084172543375850672e+00 2.186441447788552317e+00 2.962479637370229124e+00 3.053747780063992945e+00 3.543417683814608754e+00 3.566129417255276213e+00 4.957190572117046834e+00 5.048017102591543015e+00 5.196051668714563476e+00 5.383834106447923595e+00 5.499081407690116663e+00 5.575880290346559853e+00
3.871242702096138188e-01 3.936732030654174208e-01 4.022752326267336476e-01 4.178567214095429971e-01 4.781741483946424509e-01 5.628384823398623338e-01 5.876420334298422254e-01 5.952894104171885248e-01 6.441819295119831645e-01 6.957809428631213100e-01 7.780359834825346654e-01 7.916394803903608057e-01 8.107586391220160671e-01 8.356178857516651792e-01 8.677810217345131027e-01 9.255058115743454161e-01 1.008932319915480491e+00 1.013831838079651160e+00 1.049056048328452562e+00 1.055754054666257158e+00 1.098525780186202727e+00 1.118331207321401566e+00 1.119663267170339482e+00 1.203023006040848886e+00 1.306220807575089404e+00 1.311640183732306841e+00 1.348081530028826691e+00 1.382115555420219799e+00 1.421710309503399827e+00 1.464797753536039693e+00 1.517832971655549201e+00 1.522804157232387823e+00 1.532920458348206783e+00 1.572044019651688718e+00 1.612667238300693251e+00 1.620994362382989440e+00 1.632797958808723582e+00 1.657646463275300741e+00 1.664904260493650590e+00 1.689739753176068282e+00 1.707382617756519227e+00 1.720728947917756546e+00 1.758084136786096430e+00 1.797396063625432250e+00 1.839310212610329121e+00 1.868370190759266913e+00 1.889807445229114258e+00 1.999855411482686529e+00 2.068165526144269073e+00 2.183222818785471642e+00 2.962133908997917064e+00 3.054416662898435941e+00 3.543696219166107220e+00 3.566598859399843668e+00 4.956694641087937114e+00 5.048665183787981903e+00 5.193847877075719488e+00 5.384009153517665958e+00 5.498402066529560095e+00 5.576155869265843279e+00
2.801215580062605404e-01 2.805619169847509697e-01 3.949285472752027681e-01 4.009750516898763495e-01 4.602666974664670896e-01 4.626151759405267572e-01 5.764093021162025599e-01 5.948798437930004068e-01 8.239444696449617078e-01 8.244114222321626828e-01 8.487815316458523496e-01 8.523452269781373047e-01 8.977941034277755472e-01 8.984377701974983754e-01 9.494524276081238723e-01 9.554687440997937653e-01 1.010422266685901516e+00 1.016981811063855323e+00 1.029892885592324836e+00 1.033085447366319354e+00 1.042048707487770676e+00 1.042540706475272527e+00 1.124087583755861486e+00 1.124464565312844444e+00 1.318167459862326085e+00 1.321694612758058884e+00 1.399619115134772995e+00 1.399706603638712687e+00 1.406312232970541753e+00 1.406971613711049951e+00 1.468066143013564195e+00 1.468416696995046067e+00 1.544598001233242313e+00 1.544632623011105599e+00 1.581404770014926964e+00 1.582702426522395900e+00 1.630176077316292105e+00 1.631303592677450176e+00 1.657386769942738480e+00 1.657730659724933275e+00 1.715807732878484426e+00 1.720897336619243490e+00 1.783435170040720497e+00 1.785827764600620648e+00 1.882955093867095808e+00 1.886095696528928833e+00 1.886517601110212050e+00 1.887319503310569635e+00 2.300010730660765557e+00 2.313070883126887800e+00 2.970172833051921479e+00 2.970270899865334879e+00 3.554954677947891550e+00 3.554982443253700719e+00 5.002604634292022290e+00 5.003358535397369522e+00 5.271569608114616834e+00 5.273375487866777789e+00 5.546056830247559688e+00 5.547130978441892069e+00
2.862518651748993115e-01 2.866893819809474553e-01 3.971384561812548730e-01 4.031695973720301751e-01 4.621254273116314759e-01 4.644712263765783944e-01 5.762943494285270862e-01 5.949294226888000026e-01 8.207526518333391197e-01 8.212450725393027895e-01 8.453894264383691182e-01 8.486899530526953450e-01 8.984819630799949497e-01 8.991099935404018861e-01 9.498516679929941420e-01 9.558350802334180107e-01 1.007350720680366241e+00 1.015236824042511588e+00 1.035771392795754364e+00 1.037847537417849741e+00 1.041609671209544841e+00 1.042086450220910621e+00 1.123385957824057702e+00 1.123765465770864225e+00 1.319118999442445928e+00 1.322482861010705113e+00 1.399348897469938180e+00 1.399435599031226163e+00 1.406517726822018366e+00 1.407284517842453786e+00 1.468749409221827174e+00 1.469100488350940648e+00 1.545101929657970663e+00 1.545140951254033501e+00 1.581374525958735955e+00 1.582814451796586974e+00 1.627492437877929410e+00 1.628637576234462481e+00 1.657463997144001944e+00 1.657804116199706801e+00 1.717793980209882054e+00 1.722561113598251925e+00 1.783555122473296617e+00 1.786008412865805139e+00 1.882845865561992182e+00 1.886012211938961070e+00 1.886034426870823566e+00 1.886836480594938470e+00 2.299776275817059901e+00 2.312706677687164980e+00 2.971158305737956695e+00 2.971268811313614755e+00 3.554604033940424124e+00 3.554632434334075608e+00 5.002529071796596227e+00 5.003282796737551941e+00 5.272516920033964105e+00 5.274317721836487394e+00 5.546172919397800882e+00 5.547237193912588182e+00
3.034189716221983857e-01 3.038744380581825388e-01 4.033057657447761124e-01 4.093545919217296825e-01 4.678591066246763908e-01 4.701885051092082879e-01 5.758799967149929033e-01 5.949437850765116886e-01 8.123433404958092519e-01 8.128860368049358742e-01 8.366274562667846970e-01 8.392936700840941677e-01 9.000527314785777833e-01 9.006403480180645849e-01 9.505981314600258081e-01 9.565834719526803420e-01 1.001266302917030782e+00 1.010457362241197643e+00 1.040191356970096459e+00 1.040626963135726113e+00 1.049871385810767777e+00 1.051013998262712690e+00 1.121484828275070234e+00 1.121874728461247361e+00 1.321387644708072129e+00 1.324279974859930098e+00 1.398521139010006520e+00 1.398605107534297343e+00 1.407611226274203320e+00 1.408720152149080418e+00 1.470498254347314626e+00 1.470851528076148274e+00 1.546255551971846609e+00 1.546303524291452902e+00 1.580598951146610531e+00 1.582428808800147024e+00 1.620698451801396489e+00 1.622054582409484302e+00 1.657617310197073923e+00 1.657946811894661421e+00 1.722404970992366113e+00 1.726418292275258448e+00 1.784215534177106210e+00 1.786802369917406708e+00 1.882521417279797937e+00 1.884789069171781684e+00 1.885592299623789270e+00 1.885762140763115324e+00 2.299196688529764110e+00 2.311751480973440742e+00 2.973959506266139030e+00 2.974101989727268691e+00 3.553592651348165266e+00 3.553625214772702101e+00 5.002328689392975036e+00 5.003081905848204336e+00 5.275293583600476843e+00 5.277079481419338691e+00 5.546515800468231561e+00 5.547551318012063248e+00
3.285635148697220731e-01 3.291022794574909316e-01 4.122346130943473907e-01 4.185062863410772271e-01 4.779172594448423128e-01 4.801939276910293652e-01 5.749664513216984352e-01 5.945330071384048454e-01 8.010431231424558485e-01 8.016110417460826643e-01 8.256069359550065601e-01 8.277193395874163917e-01 9.017437363979780018e-01 9.022771096333318530e-01 9.504705906702526352e-01 9.566637071831166628e-01 9.944531716682820655e-01 1.003832298611910590e+00 1.037481607199951084e+00 1.037859647609385094e+00 1.069366165507261934e+00 1.070281253499310470e+00 1.118920353059477346e+00 1.119335570010623337e+00 1.323488704105401981e+00 1.325722046395411358e+00 1.397150994242829292e+00 1.397229428937079465e+00 1.410732485167183858e+00 1.412396754816434896e+00 1.472644912690603380e+00 1.473005034038844085e+00 1.547225532622694910e+00 1.547280897321635429e+00 1.577047384462565649e+00 1.579371804878655805e+00 1.613158141457691652e+00 1.614797874182986703e+00 1.657597080053480054e+00 1.657912435911162774e+00 1.726798387435037441e+00 1.729968374167214495e+00 1.786251241152928548e+00 1.788911553370411633e+00 1.881950684077342784e+00 1.883280862194841587e+00 1.884087496163834530e+00 1.885313661777487715e+00 2.298611028265664658e+00 2.310583186285259938e+00 2.978140023105947609e+00 2.978324708231074869e+00 3.552036534484462660e+00 3.552080108568603123e+00 5.002067197406613985e+00 5.002819626478091308e+00 5.279705527719579905e+00 5.281467622280271890e+00 5.547065056074237610e+00 5.548055363793301886e+00
3.579825397283695199e-01 3.586764108062009404e-01 4.223090728897881396e-01 4.292410105246874941e-01 4.928963425543930743e-01 4.950542993511558576e-01 5.734280592329438209e-01 5.932941042741202153e-01 7.886396896309942894e-01 7.891729043693324064e-01 8.153572915519240460e-01 8.175936596598970540e-01 9.032507899822734831e-01 9.037263256595140515e-01 9.476257150919455974e-01 9.541529132953897596e-01 9.886309052659426611e-01 9.973406783871696657e-01 1.032952676419558236e+00 1.033266125270537961e+00 1.092665473477127724e+00 1.093511108751688665e+00 1.116385637375960638e+00 1.116847684927749329e+00 1.323877831047954645e+00 1.325580964230453684e+00 1.395378444382798566e+00 1.395448200541090866e+00 1.416772576276250417e+00 1.419040660567132184e+00 1.474606463026476133e+00 1.474982260216381125e+00 1.547298417546640215e+00 1.547357213104059825e+00 1.568806215145076566e+00 1.571442546697312759e+00 1.608254088770081580e+00 1.609891226336805037e+00 1.657041592356557569e+00 1.657345886589696837e+00 1.728589058086228647e+00 1.731054868395454749e+00 1.790428581700095556e+00 1.792962498148700679e+00 1.881034881475308840e+00 1.882012078180390846e+00 1.882824152850420374e+00 1.884580751487298755e+00 2.298476943715761500e+00 2.309718026297705951e+00 2.983071854990031468e+00 2.983300923144834194e+00 3.550108596935293015e+00 3.550169593580399408e+00 5.001810037142929488e+00 5.002561471190011488e+00 5.285435716897928238e+00 5.287166489924992163e+00 5.547776650073861227e+00 5.548708895916136363e+00
3.882278426920837133e-01 3.891284286175105689e-01 4.315403069898288146e-01 4.397779575819371622e-01 5.131422405607539705e-01 5.150927921853503122e-01 5.718218125365658322e-01 5.915274936368873915e-01 7.758043793169316915e-01 7.762413433272197238e-01 8.080386927319729296e-01 8.110738744788591470e-01 9.045849394309699587e-01 9.050095917918008492e-01 9.405626046126440709e-01 9.470506842982936435e-01 9.855573432896920227e-01 9.930006373845617906e-01 1.025968546028465989e+00 1.026223237142171563e+00 1.114498515392614575e+00 1.115026846663544013e+00 1.118127775395789225e+00 1.118971139957712468e+00 1.321924938226931134e+00 1.323529820784623778e+00 1.393462969348278735e+00 1.393521510814591302e+00 1.425346459607388372e+00 1.428056134590125925e+00 1.476154315179889487e+00 1.476554244084804735e+00 1.546400970052121959e+00 1.546462323111112536e+00 1.557147051361419843e+00 1.559910543846504627e+00 1.606029989739612862e+00 1.607450596475053395e+00 1.655718568849033678e+00 1.656020515806723603e+00 1.727118917669776987e+00 1.729140423257884418e+00 1.796369334940483231e+00 1.798560140898913140e+00 1.879708238632366246e+00 1.881183806097848521e+00 1.882001201935869394e+00 1.883519273298823959e+00 2.299219894023956989e+00 2.309652300540477210e+00 2.988069623886040027e+00 2.988338595076888371e+00 3.548007740532928889e+00 3.548089835020304061e+00 5.001591456242578282e+00 5.002341761957413979e+00 5.292056203861089436e+00 5.293749862971092845e+00 5.548579383217275840e+00 5.549445059637420741e+00
4.166384314398031696e-01 4.177822338739468067e-01 4.375827817111406781e-01 4.477829109255980766e-01 5.381424653223868537e-01 5.398038421536479614e-01 5.718685002010100993e-01 5.908720089400282260e-01 7.624156017544927444e-01 7.627255747440014888e-01 8.043363160837762038e-01 8.084165146830057935e-01 9.057384226322908738e-01 9.061243815249753197e-01 9.299095989447806465e-01 9.358037222330158889e-01 9.849467146879439250e-01 9.909666159063130753e-01 1.016126847479864148e+00 1.016351957736508771e+00 1.113518688331894380e+00 1.114115603118812414e+00 1.144183149782148412e+00 1.145035598133326671e+00 1.318014165792705361e+00 1.319849874045862848e+00 1.391706398012871881e+00 1.391752128632525176e+00 1.434723889416783971e+00 1.437625391979583833e+00 1.477413714385603871e+00 1.477837531453737085e+00 1.545121244240551528e+00 1.545186518292450462e+00 1.545380841942147976e+00 1.548262678641409096e+00 1.604844601985783381e+00 1.606023582189943788e+00 1.653762611360191537e+00 1.654070726735516361e+00 1.723259904359173200e+00 1.725082037071436369e+00 1.802598741184613829e+00 1.804321005303744618e+00 1.878113597580779226e+00 1.880613574871007110e+00 1.881433475802336552e+00 1.882278104050003620e+00 2.301064511497781684e+00 2.310684726734213434e+00 2.992536342415442530e+00 2.992835758880826980e+00 3.545926492822320419e+00 3.546030546630580371e+00 5.001405237582783769e+00 5.002154353751450344e+00 5.299050107002654109e+00 5.300702964075054702e+00 5.549383715684861329e+00 5.550179120167446634e+00
4.386386605432021635e-01 4.415738740745330237e-01 4.429840199937864487e-01 4.510934956248515149e-01 5.661081015292654950e-01 5.674464201930362606e-01 5.755038251063605559e-01 5.934896892431227311e-01 7.482635510861332939e-01 7.484634274209667204e-01 8.033784544176679754e-01 8.084252989123411615e-01 9.065875642917538002e-01 9.069442922522303885e-01 9.179226409798593167e-01 9.230320744043666314e-01 9.852088246198724697e-01 9.898902432690122044e-01 1.003718947323184896e+00 1.003958681870013026e+00 1.113197854607638426e+00 1.113840726314921259e+00 1.169441607316520138e+00 1.170275286731456976e+00 1.312636114498886730e+00 1.314798761271879668e+00 1.390370740685286766e+00 1.390403289334680714e+00 1.442738505720735809e+00 1.445610841153343706e+00 1.478707737213878159e+00 1.479143222146738657e+00 1.536315356402605303e+00 1.539388372118846604e+00 1.544233760336921168e+00 1.544296777874796689e+00 1.603917762305259620e+00 1.604883264728441894e+00 1.651629875227561328e+00 1.651948758977204168e+00 1.718261671916561761e+00 1.720044749620142088e+00 1.807659363500942140e+00 1.808893610576470357e+00 1.876629427751696610e+00 1.879947331893131235e+00 1.880765353058148959e+00 1.881197101318922815e+00 2.303908105523439609e+00 2.312780475567751015e+00 2.996081059077936093e+00 2.996398960695995317e+00 3.544027889740275050e+00 3.544152371499360576e+00 5.001223484247069528e+00 5.001971424831451962e+00 5.305847004851822923e+00 5.307458043538111347e+00 5.550102164151766715e+00 5.550828748482129704e+00
4.350628665573141318e-01 4.495200717350060216e-01 4.621591068084965892e-01 4.638336245099055621e-01 5.827154964381880964e-01 5.941678581173795992e-01 5.952117606108631165e-01 5.998405584898911513e-01 7.337096796179681801e-01 7.338650702351176003e-01 8.035592362070816952e-01 8.091869339531457817e-01 9.069684108458007099e-01 9.070077273692392916e-01 9.073438981045058860e-01 9.115496799668751926e-01 9.852789855494081817e-01 9.887006062548444607e-01 9.899951956801918973e-01 9.902745029398338783e-01 1.113019115964236416e+00 1.113671867927584547e+00 1.192819449552759092e+00 1.193592862245187458e+00 1.305830757602620906e+00 1.308313432853751346e+00 1.389597780354992373e+00 1.389620144327801565e+00 1.447965059961713541e+00 1.450670551254028995e+00 1.480301702733981983e+00 1.480733023428082218e+00 1.531402781293715210e+00 1.534748579729229290e+00 1.544127609769582632e+00 1.544175877149706944e+00 1.603119161936431780e+00 1.603945171317752827e+00 1.649820167349501654e+00 1.650151393805403099e+00 1.713136851760728385e+00 1.714977904869424918e+00 1.810860487209197567e+00 1.811683894686718865e+00 1.875629612730955742e+00 1.878974794180592989e+00 1.879786730849671628e+00 1.880568327196156631e+00 2.307295768605412967e+00 2.315539029858373343e+00 2.998570907910174110e+00 2.998895940207225053e+00 3.542436351214783397e+00 3.542577902709549864e+00 5.001028629595345443e+00 5.001775495377182246e+00 5.311871728943138748e+00 5.313443373314430396e+00 5.550671813171893731e+00 5.551336464927048020e+00
4.293865099842225086e-01 4.453012243799981951e-01 4.777446168156621042e-01 4.796470476909058256e-01 5.911049782912408679e-01 6.078289610931312259e-01 6.189088635545211270e-01 6.197221429181469787e-01 7.200507890643109699e-01 7.202298324427096610e-01 8.035199744465911786e-01 8.091619007911113881e-01 8.988638354808581310e-01 9.034414515609283658e-01 9.070192443881706090e-01 9.073444598422215623e-01 9.771054071090384818e-01 9.774165463843875745e-01 9.849056468558252675e-01 9.871300491432585256e-01 1.112665106005657600e+00 1.113299631596089911e+00 1.213376616523001328e+00 1.214032908010823641e+00 1.297569147091827357e+00 1.300355484398953543e+00 1.389334746922847419e+00 1.389355755577723395e+00 1.450504787933931894e+00 1.453025709172487634e+00 1.482116075930454580e+00 1.482535387924331927e+00 1.530166371983700646e+00 1.533828699042477206e+00 1.544613136478424353e+00 1.544639156627200638e+00 1.602442924898090482e+00 1.603268002728026831e+00 1.648620328726495332e+00 1.648963687769231745e+00 1.708673981085392146e+00 1.710629802348660133e+00 1.812386525550006455e+00 1.812936927868682657e+00 1.875192583849055072e+00 1.877806980710043261e+00 1.878610544713753550e+00 1.880399062278473199e+00 2.310523604699287414e+00 2.318294737231715086e+00 3.000098563618128100e+00 3.000422901449848023e+00 3.541240323401573686e+00 3.541394441001453952e+00 5.000835406698704411e+00 5.001581397880610069e+00 5.316600909176623979e+00 5.318139733708745709e+00 5.551066448793039676e+00 5.551681546556554991e+00
4.245870384666834418e-01 4.413720227265828799e-01 4.875919765820065921e-01 4.896506600899205863e-01 5.976304355438131211e-01 6.143112232220436786e-01 6.366529767154885944e-01 6.372839608403749745e-01 7.095661823429099124e-01 7.097703624933838773e-01 8.029716133429418701e-01 8.082658519227702287e-01 8.943348592311763934e-01 8.992151511420211074e-01 9.068297764231429969e-01 9.071432469446121249e-01 9.677361485929232288e-01 9.680484874296069187e-01 9.844612105616986630e-01 9.855546088638642566e-01 1.112236035518668009e+00 1.112845733300429130e+00 1.229357907280127504e+00 1.229860919985495515e+00 1.289002618430837632e+00 1.292137806868271843e+00 1.389353458351011206e+00 1.389378482289930217e+00 1.451440000650947582e+00 1.453852800174549875e+00 1.483644301191927806e+00 1.484053803611862454e+00 1.530690692211280624e+00 1.534648931770532521e+00 1.545191553447403665e+00 1.545198645227925605e+00 1.601912859107680553e+00 1.602863953759330995e+00 1.648023826006127068e+00 1.648376631442698415e+00 1.705587183590899558e+00 1.707658923874455947e+00 1.812899363453202906e+00 1.813315831724093607e+00 1.875104776047660682e+00 1.876822890660983179e+00 1.877619079373177291e+00 1.880459493381183789e+00 2.312842010898125356e+00 2.320321659119915392e+00 3.000877923362255562e+00 3.001198827289727422e+00 3.540499260550851623e+00 3.540660952091343461e+00 5.000687465937637022e+00 5.001432881749476422e+00 5.319617485258610223e+00 5.321134352431042380e+00 5.551291185766407565e+00 5.551874105817073968e+00
4.227463645869085074e-01 4.398213626858884506e-01 4.909802226769403588e-01 4.930948958542553662e-01 6.000710654618696127e-01 6.167844995666278418e-01 6.433719214161275346e-01 6.438989028863715269e-01 7.054043933907327979e-01 7.055999051848724779e-01 8.026233302749502529e-01 8.077111299639272435e-01 8.929645395200968006e-01 8.980091196503552364e-01 9.067218228805281610e-01 9.070254093286286290e-01 9.642857089814120819e-01 9.645871696595368361e-01 9.845123992342734720e-01 9.846305866162821108e-01 1.112040552780836355e+00 1.112639243219496699e+00 1.236103818286403921e+00 1.236587808329403959e+00 1.284639936130342441e+00 1.288028358779034876e+00 1.389396747075615890e+00 1.389423753517183835e+00 1.451657044168080946e+00 1.454041223021153684e+00 1.484250081172095781e+00 1.484656202610571629e+00 1.531110125862574778e+00 1.535199952566596693e+00 1.545435073690609729e+00 1.545437030667115685e+00 1.601694520783809583e+00 1.602726590001507079e+00 1.647858057888860417e+00 1.648214511328861098e+00 1.704475937294107846e+00 1.706596873121556834e+00 1.812995674820572001e+00 1.813376591652733794e+00 1.875110036309939110e+00 1.876435605642984727e+00 1.877228832858639951e+00 1.880510633464793857e+00 2.313684760468825097e+00 2.321065974439592505e+00 3.001110701801303016e+00 3.001429875117324730e+00 3.540248307544046735e+00 3.540412513922808202e+00 5.000631520812239827e+00 5.001376735459790446e+00 5.320653720234186146e+00 5.322162841526608013e+00 5.551363217316315435e+00 5.551934963351277119e+00
