-5.487892624262300130e-03 -2.128375072814237771e-03 3.559926789267382069e-03 1.174813395582156250e+00 1.174818789002262998e+00 1.174827731967762023e+00 1.174830428535236226e+00 1.839600549411435582e+00 1.839612166421432216e+00 2.151038571455530235e+00 2.151048158663338761e+00 2.315673994794694046e+00 2.315683451460750497e+00 2.315707215684501108e+00 2.315719684711807336e+00 3.323057402725512866e+00 3.323059487155338942e+00 3.458101197383240955e+00 3.977294244714116189e+00 3.977698467878559185e+00 4.082267879830146384e+00 4.082271456574905422e+00 4.082600197212685522e+00 4.082604006159601617e+00 4.744853831064528293e+00 4.823890792346750445e+00 4.823897380819758496e+00 5.081651911043292280e+00 5.485967603019996197e+00 5.486389700865779595e+00 5.753255471910494911e+00 5.753259883825633025e+00 5.753605339220574599e+00 5.753609359173917248e+00 6.128213370370505508e+00 6.128215078365385260e+00 6.313794900360416129e+00 6.313797816769798565e+00 6.318120727031421247e+00 6.318125394398494521e+00 6.318463264886891473e+00 6.318464235174871213e+00 6.558482311558264222e+00 6.650231799038268221e+00 6.650691063352690335e+00 7.262699517789027226e+00 7.262707808342466542e+00 7.262826856800034037e+00 7.262830533065348426e+00 7.425248160592655466e+00 7.480735443926678663e+00 7.480842575116231963e+00 8.890507557712851394e+00 8.890515538255938210e+00 1.414786645558580425e+01 1.414823169054658614e+01 1.447603624672095712e+01 1.447603822149701713e+01 1.447639577490561358e+01 1.447639694887921102e+01 1.519384436805063565e+01 1.519384617159192707e+01 1.524065342747800500e+01 1.530746208945526199e+01 1.530746617976794433e+01 1.530781927929423247e+01 1.530782131362096088e+01 1.544860909964028828e+01 1.548264332525290854e+01 1.548299547186623748e+01 1.661368529308225916e+01 1.661368807607513887e+01
-1.300323118171711756e-01 1.135896023172397323e-01 2.740517772976976962e-01 1.154946446975748442e+00 1.167419208028993127e+00 1.195146615864489892e+00 1.205775551738960338e+00 1.837024980491583470e+00 1.841210051930760816e+00 2.152244480095302226e+00 2.155971470341496055e+00 2.309283301806613231e+00 2.312838814970705759e+00 2.324991126532355068e+00 2.333097681250194455e+00 3.316685738111613713e+00 3.318356521914289203e+00 3.450003326402395487e+00 3.977823572462454660e+00 3.985876590354250570e+00 4.068212335556862236e+00 4.076011951123226673e+00 4.096413028553602231e+00 4.101784079552087903e+00 4.742123111035549066e+00 4.819056634151160701e+00 4.819601896046914469e+00 5.085221118823056941e+00 5.482896042802133607e+00 5.517521386019728524e+00 5.683452462672310190e+00 5.694918178092088112e+00 5.790606068180386146e+00 5.809660215566111674e+00 6.117261060466201883e+00 6.117473991061363137e+00 6.259294643535838532e+00 6.279958780920739336e+00 6.303519089596592906e+00 6.325721848761320487e+00 6.368112221968766029e+00 6.372323973352815862e+00 6.555423590788978849e+00 6.644381680194270778e+00 6.649602315983057288e+00 7.207569126622934697e+00 7.231696101302095059e+00 7.330677217417226998e+00 7.339370152835828165e+00 7.420286366186221727e+00 7.476389428476448273e+00 7.507189489425207363e+00 8.876014530801519697e+00 8.882356458459835125e+00 1.414908813284503708e+01 1.415379238332030987e+01 1.443829354317171720e+01 1.444204576169799381e+01 1.451067959390918460e+01 1.451835042634620265e+01 1.519553779261854842e+01 1.520005792757137364e+01 1.521800117709743638e+01 1.527842426840344636e+01 1.528715291272421872e+01 1.533863957849366599e+01 1.535382800016267169e+01 1.544678829005582799e+01 1.548313300632269041e+01 1.552686775852801659e+01 1.660650980495358908e+01 1.661106202457537506e+01
1.164524198999684346e-01 2.415490723736400391e-01 4.530672309023833777e-01 1.143128035333687231e+00 1.172635453439537345e+00 1.223884059611957342e+00 1.261894610526324234e+00 1.832405578279253211e+00 1.845028487010352825e+00 2.156108953293840003e+00 2.170276921410619231e+00 2.310939540290320338e+00 2.315494771221105363e+00 2.341985092609464747e+00 2.360569614768180280e+00 3.300368548052586615e+00 3.302971516301589805e+00 3.426877773736038524e+00 3.980483428112493893e+00 4.006782992315472747e+00 4.055153841205510368e+00 4.077979827662984391e+00 4.112494073253708748e+00 4.131644901204644782e+00 4.734118742351165920e+00 4.804991937159921456e+00 4.806747603918606337e+00 5.096401641724218834e+00 5.484265846308836068e+00 5.584329105037735275e+00 5.600295668851291708e+00 5.637579723830499212e+00 5.794099316137631739e+00 5.855867214257948206e+00 6.066706892249436933e+00 6.096429382126517638e+00 6.216469309467828275e+00 6.256003780026623495e+00 6.291882304678594551e+00 6.336859945292268037e+00 6.416894934576379050e+00 6.422436689508813856e+00 6.545709543905554817e+00 6.627238034516114595e+00 6.647117817157259800e+00 7.166372141047402167e+00 7.251065823378825215e+00 7.399822246082385924e+00 7.413279829565855295e+00 7.446501808904130826e+00 7.487839961836902702e+00 7.567334000954094364e+00 8.838605685684919777e+00 8.854567460993168382e+00 1.415630017076667002e+01 1.416744224617557002e+01 1.440601967687426210e+01 1.441142411691300929e+01 1.454388431505969237e+01 1.456378202364538943e+01 1.516330559490180718e+01 1.520732591879708728e+01 1.522725098075392935e+01 1.525527477177812408e+01 1.529303106596016448e+01 1.537319357585367996e+01 1.541187222048983152e+01 1.544332348031070623e+01 1.548436263661214163e+01 1.562764082255869802e+01 1.658871466832965780e+01 1.660065747893350618e+01
2.996516440252289804e-01 3.843139363577481316e-01 6.124439288113585622e-01 1.159474763370065054e+00 1.189103468661649066e+00 1.263312158044966216e+00 1.328334234248085721e+00 1.830839135296758124e+00 1.851856703194679543e+00 2.163051293658744267e+00 2.192946685150076735e+00 2.314357849641592857e+00 2.323965913252739934e+00 2.367877505584478737e+00 2.394673999475881221e+00 3.275914796322252354e+00 3.278736894650628120e+00 3.391653991630167120e+00 3.984450852404255894e+00 4.034105925088154798e+00 4.043698409262943549e+00 4.084237477476190037e+00 4.129978046766116684e+00 4.169604866144126731e+00 4.721565125796691298e+00 4.781732548964227725e+00 4.786486661868646131e+00 5.116233170609377545e+00 5.482615148932058702e+00 5.498567138689200995e+00 5.573066017830543117e+00 5.703856582671666509e+00 5.766392042472844537e+00 5.885319836885494205e+00 5.984868519943471021e+00 6.074518895677496921e+00 6.188134839086351313e+00 6.242907976477403587e+00 6.279944936330982941e+00 6.346838248201059685e+00 6.454398070613057925e+00 6.473054441349469279e+00 6.528200612302444306e+00 6.600669352831453729e+00 6.644024143382767811e+00 7.139133087332969474e+00 7.314579400490031524e+00 7.375660203874395471e+00 7.491237680024670276e+00 7.499894232574854769e+00 7.588605738315524540e+00 7.665948900944806077e+00 8.781367832406195006e+00 8.812123033624171597e+00 1.416895121166797722e+01 1.419107647693322782e+01 1.437349679403187253e+01 1.439506894177893770e+01 1.457493256648754887e+01 1.461355554377324850e+01 1.512252424102760706e+01 1.522584845289260080e+01 1.523640233938646027e+01 1.525637955147381852e+01 1.532384175277221594e+01 1.540975689329886400e+01 1.542813448358151618e+01 1.548242613629870412e+01 1.548886838924597775e+01 1.575319262338899051e+01 1.656248149642786061e+01 1.658364787300838827e+01
4.715943388533647140e-01 5.345382228591613050e-01 7.726202413687561776e-01 1.202841081559878900e+00 1.218210503824766144e+00 1.313023314051523949e+00 1.384809172449415149e+00 1.837430240629182254e+00 1.863764809005542755e+00 2.173191386388683810e+00 2.222920091347241556e+00 2.315562671607751977e+00 2.337428524322481938e+00 2.402459226211828724e+00 2.431678442660958339e+00 3.244617549487525121e+00 3.248430739653893617e+00 3.347863837840777901e+00 3.988879886293007715e+00 4.028791840377535571e+00 4.067070340729133093e+00 4.090618182992368013e+00 4.148466133125194411e+00 4.211275210055135609e+00 4.705939055980052466e+00 4.749580825556872554e+00 4.760033445372422456e+00 5.145507791135695008e+00 5.394540928451357686e+00 5.494259579502664970e+00 5.521946465262828063e+00 5.697048575978499230e+00 5.827078829405979654e+00 5.886950504102065551e+00 5.902429029193862142e+00 6.062193891954774649e+00 6.159725089934866560e+00 6.233975386933574114e+00 6.268919570735860702e+00 6.353613432463720123e+00 6.486376563652463290e+00 6.501013832379666013e+00 6.518923478919361081e+00 6.568049329422655624e+00 6.640201194798393658e+00 7.125219268877751588e+00 7.339518652128525389e+00 7.410787238574168434e+00 7.508359903270812374e+00 7.593624441556439564e+00 7.736335520287720868e+00 7.797110604876681172e+00 8.709509772584269172e+00 8.762566853249861509e+00 1.418643599041293335e+01 1.422678533833577674e+01 1.434192202755215817e+01 1.439454043160253782e+01 1.460264957280103104e+01 1.467030837115431474e+01 1.509460220520349694e+01 1.522318224028534495e+01 1.525655933669242437e+01 1.529030963756224715e+01 1.536631636615178387e+01 1.541458196348969167e+01 1.545211199086721443e+01 1.548877323407768891e+01 1.554970126578007061e+01 1.588820457694925636e+01 1.653075296386852244e+01 1.656182309571335765e+01
6.273493748923618663e-01 6.918448567299289031e-01 9.607724781287102500e-01 1.246494511225107349e+00 1.264569302844767096e+00 1.365015765316230034e+00 1.420773541852183186e+00 1.854290214687879912e+00 1.882125087577249056e+00 2.186072290153351361e+00 2.259374451205331980e+00 2.313696389257632102e+00 2.354312323604770718e+00 2.444237708626487926e+00 2.468959139313194662e+00 3.208447384460064722e+00 3.213711789187989609e+00 3.298697089003185479e+00 3.992819566581160107e+00 4.015753860869930136e+00 4.092428908865910486e+00 4.098173448185029599e+00 4.167041589289962822e+00 4.252434931856687861e+00 4.689312574265724898e+00 4.708966360888714675e+00 4.728799187319871145e+00 5.184173194984134980e+00 5.308533203386982535e+00 5.468616780281558398e+00 5.510841626842794660e+00 5.613799136324586492e+00 5.812228132200486286e+00 5.873513356497503501e+00 5.938190533380381275e+00 6.060149662522348102e+00 6.126225328386583513e+00 6.224229858008471616e+00 6.260258920012297779e+00 6.355892706742302778e+00 6.461107420853209327e+00 6.515642746011446995e+00 6.532684071124431391e+00 6.561057908395294014e+00 6.635197923490368410e+00 7.123700780788019493e+00 7.304983796049683065e+00 7.512771518528972514e+00 7.526566805369061974e+00 7.690466886830568782e+00 7.896163446842503930e+00 7.946627876717530903e+00 8.629782590842431489e+00 8.715940142478286745e+00 1.420844774972791491e+01 1.427528275172259065e+01 1.431220324541735955e+01 1.440884780312012658e+01 1.462575839697887048e+01 1.473651948914832666e+01 1.508200408123263259e+01 1.521781623161890096e+01 1.529670436527907285e+01 1.532767861721151270e+01 1.539197091559704944e+01 1.542068383689368183e+01 1.549155480049594225e+01 1.549352558459686158e+01 1.560695064141201804e+01 1.602244594844096071e+01 1.649446002989413529e+01 1.653915955703798701e+01
7.595325779234121111e-01 8.465507325362362501e-01 1.173645280868450769e+00 1.289634906494027344e+00 1.312895661744845066e+00 1.400924030645699370e+00 1.445379279824226870e+00 1.880813234882046769e+00 1.904105788718976289e+00 2.200864606167526549e+00 2.301470668922933616e+00 2.309326438327927722e+00 2.373411610628094692e+00 2.490973977518443405e+00 2.505583336558578456e+00 3.170556679795839106e+00 3.174740496932787259e+00 3.246471996310229535e+00 3.995383957494631488e+00 4.002151421654030372e+00 4.092592258610221911e+00 4.123390779167794840e+00 4.184378782125674157e+00 4.289416735299591110e+00 4.660399117623386545e+00 4.674119270372414370e+00 4.694976610507667125e+00 5.231236718787296347e+00 5.240544171605289847e+00 5.428447406308447576e+00 5.522944535354614715e+00 5.527685186475869372e+00 5.733350214566517167e+00 5.844342236175449123e+00 6.024298931208501351e+00 6.058759725072494717e+00 6.087463892537060772e+00 6.211402954179027880e+00 6.254717281806430940e+00 6.353543073262308383e+00 6.407373032859603690e+00 6.498405036487061359e+00 6.542484284371982817e+00 6.598873817408473563e+00 6.629898298060992623e+00 7.133528861463203974e+00 7.273785846555290924e+00 7.535515562493001696e+00 7.619768437977064046e+00 7.782602150741636748e+00 8.048957841367521127e+00 8.105219611687140002e+00 8.553603610667400048e+00 8.682887832136513495e+00 1.423475812735080126e+01 1.428468213969713219e+01 1.433501006823420099e+01 1.443513764277778222e+01 1.464303603731806902e+01 1.481332760742340682e+01 1.508564324846888027e+01 1.522011907252347562e+01 1.534533251510887553e+01 1.536556853767254438e+01 1.538014824621771304e+01 1.546175829733980933e+01 1.549440817842541485e+01 1.553505896327011548e+01 1.565109714061919277e+01 1.614808147434726493e+01 1.645157103661180287e+01 1.652145085732622576e+01
8.778205190173574701e-01 9.895463798419910084e-01 1.334322355324887521e+00 1.347638124532334114e+00 1.378171978058815972e+00 1.414434065307045518e+00 1.478140123925603122e+00 1.913163916384825747e+00 1.927228327318716516e+00 2.216909471982220214e+00 2.303315763047169451e+00 2.348669188913371286e+00 2.393449703941231022e+00 2.539210243723192040e+00 2.542639195790978857e+00 3.131049284175992931e+00 3.134704244194748579e+00 3.192508919470928408e+00 3.988119627369804743e+00 3.996015226525557740e+00 4.087102744665737752e+00 4.145329986764973995e+00 4.198755463253294629e+00 4.318567931351239508e+00 4.606063415734494626e+00 4.661727486799419395e+00 4.662401246722104098e+00 5.194959275758281869e+00 5.285078431975981594e+00 5.389761478574983222e+00 5.450084702160596706e+00 5.546148694622615949e+00 5.655294990149608125e+00 5.813866597376296852e+00 6.044349898662801479e+00 6.050262876054640415e+00 6.085240730476200177e+00 6.194466638692985860e+00 6.252006647534603445e+00 6.342671148267418957e+00 6.347252748326118521e+00 6.460964411953250774e+00 6.567186279060245546e+00 6.626943568288511166e+00 6.634329101259986317e+00 7.153479174982007471e+00 7.251247453634660722e+00 7.544860994805041798e+00 7.712520927831170603e+00 7.860486594888223877e+00 8.149601489676035371e+00 8.269777636060821280e+00 8.509973727172072344e+00 8.671287308644965108e+00 1.425983246988450048e+01 1.426501988717573788e+01 1.440167401509854983e+01 1.446921764609126626e+01 1.465362609345558553e+01 1.489960549985740279e+01 1.510658068520615593e+01 1.523026889258813554e+01 1.536497023885465651e+01 1.539996524797347455e+01 1.540405292099583079e+01 1.549594505908863873e+01 1.550243229022922264e+01 1.557594440004164049e+01 1.567834271495550169e+01 1.625948142563377630e+01 1.640003376042888661e+01 1.651253345880996903e+01
9.861173078205028864e-01 1.119571659282183607e+00 1.373138403544905684e+00 1.386637073532876796e+00 1.417472065148780436e+00 1.494353754833010584e+00 1.560572913889924251e+00 1.932982126466316952e+00 1.967464315355470728e+00 2.233956002041868061e+00 2.297961109876024643e+00 2.398468565097462868e+00 2.413197729200810215e+00 2.579221054736577479e+00 2.587537269109497551e+00 3.083133248411158434e+00 3.103484837756573356e+00 3.137509148445450258e+00 3.974354955151913948e+00 3.994133015890422023e+00 4.077379759952052041e+00 4.162414384068459761e+00 4.207866584715384661e+00 4.335590170570463364e+00 4.549274876611504759e+00 4.636774508392440985e+00 4.653462346235066605e+00 5.173525870288285589e+00 5.337847507134750202e+00 5.343299735654644778e+00 5.413209644208733629e+00 5.570741255283928162e+00 5.581482219939697842e+00 5.787960725315905108e+00 5.998330131614732608e+00 6.036155923664434653e+00 6.115457380047757852e+00 6.173024936270248730e+00 6.250455624628867390e+00 6.274799307980432062e+00 6.338094034369423646e+00 6.417359559152636450e+00 6.589613157006339428e+00 6.628806218725475041e+00 6.666961181750413523e+00 7.181994897902135300e+00 7.240803194021179223e+00 7.549289713531226909e+00 7.792217303238477832e+00 7.917217946050910449e+00 8.150646849514586734e+00 8.424447408377274016e+00 8.544007311193629661e+00 8.682640240382001551e+00 1.423787998862888315e+01 1.429870090764346813e+01 1.446955581561565296e+01 1.450644138980830711e+01 1.465732712966589091e+01 1.499128727415561535e+01 1.514662561632649407e+01 1.524726358406352311e+01 1.535065750796191253e+01 1.544255118640051094e+01 1.545884755916085140e+01 1.549580903256636688e+01 1.553931434376339027e+01 1.561482709287745863e+01 1.568692229367009006e+01 1.633855558012859177e+01 1.635412516991974385e+01 1.651277927698301795e+01
1.085123102993161837e+00 1.235449211044546747e+00 1.396524507793421632e+00 1.429210562494953596e+00 1.438688301927083080e+00 1.531319683615406380e+00 1.670244080346575455e+00 1.944346403084410868e+00 2.018927149131962029e+00 2.251820668707826378e+00 2.294662851970709294e+00 2.429753936759288191e+00 2.450415017520390482e+00 2.617803117763410015e+00 2.630338704320037468e+00 3.030696819941951947e+00 3.077598438746758536e+00 3.084334186209666484e+00 3.961597372736132439e+00 3.989739616018780577e+00 4.064375671237852927e+00 4.174365537642339419e+00 4.208648398129794188e+00 4.336640754458008118e+00 4.495867608447749575e+00 4.623461130600978741e+00 4.649431523755052531e+00 5.175789945316538798e+00 5.282029941601452450e+00 5.400406520006376887e+00 5.410336925546840980e+00 5.516467219735478267e+00 5.599165062102202661e+00 5.769648126566475632e+00 5.950732321077865095e+00 6.018174706762676962e+00 6.105522570386713532e+00 6.147445011003711102e+00 6.222196051464118582e+00 6.248633710959908605e+00 6.327241983614998233e+00 6.367260364609271583e+00 6.609420595499673645e+00 6.635359135414630849e+00 6.696258804304866530e+00 7.217103406093195339e+00 7.244168995931511645e+00 7.548266255429994409e+00 7.856208913786316472e+00 7.954200850703458059e+00 8.076062892629943590e+00 8.556894003639744284e+00 8.630248807323701143e+00 8.711104502019757945e+00 1.421909295150073227e+01 1.433507752495778753e+01 1.453019947720336980e+01 1.454507622159780311e+01 1.465478763823501218e+01 1.508258821220670320e+01 1.520575888871117876e+01 1.526922002796069400e+01 1.533865799384667916e+01 1.548246117666207766e+01 1.549509984380697247e+01 1.551784481425884543e+01 1.557127819859364593e+01 1.564970124792932005e+01 1.567792659402140032e+01 1.627001338019963939e+01 1.642854981518044966e+01 1.652066908001868839e+01
1.175604079352444264e+00 1.335860257817909069e+00 1.417078560700674617e+00 1.464822328086990089e+00 1.471331364337773007e+00 1.564392254278894834e+00 1.753474695304342523e+00 1.958534522609640227e+00 2.060522838829013992e+00 2.270309562560269612e+00 2.295321046631012329e+00 2.444223578254209439e+00 2.500137777941580985e+00 2.652820633799379380e+00 2.668718089822211148e+00 2.975527148431732716e+00 3.024720098395713652e+00 3.066787060868791936e+00 3.950914186801943284e+00 3.983003161185968199e+00 4.049414453106617628e+00 4.181477061859678379e+00 4.198295735012261609e+00 4.321943964448403008e+00 4.452784612176067469e+00 4.623008937473316315e+00 4.648956118237070889e+00 5.196372103512693741e+00 5.239520187127440387e+00 5.418704411616934280e+00 5.457113461614284233e+00 5.467154239671059734e+00 5.630285980896714726e+00 5.759536422723421367e+00 5.903234908269345382e+00 5.999954764804311225e+00 6.050801065190202443e+00 6.118632735358722208e+00 6.201801967767264223e+00 6.244220350910068440e+00 6.311413547028549509e+00 6.317133484284386924e+00 6.626270315989486015e+00 6.644324472276488258e+00 6.721561312658913323e+00 7.256289544230906330e+00 7.262107968541230640e+00 7.541666558439205303e+00 7.898425708820984603e+00 7.967305852128245824e+00 7.988656305932992474e+00 8.663963737499773998e+00 8.715511288864618678e+00 8.748296219720234745e+00 1.420366896636767606e+01 1.437325781099995581e+01 1.456539956835658600e+01 1.459439746282975037e+01 1.464826332528573438e+01 1.517099575914809151e+01 1.526957396930785293e+01 1.529502918490400099e+01 1.534010592258680816e+01 1.548700557690609081e+01 1.552570724635808475e+01 1.557378860819322242e+01 1.559776077125215998e+01 1.564861530528592581e+01 1.568478504045244470e+01 1.619467220993611178e+01 1.648534716918083376e+01 1.653378312073820666e+01
1.258316950448071792e+00 1.410382806847153558e+00 1.450105257387893198e+00 1.485728995559547627e+00 1.496891738374342751e+00 1.597193687385953798e+00 1.832154128506904067e+00 1.981905955315232282e+00 2.077224674183153041e+00 2.288620793169974021e+00 2.302274160710607642e+00 2.454824089004331356e+00 2.546773225009582031e+00 2.675798507150475736e+00 2.705600218553165792e+00 2.921844818699559365e+00 2.968516237316186412e+00 3.061104401764113803e+00 3.943398215591528366e+00 3.974345010011197221e+00 4.034247153839616296e+00 4.173954941050626921e+00 4.188711534792622260e+00 4.296773992121803332e+00 4.424462345206383596e+00 4.630452453021049131e+00 4.650687643381830938e+00 5.187371333646554561e+00 5.258189172871417405e+00 5.419728700893040596e+00 5.447243992480171215e+00 5.505114009523530250e+00 5.662149906809123223e+00 5.755334193369608720e+00 5.857978352043004655e+00 5.978483643603149211e+00 5.991522659808918405e+00 6.088349933070071884e+00 6.193009527195508568e+00 6.237261373129994624e+00 6.257215433243656477e+00 6.305754383634799787e+00 6.639963288891912008e+00 6.652989880205167239e+00 6.742226995697618186e+00 7.293178184539585551e+00 7.298322709738165770e+00 7.530163315817067549e+00 7.855236536556742699e+00 7.921178846159637743e+00 8.013229426899384222e+00 8.745784499462693873e+00 8.771645525026093182e+00 8.794082646848355722e+00 1.419171552494333355e+01 1.441222876169917377e+01 1.458134758610023241e+01 1.463581418413753532e+01 1.464620642372807247e+01 1.525796103663357250e+01 1.530018976231547789e+01 1.531878012209428874e+01 1.538842952793684660e+01 1.548120176101595824e+01 1.555419360918896032e+01 1.560517889916697420e+01 1.561830367358967919e+01 1.563001384778791270e+01 1.570969700147832349e+01 1.611855290032249499e+01 1.652592950357920998e+01 1.654898081062294324e+01
1.332079301855276565e+00 1.439783755396777609e+00 1.490901542511207989e+00 1.499833704268158874e+00 1.517843480116874311e+00 1.619759579128919214e+00 1.914462577731048887e+00 2.010767714129453765e+00 2.071987694698320226e+00 2.305355220579090147e+00 2.315610285803597179e+00 2.461704541207460295e+00 2.588030559485562598e+00 2.683168346230999646e+00 2.737884561853010545e+00 2.876549393051100800e+00 2.915059689490066663e+00 3.061446369832944825e+00 3.939950500913801168e+00 3.964488449287929317e+00 4.020977376373872758e+00 4.147918413287103867e+00 4.193521814868563347e+00 4.267813927874424706e+00 4.409406528655291702e+00 4.639940301877709672e+00 4.652919967706242943e+00 5.162788353248568995e+00 5.319381810809563405e+00 5.395601937146927263e+00 5.472711140761891357e+00 5.526770180360538909e+00 5.690555007768776541e+00 5.751977242221086861e+00 5.818147702688993839e+00 5.933375844941299881e+00 5.978214912224026456e+00 6.062628123683581727e+00 6.173493578637804013e+00 6.216095303629726843e+00 6.229154482337889043e+00 6.297200677765044219e+00 6.650483879707437929e+00 6.659350549774981864e+00 6.757636900290611592e+00 7.337015709296131227e+00 7.338813492022051577e+00 7.516641069765296557e+00 7.743154248710216514e+00 7.923726484793403912e+00 8.039954002857365722e+00 8.795552790692619638e+00 8.810636269869929649e+00 8.835044815998235990e+00 1.418324552795073856e+01 1.445090381558298631e+01 1.457508867500414240e+01 1.465066267624111518e+01 1.466793646119721295e+01 1.531464471325568155e+01 1.533490085864326069e+01 1.534836153614363496e+01 1.544814995146804470e+01 1.548246519680568056e+01 1.554526284748896892e+01 1.559113917236292224e+01 1.563109198709347858e+01 1.565464600632816961e+01 1.572917998888756763e+01 1.605186842083548626e+01 1.655298213933011553e+01 1.656267986275539528e+01
1.394263033043918520e+00 1.451635555995399951e+00 1.476163923561566005e+00 1.508448688358617007e+00 1.568454946469322042e+00 1.622713712341314674e+00 1.988488234660519938e+00 2.028235928032349200e+00 2.059261050981012087e+00 2.321828366433343671e+00 2.327991589989808929e+00 2.465333238337157784e+00 2.622544994945332331e+00 2.673716502631077852e+00 2.759964848480533028e+00 2.849261937339616857e+00 2.871560288534158456e+00 3.063938106992287747e+00 3.940999030839714923e+00 3.954598242830852151e+00 4.011800979019544577e+00 4.126662306783356549e+00 4.202775356371477145e+00 4.240460389640292149e+00 4.402828283090117978e+00 4.647798172620366763e+00 4.653973785696519982e+00 5.147025882368996719e+00 5.380223185452088330e+00 5.391928532815674302e+00 5.495528058112332914e+00 5.511782589780691133e+00 5.712464429082701578e+00 5.744172235700242268e+00 5.788923042709912536e+00 5.920401246055147837e+00 5.963140957436396050e+00 6.058035019283993350e+00 6.128181145272540320e+00 6.208300838040541336e+00 6.219833435035267755e+00 6.291642849956031291e+00 6.657821239557832449e+00 6.662392596269961054e+00 6.767200120543952480e+00 7.373836183514459464e+00 7.382618360702144500e+00 7.513174579721785484e+00 7.637875506524284930e+00 7.922193231209937458e+00 8.058009611636297365e+00 8.815364369836311553e+00 8.844991410369534179e+00 8.856877220672878082e+00 1.417820719983199673e+01 1.448813730786626586e+01 1.455276033239007205e+01 1.466568387338603863e+01 1.467971302818379264e+01 1.533526165267715946e+01 1.535106806081218878e+01 1.541899878387334688e+01 1.546105396527548059e+01 1.550176433015402644e+01 1.552696442141674460e+01 1.558690956187226817e+01 1.563527029211142860e+01 1.565798125528839080e+01 1.574286803968324300e+01 1.600767431407578201e+01 1.656875074574914208e+01 1.657181154617468977e+01
1.442698959652129576e+00 1.442713540196362887e+00 1.455135581396587607e+00 1.511230220975295246e+00 1.605083153134982288e+00 1.605088054945849940e+00 2.029877628980165216e+00 2.037679923395542936e+00 2.037689342922585300e+00 2.331528859270842080e+00 2.331536308686016579e+00 2.466411259755606267e+00 2.651215630643259491e+00 2.651219602569953260e+00 2.767822442246316239e+00 2.847548868334534244e+00 2.847553782166920122e+00 3.065215209670669072e+00 3.946241246729040419e+00 3.946242956981181660e+00 4.008505171976892711e+00 4.118609908029990052e+00 4.218257465085405222e+00 4.218260851690060598e+00 4.401045648848318947e+00 4.652513962895237221e+00 4.652518028455109089e+00 5.141692076971882130e+00 5.376119465989352086e+00 5.460783712449195804e+00 5.460786738669836993e+00 5.505012297486327810e+00 5.730307064558765262e+00 5.730310114304338676e+00 5.777715564122962277e+00 5.937762214354851409e+00 5.937766716965353631e+00 6.084017767667938337e+00 6.084020462353814551e+00 6.212050862242604055e+00 6.212054736974814695e+00 6.289716457562721352e+00 6.661849659079120300e+00 6.661853302430532864e+00 6.770449059690503368e+00 7.395887413930162246e+00 7.395889104161398997e+00 7.552895592641663214e+00 7.552900689937238177e+00 7.921165324721722634e+00 8.064292968964887010e+00 8.821661166135767118e+00 8.860235125363788100e+00 8.860239654300167800e+00 1.417653692746986671e+01 1.452265562728934967e+01 1.452265894484450826e+01 1.467742981832373594e+01 1.467743075255238239e+01 1.535147202432874636e+01 1.535147275322188243e+01 1.545241397941887485e+01 1.547195010633811663e+01 1.547195408814314099e+01 1.556562730857318222e+01 1.556563054014686465e+01 1.563082109954668475e+01 1.565567410615382293e+01 1.574806560501633612e+01 1.599294210697710383e+01 1.657447306436473156e+01 1.657447664952152522e+01
1.441780294441675103e+00 1.449813011173554100e+00 1.465753865738573580e+00 1.518294866863895365e+00 1.595376873330102807e+00 1.616974281410824998e+00 2.020064841636235453e+00 2.033178478508010034e+00 2.052393140583123277e+00 2.334109170920632970e+00 2.335469700056881148e+00 2.468925541726768369e+00 2.640606320171824173e+00 2.661009737834681754e+00 2.766537231002351049e+00 2.831774529922666872e+00 2.865455656454638067e+00 3.061831849769896419e+00 3.946660458983940245e+00 3.950173066633076324e+00 4.011154660196401878e+00 4.121640028863867933e+00 4.212143838042097244e+00 4.227377405153939449e+00 4.401618322741279066e+00 4.634941326785732230e+00 4.649881543008615559e+00 5.141165286360890541e+00 5.381278720448049668e+00 5.445879483233709628e+00 5.472464458177938695e+00 5.505156935467211632e+00 5.675570341503060945e+00 5.761834045317005604e+00 5.789900241517127455e+00 5.935905972660441954e+00 5.967767734245698286e+00 6.065310516242804262e+00 6.092738055542831432e+00 6.175958653964976897e+00 6.260821215103155701e+00 6.291040997181650773e+00 6.644480160384845568e+00 6.671917454505222445e+00 6.764866609069620118e+00 7.315487958515810796e+00 7.387962657643004860e+00 7.548992385129894345e+00 7.663836515742352695e+00 7.908958334059022377e+00 8.070482635160262319e+00 8.816354675184300049e+00 8.850682148307203789e+00 8.856002458283981582e+00 1.418105706753590134e+01 1.451122166910803024e+01 1.454310555321034926e+01 1.467008546063279262e+01 1.468104112153233487e+01 1.532795330449551052e+01 1.538902701151317842e+01 1.541658568130065987e+01 1.544164398990839615e+01 1.551424490872634365e+01 1.556288568147303408e+01 1.556787875982218061e+01 1.562703057541982510e+01 1.565973512473862961e+01 1.577528276914545913e+01 1.599384381789593412e+01 1.656726988663908173e+01 1.656991997756196966e+01
1.445189731719478399e+00 1.465929102187383704e+00 1.489131198525701860e+00 1.540323086146166531e+00 1.588515161931678188e+00 1.636480614206191619e+00 1.999169671008692140e+00 2.031327738414995920e+00 2.071452323681664875e+00 2.340634844740948850e+00 2.346247036091039462e+00 2.476017358625004938e+00 2.629976054839660016e+00 2.670895295147512893e+00 2.761602630376313705e+00 2.819098931172456801e+00 2.880165085164966055e+00 3.049844223401051657e+00 3.951971757930852203e+00 3.958776061990194606e+00 4.018531223046768908e+00 4.130546184907563756e+00 4.208867420168360240e+00 4.239057727757050031e+00 4.401707997375265968e+00 4.598710557962807144e+00 4.628252980289673246e+00 5.142332317226679272e+00 5.393951359007437496e+00 5.432411533544417637e+00 5.479875050164763728e+00 5.510528513855725841e+00 5.611930818589465630e+00 5.757279919333783802e+00 5.822255748577126688e+00 5.954240371992533198e+00 6.025715893441325299e+00 6.047256677870412211e+00 6.093346280466841236e+00 6.152609202491325924e+00 6.295258911059687712e+00 6.312365344769187203e+00 6.618075836517429700e+00 6.674450199406249951e+00 6.747833108386254608e+00 7.245790877359247872e+00 7.291817803953741794e+00 7.655335259095734202e+00 7.784894965613451845e+00 7.872745490522254919e+00 8.088578958501894789e+00 8.800444091520128964e+00 8.825492244132362885e+00 8.839352510814451946e+00 1.419497233417547832e+01 1.450928747363360749e+01 1.457207010766179955e+01 1.465575401047139081e+01 1.468311616064609737e+01 1.531436060689273759e+01 1.534520806374786872e+01 1.541474715335838219e+01 1.544558281613380224e+01 1.555332356582582953e+01 1.556394844352593942e+01 1.557996248068494261e+01 1.561406668419695976e+01 1.566305370491127036e+01 1.583571226739462645e+01 1.599878749947326284e+01 1.654695353705059446e+01 1.655653723798758392e+01
1.459426289828113399e+00 1.486874170950718055e+00 1.515249934129253129e+00 1.567996040501453914e+00 1.597866204617415686e+00 1.665045714589226122e+00 1.970284914885527927e+00 2.025975046941049129e+00 2.086758346089634397e+00 2.349167753140205317e+00 2.362884704572900230e+00 2.485501963505246881e+00 2.622772152755186159e+00 2.680607989691340620e+00 2.750979867091109643e+00 2.806763292805341869e+00 2.884474896424191304e+00 3.025733925644521705e+00 3.963667182243160614e+00 3.972212992906742901e+00 4.028419092741372332e+00 4.145069831316536835e+00 4.208635710359119209e+00 4.251462088288310959e+00 4.397904785032839214e+00 4.548792447416453832e+00 4.589753042715990716e+00 5.151356906550550896e+00 5.407077563418149602e+00 5.423390870005640352e+00 5.486125423299802684e+00 5.530121518820149795e+00 5.550460964564023492e+00 5.720492391663366760e+00 5.867487146194799941e+00 5.985398632964367138e+00 6.035549512583641807e+00 6.085390362863421387e+00 6.105267360215137273e+00 6.136891260918285518e+00 6.304578772165791989e+00 6.355239994701581629e+00 6.583339258970108965e+00 6.664111902271440790e+00 6.718872247569551703e+00 7.198339426063898649e+00 7.212264033822852305e+00 7.779476744134792732e+00 7.812387860965352537e+00 7.907737004402739522e+00 8.117651870037654760e+00 8.773716855638847179e+00 8.784908990431093301e+00 8.809421495090065335e+00 1.421910006182267772e+01 1.451558819814248658e+01 1.460377322408885270e+01 1.464004115576775611e+01 1.468240082402872027e+01 1.525552585860110000e+01 1.532095557087569659e+01 1.539626586735367297e+01 1.550368950471246876e+01 1.555377132849879729e+01 1.558338108458897864e+01 1.559489261917633307e+01 1.562710720968157396e+01 1.566750878238381084e+01 1.588775457765263255e+01 1.601931906472064782e+01 1.651713016576561088e+01 1.653516279312800208e+01
1.480653736909227858e+00 1.522050628150268370e+00 1.535427424090775039e+00 1.578944380467952824e+00 1.645534095268612829e+00 1.699903785047498506e+00 1.936197312098851375e+00 2.012696980465869423e+00 2.089069308640921108e+00 2.361813831552109999e+00 2.383112007107186070e+00 2.493877771649219977e+00 2.622214729980116399e+00 2.687874185382340464e+00 2.733301008391733955e+00 2.792236609963719474e+00 2.874436258813743539e+00 2.988035929592222306e+00 3.982274464350846976e+00 3.989466481955602717e+00 4.037732814279237026e+00 4.165201999348643547e+00 4.212305059602331703e+00 4.262061719983424091e+00 4.387643649067934248e+00 4.492170677582111971e+00 4.537136662750708815e+00 5.173582411387040558e+00 5.413376519970073630e+00 5.421969197974267018e+00 5.475062974587580733e+00 5.506608122984369302e+00 5.580154252982213237e+00 5.668476636183296336e+00 5.918586407335512334e+00 6.019667550113003252e+00 6.033351820283293421e+00 6.075017596569401768e+00 6.119775866139741005e+00 6.186172626062640845e+00 6.319020288085015480e+00 6.383021934207866011e+00 6.545708405225026283e+00 6.633704032477476531e+00 6.678412246517492434e+00 7.165329631575497515e+00 7.182482924449897332e+00 7.732179653565866673e+00 7.913020640110659087e+00 8.027591796104067257e+00 8.157494297868099764e+00 8.728379396752282915e+00 8.737834480208961807e+00 8.765113723463024087e+00 1.425387783040713963e+01 1.452373369641621359e+01 1.459484027428519148e+01 1.466451853461666488e+01 1.468436640135200300e+01 1.517456334553058817e+01 1.532435993820907427e+01 1.537813928653360307e+01 1.554690984919529484e+01 1.555688616101469535e+01 1.557502813483461956e+01 1.562292166992995668e+01 1.567183885519787978e+01 1.568555999928143940e+01 1.590282639511720397e+01 1.606991451399917992e+01 1.648290477112290731e+01 1.650675718709409523e+01
1.500778002859452176e+00 1.538667803762691744e+00 1.565766960632973159e+00 1.603979950382081077e+00 1.711626773545446900e+00 1.738320777255471183e+00 1.900637557516969167e+00 1.992415329443729011e+00 2.073150840887961088e+00 2.381725434800076702e+00 2.402720565074319747e+00 2.497593638000760841e+00 2.628932318036505400e+00 2.688974045369680876e+00 2.710071225956116159e+00 2.777967889846862271e+00 2.853546593435726919e+00 2.939442308565904938e+00 4.004986889989166521e+00 4.008493796487635485e+00 4.044430647378892019e+00 4.191114281491670646e+00 4.221212731007820906e+00 4.269906412782638938e+00 4.370180275436564621e+00 4.435482670644026904e+00 4.475566783377350255e+00 5.210023993754343330e+00 5.405427781291489708e+00 5.428736298038708163e+00 5.435352001160146607e+00 5.511907309447058090e+00 5.617536584734791560e+00 5.647968230597364858e+00 5.969678133733236081e+00 6.012240231420262759e+00 6.041463185108398193e+00 6.072216515855724417e+00 6.120135252213567689e+00 6.251062613530958600e+00 6.336937720349807179e+00 6.393481833370528555e+00 6.514238315641089905e+00 6.586591676366802872e+00 6.629184317752596201e+00 7.166208627478363624e+00 7.186364809418083865e+00 7.635608847777322516e+00 8.052273292351452838e+00 8.143923035921069697e+00 8.208669695665907540e+00 8.661274673043426020e+00 8.688969850142493456e+00 8.706902385622850460e+00 1.429832264151160715e+01 1.452198861936684260e+01 1.456219865797735835e+01 1.469879922556943086e+01 1.471291736595874333e+01 1.509386871265150099e+01 1.533145292130098980e+01 1.536336196217381023e+01 1.551839220201242320e+01 1.557582346644197635e+01 1.560309418157572381e+01 1.566960677894075893e+01 1.569319671504307756e+01 1.573150998285801982e+01 1.589073716007235326e+01 1.613779557100686546e+01 1.644921556466943713e+01 1.647186955249037510e+01
1.518177475041891267e+00 1.542516400551981803e+00 1.573776092813667704e+00 1.663079913592009573e+00 1.746665320646815456e+00 1.806943496345493338e+00 1.868984473278675118e+00 1.971762629963923041e+00 2.042218906812970136e+00 2.406829530762121916e+00 2.419549204369394690e+00 2.492245663174374126e+00 2.640991791724758730e+00 2.676793012407052696e+00 2.693260301592806272e+00 2.771085323320204630e+00 2.830942926557541650e+00 2.887789544397499242e+00 4.024847240901798351e+00 4.027999671837942941e+00 4.047908866070272005e+00 4.222913009721431798e+00 4.236485287393635168e+00 4.276884881037462449e+00 4.346452417719348205e+00 4.382570796302124982e+00 4.413427978977195743e+00 5.256144819655314215e+00 5.382926955933593050e+00 5.398099277933742890e+00 5.453982104695338506e+00 5.520555749483913921e+00 5.577588095221620357e+00 5.729467306796531822e+00 5.979733556380116610e+00 6.009160888023045821e+00 6.018178621841163256e+00 6.097872979080769973e+00 6.125658484027722395e+00 6.298179030568697101e+00 6.353398418957679539e+00 6.388567288279059397e+00 6.497386711503628121e+00 6.540915338970420656e+00 6.577558491613572755e+00 7.198739801865059462e+00 7.211778174040130551e+00 7.527572517392823848e+00 8.193836436479124075e+00 8.253112126683227245e+00 8.270912005629369901e+00 8.584176942044294378e+00 8.626651858850230781e+00 8.639336291351703778e+00 1.434975871665422176e+01 1.450485375549601308e+01 1.452672405344923234e+01 1.473575841041510870e+01 1.475956484613048048e+01 1.501316640805424640e+01 1.533934552134597240e+01 1.535831894089865735e+01 1.548006858853651480e+01 1.559265036631245138e+01 1.562954296834949020e+01 1.568777510293732824e+01 1.574208487944343204e+01 1.577218190791450780e+01 1.586674950765322833e+01 1.621051922196016548e+01 1.641881349420572889e+01 1.643101113665889201e+01
1.529454223883924158e+00 1.553292637360415673e+00 1.570227302059127972e+00 1.719416619747999864e+00 1.756712656024820518e+00 1.821179128137355052e+00 1.894191108894593523e+00 1.955387275615989129e+00 2.008514046208920600e+00 2.429151047443374178e+00 2.438091238517717141e+00 2.475506483307541750e+00 2.655013421957309383e+00 2.660122424586647494e+00 2.684827573020917235e+00 2.778741659081191973e+00 2.815348933242987073e+00 2.844950505330526180e+00 4.037646097943624390e+00 4.043020990783457336e+00 4.049037392009421588e+00 4.256753486686126742e+00 4.259267811406248327e+00 4.283907520296845739e+00 4.320541163413634145e+00 4.337694151303264078e+00 4.359994752215584413e+00 5.303481445315781251e+00 5.357909203541667331e+00 5.373210148525520147e+00 5.480631312700018576e+00 5.524618222452778227e+00 5.549526122498837033e+00 5.816846720166006790e+00 5.940458338852915077e+00 5.962466190513162623e+00 6.060262819318791294e+00 6.111238776168803177e+00 6.123393258777674930e+00 6.330632252815256322e+00 6.360337828469912580e+00 6.374730209240190071e+00 6.495948384102928408e+00 6.514859904531163259e+00 6.534181498903238072e+00 7.247818023365883100e+00 7.254460451702794188e+00 7.414018598422485340e+00 8.330902646331939110e+00 8.337479782319357824e+00 8.353509185292539385e+00 8.500956369726461404e+00 8.548728622248049192e+00 8.568595771764883295e+00 1.440436393148225669e+01 1.447985970066487305e+01 1.449236622748986214e+01 1.478528453049801250e+01 1.480178719682532673e+01 1.493252059787469932e+01 1.534768050879975654e+01 1.536887005876377366e+01 1.543659901912858778e+01 1.561047754551124100e+01 1.564240031140806764e+01 1.568433382470420945e+01 1.579474126547699875e+01 1.580371594891072284e+01 1.583880477117523533e+01 1.628407530595002584e+01 1.638569513343089668e+01 1.639261358139657077e+01
1.535528449531222250e+00 1.551346225794792311e+00 1.576656995196280109e+00 1.738802921661350975e+00 1.766888932319675032e+00 1.786330018241546469e+00 1.926880688371545469e+00 1.948360994014639136e+00 2.001236484310111141e+00 2.438165680799210033e+00 2.454781208096251888e+00 2.460641943574987778e+00 2.649598453944618015e+00 2.670779681919929871e+00 2.675025241532832609e+00 2.804383210922023473e+00 2.810048361543087569e+00 2.821622901889662138e+00 4.040342124610597274e+00 4.047431742417266776e+00 4.050515030166207175e+00 4.269269913573531916e+00 4.277701651959604945e+00 4.285195080154172054e+00 4.311749986390915446e+00 4.322753666601822253e+00 4.328492052163660730e+00 5.332112575072755156e+00 5.346414462203043172e+00 5.355060730304037619e+00 5.511428452171259096e+00 5.519958365866650674e+00 5.527959654369246856e+00 5.899377699041668421e+00 5.903343170612785684e+00 5.914770868080293731e+00 6.094126398223827401e+00 6.103996598259733730e+00 6.111310096723328478e+00 6.350444080786132872e+00 6.356871245621138478e+00 6.363047246657809630e+00 6.502477991678027536e+00 6.508914401601224142e+00 6.513669249029944375e+00 7.295390424196746437e+00 7.306680855596002111e+00 7.310796310838824752e+00 8.402525082096758524e+00 8.404376007540182769e+00 8.434595529072435482e+00 8.462034923073078474e+00 8.467906237367429867e+00 8.495625652879967404e+00 1.445224216319468979e+01 1.445551369565978028e+01 1.446654163345856325e+01 1.483404220050330125e+01 1.483630164772345239e+01 1.485553820465586838e+01 1.536279037761568134e+01 1.538122064875903838e+01 1.540097982904629426e+01 1.562290593589197840e+01 1.564289960019999981e+01 1.566837485470033897e+01 1.580548377515282965e+01 1.582380787100554542e+01 1.583551898294628124e+01 1.634080583961107180e+01 1.635323596420928638e+01 1.637226247452239036e+01
1.536145440799583595e+00 1.548446215608815457e+00 1.573034859371761351e+00 1.701642731426296518e+00 1.773177422622149058e+00 1.806515783443742196e+00 1.920952951265022968e+00 1.929016921466412349e+00 2.019993284598406547e+00 2.421300586216672102e+00 2.453949203828552417e+00 2.470168982792469770e+00 2.655718669887404904e+00 2.659990462533115441e+00 2.678602367065413770e+00 2.789397040467960220e+00 2.810357298065084386e+00 2.845906155686192207e+00 4.035368580120795023e+00 4.040180188328776900e+00 4.054267142597820062e+00 4.255813301184667274e+00 4.265638651921059399e+00 4.294680469063340666e+00 4.308715193454283110e+00 4.336019302295621713e+00 4.355580590277994268e+00 5.318286938801506381e+00 5.339070266771183348e+00 5.377148796050171597e+00 5.490364104259429112e+00 5.502221812802461365e+00 5.562384364214446819e+00 5.859133941780648946e+00 5.885089065213057857e+00 5.979234142224928661e+00 6.074226842984738362e+00 6.089441246430369326e+00 6.133526890244888286e+00 6.338147825079656350e+00 6.351099753775351076e+00 6.377732383788575099e+00 6.497892594154885515e+00 6.514262490711762332e+00 6.529373735707709514e+00 7.204341468579623431e+00 7.351003154584897281e+00 7.361208201028402343e+00 8.331516985938858255e+00 8.363928147938811009e+00 8.376417478639071490e+00 8.484113377392292321e+00 8.500645867850341375e+00 8.579890441303405169e+00 1.443029317952762192e+01 1.443880786756403900e+01 1.450392888512281786e+01 1.476371631777484339e+01 1.486421521890796171e+01 1.489108347140787636e+01 1.532763131003503965e+01 1.540359789486110031e+01 1.541967851519729393e+01 1.560557503753345188e+01 1.565085543373162302e+01 1.567533299606791886e+01 1.580454871847375209e+01 1.580936278725252286e+01 1.582479913603815191e+01 1.632111092330640645e+01 1.633216655290425479e+01 1.641825249645579632e+01
1.529298242967241706e+00 1.541733539849804657e+00 1.562288351192173463e+00 1.641399553459549576e+00 1.769080960770678779e+00 1.810842867755777741e+00 1.912752040576993773e+00 1.922695457134034225e+00 2.029074945147661513e+00 2.395492880969502636e+00 2.451751610565523265e+00 2.479828328385817127e+00 2.642286819559195088e+00 2.645665645179441139e+00 2.691076445788054716e+00 2.792396186535971658e+00 2.819554977061085932e+00 2.882022577178105394e+00 4.018128990432349390e+00 4.028573526608271393e+00 4.056954606725004631e+00 4.237858938729404557e+00 4.251676705499676245e+00 4.301270694718358101e+00 4.333728683966233675e+00 4.362652359011945258e+00 4.393210364151507008e+00 5.297872309818569825e+00 5.335970550652280764e+00 5.406471196182612182e+00 5.450574401223123644e+00 5.473155255849298406e+00 5.612278771079533435e+00 5.837644488277603294e+00 5.874758704150305100e+00 6.038762408568320694e+00 6.045962673240848240e+00 6.077287540180001280e+00 6.143288865794080955e+00 6.318091174752605177e+00 6.354685106157373475e+00 6.381509424469247627e+00 6.500818059623373557e+00 6.525891040198607662e+00 6.553763530632241263e+00 7.122614641768185706e+00 7.398580358231476417e+00 7.412567142719793445e+00 8.258656263930367558e+00 8.291291215845667750e+00 8.302712704117812592e+00 8.521738649471760851e+00 8.536140413150885564e+00 8.649452303286322419e+00 1.440938793668857620e+01 1.441757664671997041e+01 1.453937837408318323e+01 1.469584772032242981e+01 1.488202375650244491e+01 1.491742102990354368e+01 1.528664024292352686e+01 1.543494815696504396e+01 1.545357349850901940e+01 1.557722814574864856e+01 1.565636169615057938e+01 1.567537363875589485e+01 1.577373413976823713e+01 1.579524953668255272e+01 1.580313917578926386e+01 1.630100880892549853e+01 1.633085339850703832e+01 1.645347657916253326e+01
1.500575034989560574e+00 1.532514868640229455e+00 1.550633591754623009e+00 1.577215053059826566e+00 1.748010987329733590e+00 1.776270794523619134e+00 1.898048859802383470e+00 1.954081856850058863e+00 2.007939396937063581e+00 2.370149236628781964e+00 2.443366148490207834e+00 2.487878749711921689e+00 2.619185504339330173e+00 2.628511231252903091e+00 2.695679284949056509e+00 2.817216039138156880e+00 2.845127960780891474e+00 2.919498830553065361e+00 3.992979792195324507e+00 4.018284819721972490e+00 4.062043246543448838e+00 4.224578313168555255e+00 4.240287837236354385e+00 4.315527467374829840e+00 4.365552630277171886e+00 4.394434549410988211e+00 4.432929263292741062e+00 5.284021956861633562e+00 5.334735187338626616e+00 5.403623508283880383e+00 5.424450659902274374e+00 5.440122123632778361e+00 5.670369132654378141e+00 5.839851072026807088e+00 5.874624215599821397e+00 6.003459165262400532e+00 6.070702064759208483e+00 6.092627765331299905e+00 6.134999989193608450e+00 6.304778703945863150e+00 6.360994290887640012e+00 6.377020767661521816e+00 6.511151988419880965e+00 6.539490523411180867e+00 6.579921548853688407e+00 7.063628076009860202e+00 7.440070086288415041e+00 7.459874738103089875e+00 8.193940035516842357e+00 8.206132001945404042e+00 8.243838574987861989e+00 8.545392582662698189e+00 8.554565430279636118e+00 8.697872804941034985e+00 1.439042658471816516e+01 1.439809153850345425e+01 1.455714633899848209e+01 1.463772851433053113e+01 1.489013258839657539e+01 1.493042845146504582e+01 1.525190884316840467e+01 1.546988223238108695e+01 1.549287048022382862e+01 1.554004440197854464e+01 1.565561994539824830e+01 1.566703206829198614e+01 1.573976512957479201e+01 1.576499785488428174e+01 1.576963657081447145e+01 1.628804032290839743e+01 1.634101204149981612e+01 1.647473178500761293e+01
1.447366306446207895e+00 1.500556580131487738e+00 1.524308740511355342e+00 1.543229067276927768e+00 1.688143248760921811e+00 1.752414355539919422e+00 1.880451714286576426e+00 1.954773532645103229e+00 1.988268052465622215e+00 2.345265459149373566e+00 2.429822785867467694e+00 2.491895475157958728e+00 2.588540237728610638e+00 2.608401901323200267e+00 2.695522910298277619e+00 2.860884343782235550e+00 2.879958946787398943e+00 2.955750882281186431e+00 3.969982752681409099e+00 4.009452856459694736e+00 4.071259455902452196e+00 4.216332159414653447e+00 4.230575347855613622e+00 4.329280217960414845e+00 4.403150030813879567e+00 4.428423599791149634e+00 4.472275137114765542e+00 5.278699956456717857e+00 5.318384830807847408e+00 5.356571501938550917e+00 5.428791257909224122e+00 5.430065944717541448e+00 5.729583377885713702e+00 5.858912572680559094e+00 5.878529863792545385e+00 5.963663930218520370e+00 6.075849741555367167e+00 6.091876689705163272e+00 6.143203494310685464e+00 6.303056723915649862e+00 6.366943392074026598e+00 6.367389404736801595e+00 6.530161058780910466e+00 6.553073837531568913e+00 6.603041271990304217e+00 7.029153583428702667e+00 7.470462001134234420e+00 7.499006060076566449e+00 8.118951131478777228e+00 8.143761566349750680e+00 8.197296653174987568e+00 8.551285608611395972e+00 8.555131064650753459e+00 8.723833024350835075e+00 1.437321720698266070e+01 1.438099114330683292e+01 1.453537797359341077e+01 1.460754849127380339e+01 1.488977716878847879e+01 1.493039495845523490e+01 1.522808291494798105e+01 1.549314768803419895e+01 1.550036710511171378e+01 1.553100112502915664e+01 1.564731115038264875e+01 1.565001761281808790e+01 1.570515339680451739e+01 1.572077284294448596e+01 1.573720932175639042e+01 1.628317310051825828e+01 1.635676687105725691e+01 1.648085079837244393e+01
1.375763162345217783e+00 1.424936272129834647e+00 1.511613145834324268e+00 1.523871763249792899e+00 1.616401410748618428e+00 1.718296450655638852e+00 1.865317517162736305e+00 1.878302634571740626e+00 2.010561322335953083e+00 2.319792160444163809e+00 2.412493921538814590e+00 2.489838757612344633e+00 2.552071336072251562e+00 2.586074147655209821e+00 2.692843410449951680e+00 2.916024018550033681e+00 2.918480974788055793e+00 2.989983463918697293e+00 3.954620592615341046e+00 4.002853053011955708e+00 4.083052359783339469e+00 4.213778665396932688e+00 4.221284353785441645e+00 4.337686463337099951e+00 4.444953055863880564e+00 4.462388965108615047e+00 4.509680457188665947e+00 5.274592135824621053e+00 5.286745968813550967e+00 5.324714044552697700e+00 5.419919365748756768e+00 5.452296883320673970e+00 5.773925237833078761e+00 5.882290948614189219e+00 5.884725952158984974e+00 5.928584060180216220e+00 6.058560110308589763e+00 6.092230718848247406e+00 6.172293528128296458e+00 6.310804038658927695e+00 6.353619212841494779e+00 6.371923132638840137e+00 6.556674729534688773e+00 6.565691221323083582e+00 6.619953322257054573e+00 7.016291729303440583e+00 7.483731564996827679e+00 7.525405596083415638e+00 8.032774331829084957e+00 8.113910783215294131e+00 8.166065335214433674e+00 8.535184314811507633e+00 8.540850990020171452e+00 8.727573281136329797e+00 1.435767326272995881e+01 1.436669902715246927e+01 1.448479736135895735e+01 1.459245287884771081e+01 1.488221675882710393e+01 1.491906381570706408e+01 1.521805855114042849e+01 1.543909971744287013e+01 1.551032815240650820e+01 1.555497342392910731e+01 1.562189069171089884e+01 1.563525187474167666e+01 1.567190139116675596e+01 1.568329274581174104e+01 1.570971302891833155e+01 1.628602203205211651e+01 1.637458217459819565e+01 1.647091403113724795e+01
1.290713059340280244e+00 1.338661524780893064e+00 1.491771056551601360e+00 1.500531712695468922e+00 1.543261532021335869e+00 1.669999465977038300e+00 1.778407345921767302e+00 1.861504698487565834e+00 2.018037571645206807e+00 2.293919059478657818e+00 2.393428166209944585e+00 2.480538024438320388e+00 2.512004394091889026e+00 2.562209154903423602e+00 2.685250056283627007e+00 2.956454060388808092e+00 2.978365686753763342e+00 3.022789390756935646e+00 3.949079409040147759e+00 3.998706600879503359e+00 4.093063121604862964e+00 4.210843070503532459e+00 4.218356798044066380e+00 4.339259655786838366e+00 4.488395277964304597e+00 4.495407494670000226e+00 4.544125562815430897e+00 5.250146254339588481e+00 5.260280047695149896e+00 5.334319098990464525e+00 5.399536138957717668e+00 5.494323127762640091e+00 5.777173430884686489e+00 5.878532571997426182e+00 5.886202108096268759e+00 5.934048812103411841e+00 6.049663941775437870e+00 6.118052718347734675e+00 6.197929964032510064e+00 6.327063480159028863e+00 6.337706398719478607e+00 6.374447420650646734e+00 6.573233146506666458e+00 6.588652578556532191e+00 6.628874916275647955e+00 7.020718750417555221e+00 7.475915504909017351e+00 7.535309706224269988e+00 7.949394071893414626e+00 8.106754268808648689e+00 8.149718378732886848e+00 8.494460787543040681e+00 8.516613880149272120e+00 8.711077401278792820e+00 1.434410585287486484e+01 1.435523482909071191e+01 1.443153632570190048e+01 1.456704481891916636e+01 1.486832758126896792e+01 1.489852588349297768e+01 1.522211105106588036e+01 1.537843141329233809e+01 1.548798902791338428e+01 1.554954667816631009e+01 1.558982632716918992e+01 1.560651611916711801e+01 1.564297902412280017e+01 1.567287632555566823e+01 1.569819749748808491e+01 1.629642506231801491e+01 1.639274381421447302e+01 1.644451002385567406e+01
1.195338246616568956e+00 1.242183574566199544e+00 1.444234518865890271e+00 1.477213968950440881e+00 1.488316368623608943e+00 1.606419545896530465e+00 1.678626343910563090e+00 1.855646048442199270e+00 2.010577912628620734e+00 2.268642991636906636e+00 2.374946612625647102e+00 2.461371178794184544e+00 2.473418700614156140e+00 2.536926546192233900e+00 2.669240125126751018e+00 2.997389487494148685e+00 3.040165479829209705e+00 3.055746648698400403e+00 3.952908880433245731e+00 3.996677964653647219e+00 4.097402643951975065e+00 4.198971164917725929e+00 4.228111895256025932e+00 4.333795092570903229e+00 4.526037651644609916e+00 4.533779570490747979e+00 4.575250511986255653e+00 5.225684343339798588e+00 5.246029087133764257e+00 5.366324741635265738e+00 5.376450184708324365e+00 5.549298318688046905e+00 5.735712493940206436e+00 5.850612835750736096e+00 5.890726876114634081e+00 5.969626392986683960e+00 6.069947859836678283e+00 6.149389553523587182e+00 6.222540654566394380e+00 6.320305816953157851e+00 6.353106761067521369e+00 6.374565739670208231e+00 6.579113827181820362e+00 6.614845553992971361e+00 6.629710935286159845e+00 7.039430474405618199e+00 7.448422838226449905e+00 7.527791367838891468e+00 7.870430202347497683e+00 8.115986986119533952e+00 8.139078752015590723e+00 8.429738606724999528e+00 8.490673134437665581e+00 8.679312865532038401e+00 1.433290705570939672e+01 1.434622586794222698e+01 1.438199281753722047e+01 1.452888188720147156e+01 1.484854476645588406e+01 1.487076340312576228e+01 1.523780353578460200e+01 1.531509519713341483e+01 1.544482061045847310e+01 1.551293943284712462e+01 1.555651963848294095e+01 1.556508518732823454e+01 1.561580317134552587e+01 1.567872203810003207e+01 1.569941799598459475e+01 1.631379561913267651e+01 1.639686200104963376e+01 1.641651262127236777e+01
1.090720164969668060e+00 1.137539333545330766e+00 1.376071468313961432e+00 1.433626961107933750e+00 1.467034945980444371e+00 1.517832850943035439e+00 1.596538677780384274e+00 1.849796682495054023e+00 1.990051701130992390e+00 2.244964203793435864e+00 2.358739860384181597e+00 2.423033636051872275e+00 2.449013991470871510e+00 2.509885043864257259e+00 2.643355968732727490e+00 3.040966862388595704e+00 3.087341055010687452e+00 3.102709183402292847e+00 3.963825119056455737e+00 3.996034503325583742e+00 4.095771138323722305e+00 4.184466215516882137e+00 4.237860990098668346e+00 4.321672927045589141e+00 4.559802392942099658e+00 4.576820646797169267e+00 4.603396952416135335e+00 5.214646936638491326e+00 5.247667747785041747e+00 5.333328573176057574e+00 5.429663083543994517e+00 5.613554508908559448e+00 5.677523130534765983e+00 5.827528886034059497e+00 5.897203119805110028e+00 6.007878443331594376e+00 6.084685970010736966e+00 6.181553000110687535e+00 6.256168818870565751e+00 6.303842947352148229e+00 6.370248285322083426e+00 6.389247098199236419e+00 6.580361188711843390e+00 6.618194928675403155e+00 6.637345352643515994e+00 7.070852428362567110e+00 7.407102801331270747e+00 7.505117239530576079e+00 7.797096120253043772e+00 8.111548677283145992e+00 8.128385671060829765e+00 8.341397056927366549e+00 8.480569467447040211e+00 8.642658589699884431e+00 1.432218849523409965e+01 1.433372556138954579e+01 1.434617237948518387e+01 1.448127608561249424e+01 1.482308556860608562e+01 1.483757957604332134e+01 1.525338098334465897e+01 1.526155597491749027e+01 1.539666421790233919e+01 1.546502657507369527e+01 1.551258588141208961e+01 1.552419136856941861e+01 1.559041946678347657e+01 1.567672179792535658e+01 1.569968771700658117e+01 1.632040273567767485e+01 1.635718681341726111e+01 1.643525880991323973e+01
9.765388416643054903e-01 1.027909764920924118e+00 1.303718118771361789e+00 1.382228319582799791e+00 1.404764729280091995e+00 1.458395049466038262e+00 1.533089418395426673e+00 1.843320540873593538e+00 1.960268708706191187e+00 2.223621435590183548e+00 2.344968155595326564e+00 2.381115889703023125e+00 2.426885190994964692e+00 2.480944172798329905e+00 2.608830776047142308e+00 3.086495507458407062e+00 3.122610487708979310e+00 3.160670740467386164e+00 3.978821985123313976e+00 3.995855534393895958e+00 4.090272872762415801e+00 4.166819217314497337e+00 4.240749468226879593e+00 4.303553132875292953e+00 4.596958366429722886e+00 4.618601291747840065e+00 4.629644319969814070e+00 5.221068040294134072e+00 5.265733397664620341e+00 5.293389212341433669e+00 5.500340091586890523e+00 5.618628265282827883e+00 5.687076100542722834e+00 5.814006722446071862e+00 5.904907492873581631e+00 6.044804066850311131e+00 6.072280644289162588e+00 6.208877591561425824e+00 6.286450881215142061e+00 6.309241958783745829e+00 6.365122310560423102e+00 6.428154768474153791e+00 6.576472213837969427e+00 6.602070134892565001e+00 6.647650945527892041e+00 7.113353227428675041e+00 7.358682495206402940e+00 7.470835901482241859e+00 7.730170751490142322e+00 8.053664468250250508e+00 8.116362745279566582e+00 8.232429654791163287e+00 8.500649066239388318e+00 8.618582715018217044e+00 1.429105969005467180e+01 1.432332370518943776e+01 1.434065543715408531e+01 1.442848226159932956e+01 1.479232309292516057e+01 1.480057608423124016e+01 1.519892427212719710e+01 1.528826643534298313e+01 1.535161471686916634e+01 1.541597162092191731e+01 1.546280917325086612e+01 1.548233334122437199e+01 1.556726017509051552e+01 1.565982259342032989e+01 1.568948720227855631e+01 1.625147097695214882e+01 1.638068518334636181e+01 1.645910997994110048e+01
8.526370817559930648e-01 9.156261075346385780e-01 1.212016801230015206e+00 1.296734603776570349e+00 1.350854792566118512e+00 1.433934163000529338e+00 1.477854814266920114e+00 1.836577879749671238e+00 1.926682594232712598e+00 2.205082927936650616e+00 2.328000560952749876e+00 2.345640255441174826e+00 2.404656295617745521e+00 2.450711473963525400e+00 2.568347348987614076e+00 3.132121512778435868e+00 3.158848752361357981e+00 3.216379173238987477e+00 3.994696602585470657e+00 3.995767180870327451e+00 4.083138755221366267e+00 4.145616983725810556e+00 4.233297442491259055e+00 4.280167732665838720e+00 4.636363815229071150e+00 4.653901610926713062e+00 4.660488312819482282e+00 5.241940798827243952e+00 5.254287541720922050e+00 5.302120332706671491e+00 5.568790071614423631e+00 5.586864467257105282e+00 5.751137816278572679e+00 5.821001989206083138e+00 5.911863399528267671e+00 6.030958382359889569e+00 6.080366191625841132e+00 6.224154888958392640e+00 6.286079935481869718e+00 6.353573348860740211e+00 6.366780070099282263e+00 6.467764345689813510e+00 6.566072766561881657e+00 6.579676242922428919e+00 6.650979319221288932e+00 7.164084480513363218e+00 7.308920072429723191e+00 7.428098995741016175e+00 7.670038951015824225e+00 7.962885714063241416e+00 8.062543056744916115e+00 8.109276366950796344e+00 8.547927721244224841e+00 8.623707629173376077e+00 1.425671523329020296e+01 1.432228848785395847e+01 1.434141933518030854e+01 1.437495497667667976e+01 1.475701361207094386e+01 1.476115142876713371e+01 1.515519756278061259e+01 1.530980668219380902e+01 1.531767868376602060e+01 1.536929832520177719e+01 1.541276444734941364e+01 1.544016670715025974e+01 1.554658886267182716e+01 1.562873499946182143e+01 1.566463431315862742e+01 1.615843791932406504e+01 1.641779558097682212e+01 1.648589954930181634e+01
7.202391391027833656e-01 8.007470410049940535e-01 1.082035010494244887e+00 1.238631447983080225e+00 1.305261704873756035e+00 1.401078175542421533e+00 1.430657137471583518e+00 1.830507283071217683e+00 1.895433644227397796e+00 2.189556791988719997e+00 2.293045464644599019e+00 2.331615920657664542e+00 2.382844312491008143e+00 2.420602645179577461e+00 2.524694862547020691e+00 3.175644590619020491e+00 3.195514155715716953e+00 3.269248541944516528e+00 3.993618418666304848e+00 4.011154875754202820e+00 4.076056944410244576e+00 4.120700195167822599e+00 4.216157571947125149e+00 4.252321251562807269e+00 4.668568697183448357e+00 4.686812903028974020e+00 4.698173376813308266e+00 5.205945854849580279e+00 5.294496973706930731e+00 5.351176860820108239e+00 5.537506667966633600e+00 5.674092030319494384e+00 5.778530156856727551e+00 5.875713846619448510e+00 5.915177206315896719e+00 5.968609436542134716e+00 6.109690869424654558e+00 6.225606055354800716e+00 6.297212270306154380e+00 6.346785848625526860e+00 6.418746080513504815e+00 6.504980092363837230e+00 6.544326201778439156e+00 6.557178683685978449e+00 6.650061154552579623e+00 7.218316907920267589e+00 7.263364236302958687e+00 7.379572012829974881e+00 7.616803052199446533e+00 7.851805998949875409e+00 7.961988157166977942e+00 7.983177099667120302e+00 8.610636726869824287e+00 8.658306856566840182e+00 1.422707843076343437e+01 1.431292324670076255e+01 1.433642005682709275e+01 1.434662504787338655e+01 1.471797082315452165e+01 1.472074886789283177e+01 1.512580717771419536e+01 1.528216205758831592e+01 1.532476238686513526e+01 1.533262916975061252e+01 1.536740397079299214e+01 1.540512077000481206e+01 1.552843271793314628e+01 1.558680635592232555e+01 1.562526626663403206e+01 1.605264726758165494e+01 1.645764310838013245e+01 1.651435797651040360e+01
5.809782006678015920e-01 6.819669688919166584e-01 9.323151735143350161e-01 1.200659527412305971e+00 1.261140016674659137e+00 1.357715640741075314e+00 1.388195264573778953e+00 1.826327640074665526e+00 1.871483427669308641e+00 2.177009232108945813e+00 2.255347882162204609e+00 2.324117148566828384e+00 2.361657861753762688e+00 2.392538868133446073e+00 2.480195396385625362e+00 3.215335650626471420e+00 3.230942333923691123e+00 3.318656583667162874e+00 3.990860460412557043e+00 4.025632207507593208e+00 4.070154369676706629e+00 4.092448415785786331e+00 4.192300905407723377e+00 4.221080473590880011e+00 4.691139940082655890e+00 4.724364964608366080e+00 4.733411126784945466e+00 5.167948703593087778e+00 5.358287110039640311e+00 5.411710610296856849e+00 5.514581407595160911e+00 5.761617955267455571e+00 5.792211507602604392e+00 5.884406727411782612e+00 5.914805760211567787e+00 5.956403231294371103e+00 6.132624810348955791e+00 6.224233097450762919e+00 6.310948909535309070e+00 6.337987544898765258e+00 6.466829919517922853e+00 6.512121292890424407e+00 6.532575578793901272e+00 6.541043058207176131e+00 6.648015340997950773e+00 7.221197626421112403e+00 7.276440587840425245e+00 7.328697822772650028e+00 7.570420891789272133e+00 7.732952931273000097e+00 7.836706362371350210e+00 7.854878232421137696e+00 8.678759430938525199e+00 8.709822458460674710e+00 1.420243056349646338e+01 1.426923737207044773e+01 1.434224504274899203e+01 1.435596097151951156e+01 1.467644417682700819e+01 1.468016148685258138e+01 1.511300638243394268e+01 1.525967921006677841e+01 1.528941773507623303e+01 1.531165119240125705e+01 1.533503142984685397e+01 1.539758527231765939e+01 1.551197115215004452e+01 1.553901063299732854e+01 1.557438686632117886e+01 1.593870421594346531e+01 1.649700399109763893e+01 1.654253002437647524e+01
4.354767943937276620e-01 5.578657987942863272e-01 7.723921328763863059e-01 1.175244064784156439e+00 1.221315618585452123e+00 1.311940784309295838e+00 1.341587228553511757e+00 1.825150129545275446e+00 1.856445786924141306e+00 2.167231335434804951e+00 2.220840887548784170e+00 2.318203808157821566e+00 2.341688165906258945e+00 2.368264224419419861e+00 2.436798770761270383e+00 3.250247491874493022e+00 3.262845524582206114e+00 3.363484071097612382e+00 3.987211711669902403e+00 4.038354127970897878e+00 4.061002568805675672e+00 4.067256158973791891e+00 4.165339875782499313e+00 4.187988042561094026e+00 4.709763294193943572e+00 4.758187380536574196e+00 4.764490930760453935e+00 5.136021463505802132e+00 5.434939444988063251e+00 5.475371081333523016e+00 5.505949611784699549e+00 5.762944910010502575e+00 5.803802119016019390e+00 5.872837846122408223e+00 5.912096382807355610e+00 6.031741619263127241e+00 6.149316571674160237e+00 6.227125716200813343e+00 6.319560381883328581e+00 6.331325607013580381e+00 6.476868910562317616e+00 6.502681707279061030e+00 6.506042110575421589e+00 6.572205581546198161e+00 6.646900535977512625e+00 7.194658764158754494e+00 7.277029755853464899e+00 7.329228442463437965e+00 7.530656939522728521e+00 7.616727300783123766e+00 7.709687810403317521e+00 7.725851980822124432e+00 8.744983089842342849e+00 8.765710539239790933e+00 1.418259539190252028e+01 1.422762868428130645e+01 1.435798963048480203e+01 1.437020275049217588e+01 1.463432018342301077e+01 1.463906527923794165e+01 1.511774068603182464e+01 1.524196536635590249e+01 1.526082052012169932e+01 1.527969828579689704e+01 1.530562008087800230e+01 1.541033117155508414e+01 1.548192647672775912e+01 1.550417644480264379e+01 1.551744875029118731e+01 1.582158201806911002e+01 1.653334611821111011e+01 1.656826736590900495e+01
2.813848222578891889e-01 4.274439782999110427e-01 6.061918019960754744e-01 1.160468842648436416e+00 1.189717548059655794e+00 1.268308248546365924e+00 1.290896665632701001e+00 1.827252355557885677e+00 1.848459381016820613e+00 2.159948641766570532e+00 2.191650255813335058e+00 2.313236475140682646e+00 2.325062330468079530e+00 2.348516492085894303e+00 2.396448268074920840e+00 3.279627672036505626e+00 3.289141812059598546e+00 3.402031352627218563e+00 3.983272079594394999e+00 4.030688525752943008e+00 4.050047138972411531e+00 4.065253756142064745e+00 4.138735250044162761e+00 4.155167624840204077e+00 4.724845899739975152e+00 4.785936754068297105e+00 4.789931838935108210e+00 5.111493582298806793e+00 5.481506816866654752e+00 5.525279738214495140e+00 5.557833524705071859e+00 5.671188679207993744e+00 5.810186007760147930e+00 5.871315977813375220e+00 5.979567979380402853e+00 6.091201128803032105e+00 6.169334298784891146e+00 6.235544322109827675e+00 6.320938187457804780e+00 6.327077379586111938e+00 6.440079017042499743e+00 6.466370004467319355e+00 6.531220762408415759e+00 6.602339324395905429e+00 6.647320234304526565e+00 7.183164878005697140e+00 7.236847010280341053e+00 7.372051577817673618e+00 7.491089317426768979e+00 7.516214449745662662e+00 7.575478427698191908e+00 7.623610890985843547e+00 8.803498292655030255e+00 8.816989970280676658e+00 1.416735430001802065e+01 1.419359807715266975e+01 1.437988369402824063e+01 1.438951663633390510e+01 1.459260196797005271e+01 1.459757950150180150e+01 1.513934210707906303e+01 1.522388209998368325e+01 1.523747364523098824e+01 1.526371358321497596e+01 1.528362124738878691e+01 1.541856227952948721e+01 1.543708313682044420e+01 1.545702057301547505e+01 1.549489656958369288e+01 1.570695508160122955e+01 1.656456811868332935e+01 1.658963166275431433e+01
9.485495136240247593e-02 2.903325498127712900e-01 4.361625318817059505e-01 1.155626317846786710e+00 1.169928504042039297e+00 1.229485335070597873e+00 1.242030431803410329e+00 1.831515579507390745e+00 1.844484864757316211e+00 2.154919884706251842e+00 2.169517036307744728e+00 2.308812618319834531e+00 2.315443917139917041e+00 2.333225970186353582e+00 2.361334189594388899e+00 3.302371179453744698e+00 3.308464323789479078e+00 3.432117891582423752e+00 3.979773764982871942e+00 4.003988374721478394e+00 4.060175123161310573e+00 4.066795557927368243e+00 4.115293687432576952e+00 4.125172417069973285e+00 4.735910166788343645e+00 4.806631963475068048e+00 4.808676558526944866e+00 5.094572005884744570e+00 5.479888220729145054e+00 5.574121824739286524e+00 5.613525064486746707e+00 5.632435041541246079e+00 5.811074512915981316e+00 5.841725498055160060e+00 6.058385579011053679e+00 6.116403788047882983e+00 6.212454785113012079e+00 6.249599270538134022e+00 6.318347834456390366e+00 6.322341359356988377e+00 6.402300054198965640e+00 6.421508354796852558e+00 6.547263988147732583e+00 6.627611769910339845e+00 6.648733632791770987e+00 7.190046726361155827e+00 7.214855537134614138e+00 7.403420271378323925e+00 7.408066834122111644e+00 7.443625890281586166e+00 7.487312714965043803e+00 7.549329524333325381e+00 8.849478622073522871e+00 8.857460314238638333e+00 1.415654503103255735e+01 1.416856793198967246e+01 1.440736812782000342e+01 1.441389911851969252e+01 1.455191964539133842e+01 1.455609335147037520e+01 1.517415386746525741e+01 1.520830821983886949e+01 1.521650881478987927e+01 1.526698586702160121e+01 1.527546609332845051e+01 1.538245040294828314e+01 1.539557201701846800e+01 1.544131601496746953e+01 1.548794276718580321e+01 1.560192538373560289e+01 1.658902062631607066e+01 1.660505741296858062e+01
-1.356634997600494608e-01 1.471282373644107189e-01 2.611431815250788158e-01 1.160367591283638422e+00 1.164566653864257839e+00 1.197724165633510029e+00 1.201766551023945029e+00 1.836073075037629065e+00 1.842079922295719152e+00 2.151975107714794611e+00 2.155745880150901961e+00 2.307846773616430980e+00 2.313283111104987633e+00 2.322303531253048448e+00 2.333773393703177490e+00 3.317162116201922917e+00 3.319984109693596253e+00 3.451425432115993175e+00 3.977440990201515092e+00 3.985180916756366098e+00 4.070188197777032002e+00 4.072370174599405424e+00 4.096562469165087705e+00 4.100441925726249437e+00 4.742615803015752363e+00 4.819460563606040360e+00 4.820126538860707299e+00 5.084817433310216295e+00 5.479518049272981806e+00 5.515194677518387323e+00 5.689921786798882941e+00 5.696200050171544405e+00 5.794208635541166608e+00 5.802236435177622553e+00 6.111650167345143991e+00 6.124719237796425020e+00 6.266356957464349620e+00 6.274702875915890488e+00 6.314838403857696569e+00 6.318341912159347373e+00 6.362166001760495071e+00 6.370627790882402941e+00 6.555803011850411366e+00 6.644367434483174684e+00 6.650137680282368180e+00 7.216653073869837343e+00 7.221355077762984465e+00 7.327285586890686098e+00 7.339092920537713560e+00 7.420774702699922898e+00 7.476243395972232086e+00 7.502689657176931703e+00 8.879220503836974032e+00 8.882865173961691951e+00 1.415007714897914859e+01 1.415330160278301541e+01 1.443976386268636958e+01 1.444303905906160246e+01 1.451290013802197088e+01 1.451528202087231101e+01 1.519551430590442997e+01 1.519904750509230595e+01 1.522058586387394641e+01 1.528243216168820950e+01 1.528355723022744783e+01 1.534164875146390372e+01 1.534614820893667719e+01 1.544666902785338536e+01 1.548416461701594926e+01 1.551843029666071594e+01 1.660557699399282328e+01 1.661335640771977751e+01
-5.487892624262300130e-03 -2.128375072814237771e-03 3.559926789267382069e-03 1.174813395582156250e+00 1.174818789002262998e+00 1.174827731967762023e+00 1.174830428535236226e+00 1.839600549411435582e+00 1.839612166421432216e+00 2.151038571455530235e+00 2.151048158663338761e+00 2.315673994794694046e+00 2.315683451460750497e+00 2.315707215684501108e+00 2.315719684711807336e+00 3.323057402725512866e+00 3.323059487155338942e+00 3.458101197383240955e+00 3.977294244714116189e+00 3.977698467878559185e+00 4.082267879830146384e+00 4.082271456574905422e+00 4.082600197212685522e+00 4.082604006159601617e+00 4.744853831064528293e+00 4.823890792346750445e+00 4.823897380819758496e+00 5.081651911043292280e+00 5.485967603019996197e+00 5.486389700865779595e+00 5.753255471910494911e+00 5.753259883825633025e+00 5.753605339220574599e+00 5.753609359173917248e+00 6.128213370370505508e+00 6.128215078365385260e+00 6.313794900360416129e+00 6.313797816769798565e+00 6.318120727031421247e+00 6.318125394398494521e+00 6.318463264886891473e+00 6.318464235174871213e+00 6.558482311558264222e+00 6.650231799038268221e+00 6.650691063352690335e+00 7.262699517789027226e+00 7.262707808342466542e+00 7.262826856800034037e+00 7.262830533065348426e+00 7.425248160592655466e+00 7.480735443926678663e+00 7.480842575116231963e+00 8.890507557712851394e+00 8.890515538255938210e+00 1.414786645558580425e+01 1.414823169054658614e+01 1.447603624672095712e+01 1.447603822149701713e+01 1.447639577490561358e+01 1.447639694887921102e+01 1.519384436805063565e+01 1.519384617159192707e+01 1.524065342747800500e+01 1.530746208945526199e+01 1.530746617976794433e+01 1.530781927929423247e+01 1.530782131362096088e+01 1.544860909964028828e+01 1.548264332525290854e+01 1.548299547186623748e+01 1.661368529308225916e+01 1.661368807607513887e+01
1.643398784558368908e-01 1.644253241904871654e-01 2.865295507175465994e-01 1.062228464750488710e+00 1.062243115612783173e+00 1.268093908909505352e+00 1.268104953666401080e+00 1.687504714079541168e+00 1.963499200857810045e+00 2.155222315639421904e+00 2.155232097501516453e+00 2.293857249292279299e+00 2.293888517973319718e+00 2.331943532721972634e+00 2.331979881714812741e+00 3.296256006601058441e+00 3.348548211607911274e+00 3.452984661068625449e+00 3.978899741119794164e+00 3.979302061371629229e+00 4.058256911042541937e+00 4.058600222800296642e+00 4.106328398665374024e+00 4.106651115198841850e+00 4.746513442006479622e+00 4.805904127265868020e+00 4.841485071027799236e+00 5.135560162171152854e+00 5.490163289872272756e+00 5.490584965018608266e+00 5.693958813750267467e+00 5.694331975743767593e+00 5.816335923115733664e+00 5.816656923343226815e+00 6.080706507974937836e+00 6.136048188062775743e+00 6.244048377613006906e+00 6.244357469293776219e+00 6.318928239890684750e+00 6.331977488610516680e+00 6.389371137950893953e+00 6.389741197975354225e+00 6.548115869752162865e+00 6.644723180988653333e+00 6.645180811300445356e+00 7.228586977472317265e+00 7.228713407632623600e+00 7.300755954808291648e+00 7.300879007716017277e+00 7.458881864439367959e+00 7.476135106354629301e+00 7.476244678560695966e+00 8.675728774979226898e+00 9.064256739365061932e+00 1.415457246573301653e+01 1.415493756247289703e+01 1.441651673185654481e+01 1.441687687381867100e+01 1.453107537838536523e+01 1.453143356615752957e+01 1.513231467252780682e+01 1.518680542260205968e+01 1.525493817016348608e+01 1.527294323150813149e+01 1.527330009052930215e+01 1.534291094143827117e+01 1.534326640796087915e+01 1.547949859631868108e+01 1.547985262371915027e+01 1.552833340528961514e+01 1.650021773618756171e+01 1.670054944530741992e+01
3.275477725793400352e-01 3.275910055833141099e-01 5.656498859187023553e-01 9.340272730984788829e-01 9.340439232280685067e-01 1.338321344502508392e+00 1.338330629534542071e+00 1.509052617515010519e+00 2.056375945691730767e+00 2.167453762240112436e+00 2.167464885201997760e+00 2.267691768266106411e+00 2.267719637029235624e+00 2.342550352894782417e+00 2.342588564549621832e+00 3.271596687959366978e+00 3.371057047669618445e+00 3.440248378608822488e+00 3.983712578219012812e+00 3.984109437530391595e+00 4.036463166451637719e+00 4.036818080661161545e+00 4.127301228144726331e+00 4.127616215587343262e+00 4.750552641813300170e+00 4.789361643924251233e+00 4.856410375743256402e+00 5.280459852928572673e+00 5.502839956387271414e+00 5.503260223784154803e+00 5.640106744898157665e+00 5.640497613520382814e+00 5.881621142333754548e+00 5.881912879902722047e+00 5.986548915440713436e+00 6.127625711382692408e+00 6.169795801190476325e+00 6.170077614215982109e+00 6.347489153338368162e+00 6.355375526283458143e+00 6.455191378063649843e+00 6.455586574510699727e+00 6.519843778274188040e+00 6.628180568879810330e+00 6.628633239505541397e+00 7.201330353514705074e+00 7.201457842429985767e+00 7.339950770716294315e+00 7.340071277048441978e+00 7.462577771567700857e+00 7.462685981783619305e+00 7.558108980628152729e+00 8.431201039598843039e+00 9.190876203831866320e+00 1.417436069831734358e+01 1.417472539103461138e+01 1.435658218736391767e+01 1.435694339671749198e+01 1.457675694282894163e+01 1.457711438418990646e+01 1.507998777553793701e+01 1.511077212044657081e+01 1.524290839364112138e+01 1.524326622828702860e+01 1.530642123243671016e+01 1.537679152442357022e+01 1.537714640362966456e+01 1.547013590367943436e+01 1.547048951028245689e+01 1.568018681056982189e+01 1.636200591897851453e+01 1.676095774212590328e+01
4.880422764436461169e-01 4.880719101970990570e-01 7.936430216119066960e-01 7.936620925253473624e-01 8.313327185673535791e-01 1.305716106076498129e+00 1.382109071405882128e+00 1.382116996091089955e+00 2.114521375414919913e+00 2.186755712474677260e+00 2.186770140315389632e+00 2.239342424733964165e+00 2.239366142444936703e+00 2.348254600809051684e+00 2.348294064896834676e+00 3.253800076966739674e+00 3.390517930598529794e+00 3.424444133375518007e+00 3.991751884372804149e+00 3.992140392608300559e+00 4.017985547831671944e+00 4.018352264742056867e+00 4.141738629457512033e+00 4.142048585505333058e+00 4.756388605043219364e+00 4.775418707051438005e+00 4.866456031348446842e+00 5.474962534586021334e+00 5.524197956491988748e+00 5.524615844086971705e+00 5.593208347707208539e+00 5.593611725149431280e+00 5.849750147100494679e+00 5.947242679015637634e+00 5.947525196333803166e+00 6.098258272778856792e+00 6.098540481616246289e+00 6.118727056553637134e+00 6.371857379569906499e+00 6.388467068567932117e+00 6.479854385015554996e+00 6.513339762221170837e+00 6.513755550474619405e+00 6.600605012586796327e+00 6.601049231965561148e+00 7.183644742494898594e+00 7.183772950053248785e+00 7.377775404595044328e+00 7.377892860302493361e+00 7.440815831314558260e+00 7.440926845387832778e+00 7.718084975783194857e+00 8.174721525949694367e+00 9.267556278033989514e+00 1.420626163768935868e+01 1.420662569074056947e+01 1.429966696206100707e+01 1.430002921770643098e+01 1.460756407074194385e+01 1.460792102370133172e+01 1.504584669533740282e+01 1.505852700413738710e+01 1.522189495791296387e+01 1.522225345031488786e+01 1.534069237888557780e+01 1.540742190649346810e+01 1.540777630573437662e+01 1.545474396860265287e+01 1.545509771663572884e+01 1.585288407007426770e+01 1.620332159523570681e+01 1.679623348971295371e+01
6.441092068645806190e-01 6.441249247631423147e-01 6.441362602145471739e-01 6.441459425133374550e-01 1.079083565646295151e+00 1.079089217044830962e+00 1.397006952909833011e+00 1.397014344957740350e+00 2.134407020250438158e+00 2.211466422853318292e+00 2.211482435372876143e+00 2.211487502775387970e+00 2.211501173382347307e+00 2.350013446178655041e+00 2.350053357495136108e+00 3.247254820071387993e+00 3.407913839533807998e+00 3.407917774643056674e+00 4.003113273591159427e+00 4.003120522417359162e+00 4.003492513830897437e+00 4.003497627574731155e+00 4.146900850763414859e+00 4.147209056605890787e+00 4.764486970784871822e+00 4.764494437531676674e+00 4.870002785040780324e+00 5.554369805734752141e+00 5.554371800773367340e+00 5.554780790407221502e+00 5.554784015404761632e+00 5.674787566642571335e+00 5.674796301743325166e+00 5.995290550551435338e+00 5.995722294235903860e+00 6.047984335138574252e+00 6.048430875453930433e+00 6.115272279962312041e+00 6.377608651676058393e+00 6.434324949164272667e+00 6.434327141950377360e+00 6.562153819774004582e+00 6.562157597258746478e+00 6.562585820648147994e+00 6.562589660963664251e+00 7.177505930424003644e+00 7.177634404047130268e+00 7.412024190329636220e+00 7.412031235725582867e+00 7.412139122480947862e+00 7.412144690134831571e+00 7.929308337543242047e+00 7.929316384803425599e+00 9.293205840658323780e+00 1.424871851533437628e+01 1.424872170569197394e+01 1.424908288322431815e+01 1.424908379721852114e+01 1.461853451461638009e+01 1.461889129765748052e+01 1.503715414962814911e+01 1.503715869844441322e+01 1.521425751515263691e+01 1.521461627456304200e+01 1.535270664983898747e+01 1.543366366199699335e+01 1.543366494773378683e+01 1.543401786526932895e+01 1.543401878994763443e+01 1.603075932741418086e+01 1.603076167487001769e+01 1.680779409481291964e+01
6.109194787929098647e-01 6.359620007999066127e-01 6.748023843762525065e-01 6.860012783759619204e-01 1.082576338622434520e+00 1.092460340823161680e+00 1.396582644671654272e+00 1.407888925083774057e+00 2.128433618320219267e+00 2.203042734485325393e+00 2.208479768040211511e+00 2.219942143068768026e+00 2.225963766340985028e+00 2.352491975113583322e+00 2.357323593236600789e+00 3.242987322325169508e+00 3.402860706332347718e+00 3.403598755902973227e+00 3.990556897308203066e+00 3.996771627614067679e+00 4.016855776996238525e+00 4.021818485656364572e+00 4.146211042025648830e+00 4.151330176269246053e+00 4.762088081549538110e+00 4.762522668160282358e+00 4.865047155242089971e+00 5.491562004076840253e+00 5.519879420103279699e+00 5.536710186154133240e+00 5.582523723929279313e+00 5.716524375128091862e+00 5.729246275323283122e+00 5.948052644633898822e+00 5.949666705156920088e+00 6.071147742313958595e+00 6.078711415904316517e+00 6.130163825572621406e+00 6.376350548838132681e+00 6.429612984902775885e+00 6.431789200511116356e+00 6.537845412227859754e+00 6.542580856136635425e+00 6.582675073081519557e+00 6.583763827027417470e+00 7.183427336431526200e+00 7.200975552526283074e+00 7.359651163006009078e+00 7.376789961167646403e+00 7.466151131413518272e+00 7.475925460109830389e+00 7.925215662998659205e+00 7.928377377070715326e+00 9.281456090856728736e+00 1.422463765837172822e+01 1.422741483164988807e+01 1.427357861672660100e+01 1.427890796849720267e+01 1.461450009828276819e+01 1.461837073575789603e+01 1.503304955205305049e+01 1.504367940761289546e+01 1.521744636084499014e+01 1.522725997988099778e+01 1.535686906808636110e+01 1.541528173666529966e+01 1.542085385335017378e+01 1.545256202992557348e+01 1.546241769504235819e+01 1.602941617319753576e+01 1.603871267888906260e+01 1.680222000325588638e+01
5.699673445545965222e-01 6.501974232125264930e-01 7.142530178535567709e-01 7.536272827713614841e-01 1.104337064213114061e+00 1.130868369237579607e+00 1.402007750357080029e+00 1.432233951729755095e+00 2.112699767779804283e+00 2.199300902615140441e+00 2.210512256570697609e+00 2.234378492033040509e+00 2.245524852636616941e+00 2.363428008432064242e+00 2.373712919987558401e+00 3.230762006478725024e+00 3.388786797628323910e+00 3.390389655281500936e+00 3.980424300338908150e+00 3.997430498487310579e+00 4.034397225391102459e+00 4.049575073973133321e+00 4.145790532473861312e+00 4.161222776326981787e+00 4.755276285699592265e+00 4.756286395206841711e+00 4.850382407286346620e+00 5.412436240232144868e+00 5.463146997415411654e+00 5.507647666336895398e+00 5.609705015886928159e+00 5.786423389593301714e+00 5.818078235065424764e+00 5.866651868992565078e+00 5.881997621606555704e+00 6.083433712097076729e+00 6.093767954506072115e+00 6.181706790947487207e+00 6.374082031990439212e+00 6.418077268350893760e+00 6.421798973303751268e+00 6.509697218141386799e+00 6.524387487138547215e+00 6.600071092357545410e+00 6.604837599494421951e+00 7.202242669151527110e+00 7.264322119967737912e+00 7.316246022245358915e+00 7.368475642918451030e+00 7.527775334768407767e+00 7.553791487929284010e+00 7.918815722885840458e+00 7.924214775868007266e+00 9.247017989541831184e+00 1.420738113598595298e+01 1.420918404303109028e+01 1.430081677619616798e+01 1.431475154549359274e+01 1.460579616465879482e+01 1.461587992237538280e+01 1.503072304924523550e+01 1.505358829365163764e+01 1.522791467956047562e+01 1.526175466500065525e+01 1.536961825490902100e+01 1.539888242602515689e+01 1.542296222376878312e+01 1.547238774784724136e+01 1.549817188652930966e+01 1.603348629083479793e+01 1.605668916249711486e+01 1.678573116538223076e+01
5.333786633813093481e-01 6.836523380056718224e-01 7.635258229538859354e-01 8.276436714818948825e-01 1.151650571634829534e+00 1.197673886338894045e+00 1.411733304181028492e+00 1.468453329413615949e+00 2.090381144573350003e+00 2.198094168903374168e+00 2.217643232386830032e+00 2.255034076525732178e+00 2.268764165030471069e+00 2.379017775022735925e+00 2.398112989525944982e+00 3.212120625083811909e+00 3.366686081905573058e+00 3.369346634228688853e+00 3.971818875978499364e+00 4.002424208874158396e+00 4.054873567429782888e+00 4.085151737036836650e+00 4.145187163826331123e+00 4.175182163957282810e+00 4.743472417680881570e+00 4.746577858013824702e+00 4.826578201871739360e+00 5.343624307236368942e+00 5.404636404442993758e+00 5.481756129992026771e+00 5.637997427200494016e+00 5.764804425956684852e+00 5.814802193129357200e+00 5.856916143623011273e+00 5.904574422378795262e+00 6.077897264282139389e+00 6.095150749170524129e+00 6.240622545744097138e+00 6.373710280733945410e+00 6.400448112994454597e+00 6.404635502913579970e+00 6.478137924313636553e+00 6.508734378347061700e+00 6.614409221724540267e+00 6.624884531312727809e+00 7.232523178156704979e+00 7.274813944799561227e+00 7.363329325869139907e+00 7.391043434153213632e+00 7.590777652257551189e+00 7.632704457396309650e+00 7.919217021689719083e+00 7.925912406728047088e+00 9.192247392926780947e+00 1.419257402494329057e+01 1.420062358356149979e+01 1.433068678192964285e+01 1.435650348280797139e+01 1.459234124595033855e+01 1.461692639451925402e+01 1.503178169273840581e+01 1.506683980436862491e+01 1.524479297664700006e+01 1.531233538084619461e+01 1.538310766415632180e+01 1.539147877571661382e+01 1.543774368357948390e+01 1.549261377185693078e+01 1.553038862649236052e+01 1.604512240107120036e+01 1.608811265975370119e+01 1.675897367133665483e+01
5.446610756662434438e-01 7.346366146251223084e-01 8.226392677429716915e-01 8.914861140037708687e-01 1.221858680949715170e+00 1.286391182418600954e+00 1.425630544289456791e+00 1.513507506949729020e+00 2.062914231954656508e+00 2.198313179778415893e+00 2.229751562922432040e+00 2.281794909708325214e+00 2.294921480367448474e+00 2.395745934979371494e+00 2.428220520654557735e+00 3.189138199848675637e+00 3.337839298442728531e+00 3.341630511329870767e+00 3.964126518870239924e+00 4.009004140074760691e+00 4.077186936419862739e+00 4.124843541353655496e+00 4.144461699776861074e+00 4.190551868954983661e+00 4.726422653226072690e+00 4.734138160077619339e+00 4.794500578515806133e+00 5.291336398491834458e+00 5.351456449678801519e+00 5.458185681956059021e+00 5.653532833100161525e+00 5.674054749178254475e+00 5.752824565447517635e+00 5.918135353042609736e+00 5.965527290636064350e+00 6.065671751722169880e+00 6.082947146245285097e+00 6.292344397123391886e+00 6.375296957446920487e+00 6.378322188046918306e+00 6.384365055055448934e+00 6.444973369498114835e+00 6.496140265623009391e+00 6.625949136054329003e+00 6.642803393700975612e+00 7.242952411339168783e+00 7.272955123540781663e+00 7.436389312985315136e+00 7.484934172442471834e+00 7.647627129391943335e+00 7.679739023802622633e+00 7.929650786007200303e+00 7.971272207087178430e+00 9.120812133367470764e+00 1.418004339710238604e+01 1.420363495587426428e+01 1.436309017628405549e+01 1.440473649302805370e+01 1.457452248922182392e+01 1.462618550321347222e+01 1.503905379356440974e+01 1.508317773634828640e+01 1.526715101548689368e+01 1.536567040970366982e+01 1.537512631584836420e+01 1.542057367403666746e+01 1.545962160307920819e+01 1.551198696128144050e+01 1.554934955639694394e+01 1.606678801104343179e+01 1.613554046516318508e+01 1.672287013916091070e+01
6.325567415526539561e-01 8.000427494399402484e-01 8.881304525809458061e-01 9.440127848355311935e-01 1.307172836288358120e+00 1.382890645088105330e+00 1.444682238355198711e+00 1.563256775237994667e+00 2.030616453705365032e+00 2.199409347192377684e+00 2.246259410402852819e+00 2.313998206642549960e+00 2.323852296624764335e+00 2.411366125427943707e+00 2.461417752311245266e+00 3.164008959779958996e+00 3.303517239110768777e+00 3.308315187411211333e+00 3.956807404255676008e+00 4.015462133943671574e+00 4.099805025911695822e+00 4.141865988520231134e+00 4.166489613502769807e+00 4.204793581682490178e+00 4.704293273586444890e+00 4.719881790518243747e+00 4.755301975640236378e+00 5.258434581191305135e+00 5.305917435221394030e+00 5.437820745819172963e+00 5.552108075468077608e+00 5.693650445801971216e+00 5.705417400829809083e+00 5.965892242922702593e+00 5.995588155604354874e+00 6.046823481648991638e+00 6.061785871283372096e+00 6.325799706719847038e+00 6.350637713067425416e+00 6.352095569412994358e+00 6.399702319267674078e+00 6.414085758393660797e+00 6.486712811154792035e+00 6.634777108643675980e+00 6.658251949736571085e+00 7.215210686859984790e+00 7.321399321638176971e+00 7.504770649601016252e+00 7.614121243697794306e+00 7.669747866182921037e+00 7.695902844326480086e+00 7.965783446446473626e+00 8.075103560534561353e+00 9.037317771613144757e+00 1.417068097967220730e+01 1.421817813313237622e+01 1.439787661325995849e+01 1.445999504861334373e+01 1.455334367213109203e+01 1.464571972458933757e+01 1.505499847555166681e+01 1.510250077074696406e+01 1.529392083522919776e+01 1.535483666104247646e+01 1.543091560058094203e+01 1.546005411521701056e+01 1.548320789561378952e+01 1.552772250865407244e+01 1.555297803369700382e+01 1.609808367262369444e+01 1.619845423049711286e+01 1.667846438203727644e+01
7.728397023471185179e-01 8.756576526245648529e-01 9.519068177483892557e-01 9.940429705474937983e-01 1.402530568286315393e+00 1.456113227352459516e+00 1.489361909771165227e+00 1.612487142720624878e+00 1.993707582135528122e+00 2.200887626813039066e+00 2.266072206060895322e+00 2.349856759761142388e+00 2.356490337542753277e+00 2.424371527178904806e+00 2.496092041997691080e+00 3.138758651795977350e+00 3.264703823416856387e+00 3.270555743133070958e+00 3.949386556223565936e+00 4.020931419126963391e+00 4.121177641297294691e+00 4.139393173736047871e+00 4.204398079892630591e+00 4.216209629979998930e+00 4.677798413500585006e+00 4.705108629246098850e+00 4.710629755114945638e+00 5.245901255088385895e+00 5.270352973512651751e+00 5.420592667277133181e+00 5.453359531312898412e+00 5.646214220684063534e+00 5.738661738525356881e+00 5.986048817701936642e+00 6.000734459210215199e+00 6.019499064509282071e+00 6.037010960964404482e+00 6.317229074245604536e+00 6.324349835840957113e+00 6.338902573719004785e+00 6.388616134181099859e+00 6.435621504986127839e+00 6.480237377878315108e+00 6.640913854713215159e+00 6.671744708577499239e+00 7.190742832431958220e+00 7.376059734671763124e+00 7.579229235560665856e+00 7.626899811178435407e+00 7.712033697324959469e+00 7.762121182205126146e+00 8.036505376607410156e+00 8.211724216427748857e+00 8.946856903608132683e+00 1.416458986789851515e+01 1.424364230502285267e+01 1.443477709192026204e+01 1.452224659301231213e+01 1.452994342857330956e+01 1.467551575618336734e+01 1.508095273427791128e+01 1.512507346150364285e+01 1.532398783024878064e+01 1.534239057127182804e+01 1.547305624258460632e+01 1.550038272702432529e+01 1.551799331592678222e+01 1.553251477052520890e+01 1.555588354547322361e+01 1.613551160023460795e+01 1.627210160729670818e+01 1.662680812751617054e+01
9.202613321478433361e-01 9.569760462789609345e-01 1.004134659241914251e+00 1.054506233103606805e+00 1.476779808933022631e+00 1.513508415720706157e+00 1.576496954338962198e+00 1.656853732882634489e+00 1.953077161271900231e+00 2.202263035556679238e+00 2.287658363526589245e+00 2.386891021980125593e+00 2.394361105913160870e+00 2.433943384578471036e+00 2.531695607511131207e+00 3.115004729385852045e+00 3.221711220228526074e+00 3.229970150401491047e+00 3.941499265720567635e+00 4.025070040277969774e+00 4.134901758342105715e+00 4.140197265113351399e+00 4.222091293242576704e+00 4.239154804012697397e+00 4.648450919943208248e+00 4.662369205945434913e+00 4.691898006485819117e+00 5.243148125587657304e+00 5.257157258365297459e+00 5.361215454043836814e+00 5.411072745074256396e+00 5.605124524037677247e+00 5.775920176191293720e+00 5.949004789881180422e+00 5.980883487993165382e+00 6.008974338655298730e+00 6.017032079125838706e+00 6.281394662895793068e+00 6.298951918844418074e+00 6.339414282421747870e+00 6.370558034604560937e+00 6.475259395317229050e+00 6.477141386703754833e+00 6.644518988355672562e+00 6.684057973130308916e+00 7.168760119110776152e+00 7.434881013959142138e+00 7.568925141329808426e+00 7.652850254235613825e+00 7.722650713000438927e+00 7.897872793756912202e+00 8.133288280811981963e+00 8.358797757744795831e+00 8.854654018846837005e+00 1.416181800210910424e+01 1.427809787584204670e+01 1.447334479914638194e+01 1.450456704275093855e+01 1.459133379720742774e+01 1.471401480482491309e+01 1.511684696235050751e+01 1.515208032155962137e+01 1.533044883454144980e+01 1.535647833988699240e+01 1.548725621891113136e+01 1.551148479430070815e+01 1.553408908088760931e+01 1.556693097550141047e+01 1.558898680736981746e+01 1.617409561037409560e+01 1.634972790982539692e+01 1.656892261131050859e+01
1.019683429863725843e+00 1.036096116428888436e+00 1.080601815491193829e+00 1.122860958018315980e+00 1.500172467665843223e+00 1.609031750695044671e+00 1.672011224836691623e+00 1.697707007670420598e+00 1.910673902078711572e+00 2.203174632527900023e+00 2.309530073036446751e+00 2.425779637277654111e+00 2.435237999368823569e+00 2.440175054731002824e+00 2.568147553861334309e+00 3.093687292349846185e+00 3.174422411168456026e+00 3.188388530180638725e+00 3.932939201857181377e+00 4.027863794079935111e+00 4.128479850423398823e+00 4.155066617650911454e+00 4.223991484858530043e+00 4.266944801662545750e+00 4.613961770641290094e+00 4.618557063996607148e+00 4.681526545104072845e+00 5.233357554089590913e+00 5.282987649712522327e+00 5.285068903296172849e+00 5.402927157019502324e+00 5.573120502577799229e+00 5.814261308570500830e+00 5.883751095117009555e+00 5.940651800544245020e+00 5.980977231900953761e+00 6.014592242263968380e+00 6.242980409088985994e+00 6.276663745045229170e+00 6.335652600558581149e+00 6.356911760940495704e+00 6.473632263870892523e+00 6.515810633560688458e+00 6.646025236038607176e+00 6.695612846553162356e+00 7.148671128545632136e+00 7.495927486291808606e+00 7.503378655901338234e+00 7.705545026329375879e+00 7.738767348701478532e+00 8.025521998169031335e+00 8.241489647796536033e+00 8.503666084290196991e+00 8.766162504741123129e+00 1.416238564303474412e+01 1.431867722294063050e+01 1.447844390103209733e+01 1.451292239443751342e+01 1.466479476594527398e+01 1.475848894806215483e+01 1.516081943797880527e+01 1.518638406702782362e+01 1.531915806512195388e+01 1.538989161170457720e+01 1.545935481082689478e+01 1.554180874421667191e+01 1.554414458203732075e+01 1.558161008456450602e+01 1.565717247148298874e+01 1.620890373539195650e+01 1.642531214704937881e+01 1.650586012299802618e+01
1.063102059385142129e+00 1.117347621009164182e+00 1.178153105091945374e+00 1.199631648881169799e+00 1.516896019057714762e+00 1.682567117980440230e+00 1.722873507732489040e+00 1.792188238882059581e+00 1.870111724475444603e+00 2.203487744166621187e+00 2.330791547366587668e+00 2.443545098577673436e+00 2.466839398945173567e+00 2.476631685729122623e+00 2.605133944210164643e+00 3.074783959652291010e+00 3.123214051258583979e+00 3.147068147252474191e+00 3.923687577001015114e+00 4.029505372804679020e+00 4.119278401673496681e+00 4.165080478845999856e+00 4.220153955476207308e+00 4.288242312700822900e+00 4.569164107250617057e+00 4.590664938682372131e+00 4.675220084456911174e+00 5.222942187117158852e+00 5.236253538985141454e+00 5.326214401070498816e+00 5.399634681603543207e+00 5.550615313628747494e+00 5.802085422506291223e+00 5.852179373596416490e+00 5.898021825757349568e+00 5.951134069989777231e+00 6.000649916623013169e+00 6.202420102635173293e+00 6.258153941496127359e+00 6.329415777465818849e+00 6.344864960395093512e+00 6.471406606770295333e+00 6.552694867772864029e+00 6.646152815489906551e+00 6.706317791796652550e+00 7.130079666418110307e+00 7.431642233990408464e+00 7.557388196170998107e+00 7.723413065364670871e+00 7.781648781940860182e+00 8.133341959396677368e+00 8.348787733392091681e+00 8.638023215435442381e+00 8.688302435530422585e+00 1.416628069373668630e+01 1.436217210735756034e+01 1.445186004360445509e+01 1.455261484543672346e+01 1.473993038222159413e+01 1.480555583781596063e+01 1.520916100037846164e+01 1.523182573327973799e+01 1.530847937171583872e+01 1.542160222385428092e+01 1.542675360325599598e+01 1.554958875570054744e+01 1.557231596179664379e+01 1.559717810779310021e+01 1.572402610189512373e+01 1.623614951144068641e+01 1.643866412349969508e+01 1.649483887713757468e+01
1.108964729455799603e+00 1.193773090429991468e+00 1.245351419307940688e+00 1.290196636716692824e+00 1.527425634652748387e+00 1.740137080573362915e+00 1.758981935399455798e+00 1.826522174839977808e+00 1.903272410126299441e+00 2.203268750167842516e+00 2.351091716782450991e+00 2.445777505411920849e+00 2.507263419759359735e+00 2.517599118371793843e+00 2.641564840016965565e+00 3.056035598021467070e+00 3.070194052902685211e+00 3.107012116227648502e+00 3.913917776287788808e+00 4.030327062208455047e+00 4.107670548817449863e+00 4.169139996472633669e+00 4.210042796490163219e+00 4.302816425453555027e+00 4.532093661924235128e+00 4.566963783905641172e+00 4.673153511080357703e+00 5.177008651348156576e+00 5.250727218829783105e+00 5.381915446216255283e+00 5.401709045798481768e+00 5.537120163168501641e+00 5.713687693358678210e+00 5.853060599512326156e+00 5.887737421383544500e+00 5.922503087580482273e+00 5.979822315438860336e+00 6.160070884087127219e+00 6.242614025177005033e+00 6.321718700529817880e+00 6.333054398128422413e+00 6.467962218200066005e+00 6.586465478316879008e+00 6.645919277082461996e+00 6.715727447791103977e+00 7.112620793303713107e+00 7.356935436612441315e+00 7.617557074388230376e+00 7.735448416859142640e+00 7.824322204290655058e+00 8.207077551871829968e+00 8.446559455625669344e+00 8.632032071362031544e+00 8.756402585026636487e+00 1.417344513918800253e+01 1.440527120527834448e+01 1.442554322891986907e+01 1.459130986965206489e+01 1.481289208247202716e+01 1.485263373088300831e+01 1.525842188594731574e+01 1.528285807282246189e+01 1.530475375719924003e+01 1.539105438858656782e+01 1.545479114262270315e+01 1.555134538385919640e+01 1.560188612850441636e+01 1.561260059353901397e+01 1.578666467397588136e+01 1.625373805798117388e+01 1.636955026148609349e+01 1.655550677068980292e+01
1.166085183556718308e+00 1.264727028563123801e+00 1.301071549195296662e+00 1.371159313100289268e+00 1.532261609348263276e+00 1.775077062759061297e+00 1.781513363807952555e+00 1.832179504999884800e+00 1.984641575058752716e+00 2.202706707982409640e+00 2.370319572630604554e+00 2.447436468942180809e+00 2.544313044768785836e+00 2.558132464405984408e+00 2.675398450735330336e+00 3.009807369594399429e+00 3.042516632304589130e+00 3.069617344723879704e+00 3.903984652605784422e+00 4.030798828222430075e+00 4.094869359237693907e+00 4.166713292645859212e+00 4.193340581375919918e+00 4.311155748267997190e+00 4.505990750241648080e+00 4.548539775771519800e+00 4.674654266047507889e+00 5.146775153851645079e+00 5.274059116569453032e+00 5.406751562407913880e+00 5.448982222236494977e+00 5.530962734481879473e+00 5.626478863355101723e+00 5.809272245775954246e+00 5.890213627158037646e+00 5.919569359812415499e+00 5.961660082264468308e+00 6.116360031579759493e+00 6.229028749560070466e+00 6.313362722261344651e+00 6.321379576227611707e+00 6.461935031649868044e+00 6.616820428553688238e+00 6.646675393555675271e+00 6.723259010726331475e+00 7.095618910731611884e+00 7.282489837278355083e+00 7.674800793918570285e+00 7.751193062890906482e+00 7.858620515521455019e+00 8.230311195165699090e+00 8.529648438643778974e+00 8.611986715901194245e+00 8.855179631396246975e+00 1.418375990860799263e+01 1.439812107899677684e+01 1.444722204839195179e+01 1.462772996708137541e+01 1.487683794999960263e+01 1.490163461637359532e+01 1.527726250438887590e+01 1.530745863490033898e+01 1.535387108240969667e+01 1.537134587625197391e+01 1.548326532252715815e+01 1.555155863637053315e+01 1.562644535058141493e+01 1.563062623192742606e+01 1.584108038808305174e+01 1.626044934560187372e+01 1.630268262296558035e+01 1.660634976838882793e+01
1.233333899381711118e+00 1.328358843555071944e+00 1.349446180497736236e+00 1.437882838960365506e+00 1.532361238482167654e+00 1.740926251049953688e+00 1.825576792673074378e+00 1.896446185130558515e+00 2.040906389124251596e+00 2.202213783651779444e+00 2.388505287386047282e+00 2.448561416281552106e+00 2.575091016767705909e+00 2.598414578774478123e+00 2.704030594307757607e+00 2.952496771207613335e+00 3.023423465539665678e+00 3.037350817065119113e+00 3.894407655775153021e+00 4.031571955369206428e+00 4.082764629492294794e+00 4.158114435312635138e+00 4.171170010490343749e+00 4.314355817776441171e+00 4.491750203048631818e+00 4.535203980375688282e+00 4.678475115137350038e+00 5.131933245646087549e+00 5.298469674593603962e+00 5.419515949433887592e+00 5.517136865314534511e+00 5.530577421459990539e+00 5.550089163907072631e+00 5.764639362036195536e+00 5.870806155821629346e+00 5.915095779422780531e+00 5.969786252235497415e+00 6.071821391769804066e+00 6.216931431520733575e+00 6.305108516235624627e+00 6.310374366041823002e+00 6.452603519382342334e+00 6.642499979952518174e+00 6.650830198588485231e+00 6.728344468144785040e+00 7.077284983253631978e+00 7.213159187838972031e+00 7.727540676370641570e+00 7.772139654507870254e+00 7.884062251988762426e+00 8.203237162700101948e+00 8.595820283237260995e+00 8.627231292216620773e+00 8.933158874325101806e+00 1.419703370619920157e+01 1.437198838583204541e+01 1.448401126828902719e+01 1.466054919071695828e+01 1.492427917595347786e+01 1.495627282904595567e+01 1.526853650139485374e+01 1.529771420444313712e+01 1.539743666573789405e+01 1.542193120447899801e+01 1.550796117577117350e+01 1.555330093621986620e+01 1.564130530386536044e+01 1.565430726836488518e+01 1.587992232869785347e+01 1.623559661174303059e+01 1.626680804900233923e+01 1.664705773123233001e+01
1.303728391738538051e+00 1.373422891608622409e+00 1.402712139023283733e+00 1.487975256493258458e+00 1.527414600486779461e+00 1.702398697391675597e+00 1.877413876898335721e+00 1.959905021591859420e+00 2.079704172736764001e+00 2.202822434416231268e+00 2.405457993725895527e+00 2.448595034766819722e+00 2.597732246773009734e+00 2.637338249938897317e+00 2.724917786523839869e+00 2.896556759375645385e+00 3.002262125567827677e+00 3.012802369018874327e+00 3.885839471014376212e+00 4.033495889741606000e+00 4.073127631901016343e+00 4.144198451763744018e+00 4.147188117910759253e+00 4.313998829748478592e+00 4.487605100125760416e+00 4.525717138994390432e+00 4.683184400812133497e+00 5.131451317018514757e+00 5.308045685637102551e+00 5.439131996446312733e+00 5.498641157934111234e+00 5.526543126022366081e+00 5.589094583483680267e+00 5.718933519512944486e+00 5.860376129115787869e+00 5.896417238551889817e+00 5.990462132607615509e+00 6.027233267455163634e+00 6.206513397843921531e+00 6.297693520538587109e+00 6.300784394022254986e+00 6.440504195927510445e+00 6.653977642134495163e+00 6.668625189401020670e+00 6.730496177220210541e+00 7.053357288393853786e+00 7.157270391015098987e+00 7.774285981958667158e+00 7.798702706840511922e+00 7.901153273502997898e+00 8.147375634763239560e+00 8.645188305711251076e+00 8.656939249263542635e+00 8.990788740737780671e+00 1.421300085776048405e+01 1.434626685391351586e+01 1.451519167926617904e+01 1.468846590777952343e+01 1.496290740571575029e+01 1.500441948257954472e+01 1.525842782901121808e+01 1.526921003477577798e+01 1.544522611541686352e+01 1.548256545462238165e+01 1.552840072457999732e+01 1.556000009903144132e+01 1.565787463535421331e+01 1.567129720654271097e+01 1.589116166513998962e+01 1.619685675474455877e+01 1.625812267064310745e+01 1.667790737595642270e+01
1.368250232354353058e+00 1.400472231398780298e+00 1.461814289457298965e+00 1.514162722253669768e+00 1.522764247123056913e+00 1.662246306434151277e+00 1.929694082596312699e+00 1.998377407975898468e+00 2.119188005349261328e+00 2.207236122148448221e+00 2.420277508457271409e+00 2.447108186068716940e+00 2.611010411185430868e+00 2.672730150266366955e+00 2.735860128469593811e+00 2.846679330382884121e+00 2.984439749004751619e+00 2.993720033539124081e+00 3.878999867131537993e+00 4.037493347468783078e+00 4.066481767911241718e+00 4.123418087018646538e+00 4.130003936967344913e+00 4.311909762683984404e+00 4.490331216666638703e+00 4.518334904725945123e+00 4.687501219382784967e+00 5.144046140628764086e+00 5.286366296219609850e+00 5.460556072721314713e+00 5.494091517894401200e+00 5.521345124811909422e+00 5.649242784208339252e+00 5.672038004830311841e+00 5.862540790589485518e+00 5.880290476257166610e+00 5.983257746514293984e+00 6.006848259083533925e+00 6.198456948403960887e+00 6.291802302512548906e+00 6.293336650455184866e+00 6.427787182028182222e+00 6.662853203081376741e+00 6.687930467927387213e+00 6.729313289232952577e+00 7.020903337497802710e+00 7.123347652866838686e+00 7.813693181699024493e+00 7.829557450703983790e+00 7.912001426021102013e+00 8.081680543568170449e+00 8.679434193799270503e+00 8.683940952497939847e+00 9.029700789868059019e+00 1.423133270493688585e+01 1.432117573212494932e+01 1.453921702765310187e+01 1.471013679682357456e+01 1.499682375035627224e+01 1.503652405582596785e+01 1.523938097978835060e+01 1.525379248835457346e+01 1.548627572764980798e+01 1.553036040702608567e+01 1.554421339026037963e+01 1.557573569711069972e+01 1.567277391865587610e+01 1.568573413255861837e+01 1.586692085636325800e+01 1.618552717025893983e+01 1.624624335116508433e+01 1.669941869429421288e+01
1.412755686788681242e+00 1.425087889974278710e+00 1.494720824877936005e+00 1.518598946000037975e+00 1.540818711714289080e+00 1.619584247880235361e+00 1.971463513779700749e+00 2.006024006795281700e+00 2.153751553313647538e+00 2.220406027762113599e+00 2.431694345393160539e+00 2.444039881786537194e+00 2.615158343006187547e+00 2.702226525447570360e+00 2.735351567486251856e+00 2.810852713813354775e+00 2.974326667548827352e+00 2.979635589031354836e+00 3.874564834314353501e+00 4.044153441788160386e+00 4.060776520747054974e+00 4.108825175022189136e+00 4.115725411267801448e+00 4.309815448665258231e+00 4.496679822140547067e+00 4.511454181238633510e+00 4.690473330814890041e+00 5.168424381899756170e+00 5.245078877125846972e+00 5.477034747162256245e+00 5.509551342077879887e+00 5.529592684616912557e+00 5.623411833226779954e+00 5.692255396851999549e+00 5.868392552218153035e+00 5.879691176000628516e+00 5.942396177208692620e+00 6.015486549773518377e+00 6.193501110826082900e+00 6.288028129625474527e+00 6.288595540314513066e+00 6.417863351747945977e+00 6.671444369652136608e+00 6.703726070002467452e+00 6.724492135623747480e+00 6.990618786453981492e+00 7.108166605324073295e+00 7.843847274813311898e+00 7.856521759243023872e+00 7.925668293302146949e+00 8.016981445604342227e+00 8.699933470778933753e+00 8.701080152276450264e+00 9.051935138958512539e+00 1.425166376454304284e+01 1.429689038380728938e+01 1.455452275684467445e+01 1.472408395324598196e+01 1.502492440807536056e+01 1.504924313547458148e+01 1.522098674299517640e+01 1.524861942709002172e+01 1.551465705563054875e+01 1.555254603650196721e+01 1.555469483158947064e+01 1.560708410391786849e+01 1.566562594259842101e+01 1.571894473113871804e+01 1.581840934275938082e+01 1.619543174941485830e+01 1.623087867001231288e+01 1.671209875958517443e+01
1.419548843046739339e+00 1.464686256342166093e+00 1.464694606673963229e+00 1.544333715711673216e+00 1.573003954071417576e+00 1.573006699450291590e+00 1.996348668649627456e+00 1.996352170613745258e+00 2.164311243550207209e+00 2.231187278170683186e+00 2.439247414299444472e+00 2.439252386125848826e+00 2.614980648276824748e+00 2.723657707494937075e+00 2.723667489290296562e+00 2.797768055847881463e+00 2.972757573573712619e+00 2.972767702811422108e+00 3.873026068421638435e+00 4.052844536534758291e+00 4.052850484196516057e+00 4.106924199505540329e+00 4.106928225739417293e+00 4.308964853583219679e+00 4.504176873085153687e+00 4.504178340559094273e+00 4.691527585181988869e+00 5.203074938365427116e+00 5.203081593332335331e+00 5.494339979938508201e+00 5.494342381533440012e+00 5.575097026481305562e+00 5.575099347683455164e+00 5.707849039019789572e+00 5.865221681357735584e+00 5.906621592943589683e+00 5.906625938610358340e+00 6.017990355159028582e+00 6.191876275913412719e+00 6.286847525362878386e+00 6.286848226176463328e+00 6.414079234129299145e+00 6.675221862176258014e+00 6.715922334747654432e+00 6.715924212019074524e+00 6.978352581124267040e+00 7.103969852963359699e+00 7.860999693623779372e+00 7.861001881454386719e+00 7.961273286102808378e+00 7.961277456673928832e+00 8.706810023580660030e+00 8.706812693868345221e+00 9.059137352067617499e+00 1.427362641529090581e+01 1.427362837651854299e+01 1.455979917575268523e+01 1.472893242960032012e+01 1.504393609818056987e+01 1.504393773402605206e+01 1.521424960608788091e+01 1.524694860176591682e+01 1.552513918542746474e+01 1.555775297910348698e+01 1.555775370742899533e+01 1.564190315195872927e+01 1.564190504158752582e+01 1.576493582405321092e+01 1.576493762661961284e+01 1.621303578769891374e+01 1.621303725510690796e+01 1.671628688598224599e+01
1.421413498807135634e+00 1.464466569151133379e+00 1.476023723662237108e+00 1.545322605789196002e+00 1.567221115738000270e+00 1.587106021527772359e+00 1.981887465230997680e+00 2.006953447788957234e+00 2.169981561177257490e+00 2.229855701252701383e+00 2.434840986497705195e+00 2.449540426119753089e+00 2.615083990844718542e+00 2.709027448395751936e+00 2.735467785680091080e+00 2.799614264005643616e+00 2.955119581528908856e+00 2.988545258721087006e+00 3.875603964887226915e+00 4.040688654342942776e+00 4.069437153636943805e+00 4.089991883365018843e+00 4.127131284310780579e+00 4.308997122275195935e+00 4.482255816631098178e+00 4.515844134174689550e+00 4.684126922156667483e+00 5.199161553157214399e+00 5.208192521756303428e+00 5.455388072264898192e+00 5.520347447718647160e+00 5.583105728775123566e+00 5.595546931905401422e+00 5.696957791577534458e+00 5.865518957412787948e+00 5.889596084106473839e+00 5.932616553492658262e+00 6.020295385140410183e+00 6.186520950503638261e+00 6.281307462210509840e+00 6.294763603585184164e+00 6.419182624153054739e+00 6.632142079388326117e+00 6.707769630036533037e+00 6.718198859034237636e+00 6.988763398409393091e+00 7.147392844489050212e+00 7.799810550982686053e+00 7.857198533913890337e+00 7.964422143453537828e+00 8.015087953909352692e+00 8.693452425670843198e+00 8.713909692294294018e+00 9.053227968639976808e+00 1.427446075925805324e+01 1.428103419576421729e+01 1.456096366441848744e+01 1.472808907542377277e+01 1.503207785563881060e+01 1.503486001448199438e+01 1.521931873605577046e+01 1.525851301241571356e+01 1.552423287295312271e+01 1.555639353767166888e+01 1.557271095821723428e+01 1.563624573299673415e+01 1.564979679549639791e+01 1.575977112575557904e+01 1.577056403759216607e+01 1.620234008490788113e+01 1.622221700797818400e+01 1.671096908052906471e+01
1.426602043303717648e+00 1.471760551874297329e+00 1.498395947202277423e+00 1.554561030213521544e+00 1.570289930966476177e+00 1.604512624723882341e+00 1.964737502575706785e+00 2.014157825836240701e+00 2.181579744096586726e+00 2.228567867925287160e+00 2.434425111770585737e+00 2.466285145993633243e+00 2.616075380088718205e+00 2.691226461479244936e+00 2.744180365934406396e+00 2.803700012766352945e+00 2.936843753849565086e+00 2.998391181570636999e+00 3.883524858058690299e+00 4.033340783881649294e+00 4.076065742376219880e+00 4.091058813896455426e+00 4.149493358622508232e+00 4.309074172702799466e+00 4.454112723738489876e+00 4.514029648887833090e+00 4.662464833479558202e+00 5.196346724069780265e+00 5.217277835182514423e+00 5.422989836061245406e+00 5.508410654308243615e+00 5.626096186934882226e+00 5.640872406073867751e+00 5.671131764721098811e+00 5.854811940017156324e+00 5.884267006268968814e+00 5.963315188162873426e+00 6.031269132541472899e+00 6.176807169940061293e+00 6.278317576229297536e+00 6.305789273554368357e+00 6.428679103673646367e+00 6.541102809451929012e+00 6.691982461529655701e+00 6.714378039169152323e+00 7.010972591631880135e+00 7.252195034414614661e+00 7.731996046277827439e+00 7.786864117547073860e+00 8.025951168344302999e+00 8.068308687033876936e+00 8.673306399335054095e+00 8.715100809112341196e+00 9.035463035409428301e+00 1.428301671563467323e+01 1.429755890232073767e+01 1.456359942750494874e+01 1.472582006621987816e+01 1.500198018221785468e+01 1.500850882124507280e+01 1.523373739345113620e+01 1.529079461742713697e+01 1.552396457373294325e+01 1.556808026637002129e+01 1.559181714778375571e+01 1.563019310228626146e+01 1.566600242565727541e+01 1.575501920522198951e+01 1.577505390101255855e+01 1.618940699001221972e+01 1.623269574562337070e+01 1.669529220610332132e+01
1.436101974547061566e+00 1.487712766801071007e+00 1.524857387047731105e+00 1.576347865277350824e+00 1.583851938356873212e+00 1.619710548086081614e+00 1.946779128280011539e+00 2.016966440957218776e+00 2.182389802942980683e+00 2.239518874192893527e+00 2.437565798932022076e+00 2.487083006628347359e+00 2.619154348177800795e+00 2.670238410975128041e+00 2.748299475655632040e+00 2.806112687309801235e+00 2.916793764279512757e+00 2.997353571638218028e+00 3.897197937591320382e+00 4.030593172998552909e+00 4.067845502703472782e+00 4.114569061855745780e+00 4.173183088496350557e+00 4.308922928805523966e+00 4.423411717369240215e+00 4.497784221008815919e+00 4.627931778563203480e+00 5.198505803645723233e+00 5.232235650914964786e+00 5.397366163228101144e+00 5.485026356708716300e+00 5.637142828137294615e+00 5.669211071593141860e+00 5.716579392038800833e+00 5.820348158343517042e+00 5.890531327067874301e+00 5.995410238125267632e+00 6.051415128694247691e+00 6.174549949509560598e+00 6.279408850227154559e+00 6.320216444108736731e+00 6.408178401542480529e+00 6.470024636728508582e+00 6.667392966564509749e+00 6.703653487556809232e+00 7.040929455445168905e+00 7.384722493156655965e+00 7.664286748651090164e+00 7.704046283173107135e+00 8.092682996343377511e+00 8.115536831829903264e+00 8.645877843929834938e+00 8.710768431577566417e+00 9.005809802812462905e+00 1.430061058447622457e+01 1.432257392240494909e+01 1.456514559159921518e+01 1.472328373267368740e+01 1.495896565264333944e+01 1.497175595705597928e+01 1.525590115831846560e+01 1.533886560646878117e+01 1.552795619726137666e+01 1.558497638527665785e+01 1.560868965725757462e+01 1.562643135739827827e+01 1.568617146792237449e+01 1.575232589856419274e+01 1.577565114109268407e+01 1.617797503246259438e+01 1.624646292303913953e+01 1.667008677054086974e+01
1.450938070498327903e+00 1.519614470741905032e+00 1.546024750844310125e+00 1.600755666196890026e+00 1.612682952685857263e+00 1.634660641313787410e+00 1.929100586119447236e+00 2.012573670279368176e+00 2.162430022613640368e+00 2.269018455109176546e+00 2.444624935523608045e+00 2.509015816187318837e+00 2.623290163856047297e+00 2.647521847687859253e+00 2.745018911734600664e+00 2.802794326674426628e+00 2.894060423509740687e+00 2.982537255855133740e+00 3.916838086883021042e+00 4.031224757182189755e+00 4.064237585404751663e+00 4.140001460940017530e+00 4.197619302737325420e+00 4.307716776021790039e+00 4.392915411240599255e+00 4.469265974729291990e+00 4.582463852506633017e+00 5.209972393033194038e+00 5.253552443254980275e+00 5.378254282942871001e+00 5.459921183155085345e+00 5.602234109886802926e+00 5.719750645018920387e+00 5.763975128724804442e+00 5.798506144213160240e+00 5.906625747860274167e+00 6.026617081973609125e+00 6.068124480546589261e+00 6.187947185964386421e+00 6.286264326291684412e+00 6.322931949765733251e+00 6.340208225324868607e+00 6.467631422153598209e+00 6.633462689760658115e+00 6.685174644397263499e+00 7.077519731294222183e+00 7.529543889733259832e+00 7.598035041471192130e+00 7.617848573421855285e+00 8.151654348239455672e+00 8.163451339817472174e+00 8.611390212751745210e+00 8.701642064787023401e+00 8.964457351078774394e+00 1.432897312408987034e+01 1.435439594908615568e+01 1.456245613462475852e+01 1.472187429609160603e+01 1.490853652689270703e+01 1.492940404672303600e+01 1.528533911791517141e+01 1.539609439085797860e+01 1.553874462248162658e+01 1.559962423633772666e+01 1.562343956020276359e+01 1.562954043976649388e+01 1.569335833075139064e+01 1.575438110053758933e+01 1.577209027698369681e+01 1.617574683897694854e+01 1.626338438942338627e+01 1.663664719071213938e+01
1.470051940353480413e+00 1.546839063980256945e+00 1.578751067240825812e+00 1.622257549466876947e+00 1.639984749577145351e+00 1.669382415211639659e+00 1.913055934125360125e+00 1.998890912183015400e+00 2.127742986278058801e+00 2.308684333452399429e+00 2.454661234815198156e+00 2.530610556120504562e+00 2.611311240612376405e+00 2.638823834555139580e+00 2.731170522317516003e+00 2.793725887506577354e+00 2.869846923457321619e+00 2.954849523541704492e+00 3.941957849294750016e+00 4.033285102465840488e+00 4.065259773495334628e+00 4.165943047464072180e+00 4.222513929355074858e+00 4.304315851544139981e+00 4.364207302973225566e+00 4.433120383333291059e+00 4.529080349754042167e+00 5.233093692032719346e+00 5.280343179329114456e+00 5.366597069141660015e+00 5.437156949065047762e+00 5.565401562897324794e+00 5.696004161891747408e+00 5.776390701769829050e+00 5.877690414357199522e+00 5.928039680819751744e+00 6.054294587369209779e+00 6.070768774874829354e+00 6.205946586942657994e+00 6.258145251374730655e+00 6.307138116946514828e+00 6.356891293944925359e+00 6.471831838573902651e+00 6.590876720925947119e+00 6.658521230759649079e+00 7.119262490852331204e+00 7.527805532911267861e+00 7.536972099972523154e+00 7.682219228479449491e+00 8.186570681760823476e+00 8.226502834204431736e+00 8.572049703423827438e+00 8.688978517081061170e+00 8.912137467646225275e+00 1.436832788559798502e+01 1.439107427763543434e+01 1.455432205886593877e+01 1.472129507160369322e+01 1.485581181175487586e+01 1.488363067415935248e+01 1.532302923738329525e+01 1.545512901387007609e+01 1.555643233750411625e+01 1.561100827332767160e+01 1.562853994220910714e+01 1.564239098643214732e+01 1.568674955101817048e+01 1.575104551149235554e+01 1.576826113694261799e+01 1.619027197377717542e+01 1.628169263263235322e+01 1.659639085620167620e+01
1.492166712915654836e+00 1.547161516553646976e+00 1.606862992429409775e+00 1.653492053675325479e+00 1.696176789202237245e+00 1.705708771556513126e+00 1.900507441711615897e+00 1.976983217341353960e+00 2.084522496403174774e+00 2.352405139514603505e+00 2.464928683639114215e+00 2.551079096011739988e+00 2.581873149530311551e+00 2.643616021328255794e+00 2.706737440481401524e+00 2.784706531806274032e+00 2.846874757666423061e+00 2.918768134260981029e+00 3.971043895829450943e+00 4.035327800925547770e+00 4.069460512312305767e+00 4.191521314985875435e+00 4.248037711613847911e+00 4.298056618235491122e+00 4.337583730186777231e+00 4.394663029258095932e+00 4.472783038200348393e+00 5.267292585915583913e+00 5.310545296201026666e+00 5.363184362774348735e+00 5.419647284920014130e+00 5.527982771252681005e+00 5.620420206812908326e+00 5.834996990035655529e+00 5.946895588754451900e+00 5.952139884362811273e+00 6.058048080083161757e+00 6.076117181588096550e+00 6.173500242960991535e+00 6.278671961418669234e+00 6.335764173043718195e+00 6.373231517891050579e+00 6.473597100015312300e+00 6.541913020961202641e+00 6.623823612619324841e+00 7.164956196685408507e+00 7.451633300402184190e+00 7.474037372553550718e+00 7.832827592682275686e+00 8.211887158565328804e+00 8.283747786070007280e+00 8.535449190837107736e+00 8.674587597389651350e+00 8.850461553254099556e+00 1.441577389283571264e+01 1.443089477069111304e+01 1.454247090308644452e+01 1.472006249531136568e+01 1.480530142444270503e+01 1.483569152867248775e+01 1.536968281669917324e+01 1.551150083723748807e+01 1.557690623520031892e+01 1.561162378601079403e+01 1.563334950527998579e+01 1.564695083439653978e+01 1.568354452813449029e+01 1.574032150175354694e+01 1.575962468108105163e+01 1.622339182950032566e+01 1.629968393515243363e+01 1.655029225859325237e+01
1.514215618826392440e+00 1.546771855486587466e+00 1.599795334068440766e+00 1.710835197187242418e+00 1.729004967002183868e+00 1.763113212319151080e+00 1.891146028226185161e+00 1.954105916550074484e+00 2.038744412084972257e+00 2.396291370727611447e+00 2.472158339025560370e+00 2.546878420750726679e+00 2.574418390138968782e+00 2.645017321770761765e+00 2.677911782023386866e+00 2.783351866201011937e+00 2.828752935026912496e+00 2.881301608548506366e+00 4.001475145336274686e+00 4.037334629218634952e+00 4.072656952662052632e+00 4.216258695984882010e+00 4.274628610292437791e+00 4.289349166629699894e+00 4.312635152153116103e+00 4.359554174591504072e+00 4.419474478782697169e+00 5.308788664529709322e+00 5.341181345880071873e+00 5.368959527707106716e+00 5.409369952470419740e+00 5.490945064416782095e+00 5.542236812824660852e+00 5.890919321765367478e+00 5.964622128939798706e+00 6.011256094388468085e+00 6.034699483951016852e+00 6.089607370183023782e+00 6.140587004912272384e+00 6.323327482148211942e+00 6.374611107955450606e+00 6.385410088971815057e+00 6.473493706153247373e+00 6.490577491359107221e+00 6.581440613496478242e+00 7.213658865813879828e+00 7.387671928965455770e+00 7.416712274473499455e+00 7.976902252955935246e+00 8.227085500994228084e+00 8.312589002443734998e+00 8.523838131276427532e+00 8.660706448193392859e+00 8.782122273116584665e+00 1.446253019175778931e+01 1.447340658455286189e+01 1.453040606475878427e+01 1.471749399274094827e+01 1.476145419269189318e+01 1.478853309163171836e+01 1.542400483137890177e+01 1.556288069930271156e+01 1.558749450406215153e+01 1.560335471576086164e+01 1.562102362707213210e+01 1.566054441979117406e+01 1.568580269062163168e+01 1.572757385660470852e+01 1.574345097880274658e+01 1.627063575919358485e+01 1.631737216357763387e+01 1.649843056313958201e+01
1.531158187662924330e+00 1.557794923595527292e+00 1.584220565495164879e+00 1.736839188747138607e+00 1.757898925042374216e+00 1.803677760791811080e+00 1.895836465055620756e+00 1.940365531326903925e+00 1.996648952474869398e+00 2.438401780241338468e+00 2.473996282273015712e+00 2.517323590987730952e+00 2.594829749961085508e+00 2.639426735605222785e+00 2.653785399139680923e+00 2.794781633806494803e+00 2.819274159361183862e+00 2.849425151457926741e+00 4.029322684229767582e+00 4.040337349781556675e+00 4.067888006225413022e+00 4.240531927644425103e+00 4.278809886876769220e+00 4.287582736403337869e+00 4.304784457843974010e+00 4.335307120236485900e+00 4.373640566526406204e+00 5.349290870618489180e+00 5.370816547759978299e+00 5.385543227255603860e+00 5.407691828744179752e+00 5.452484321233319164e+00 5.468610092796819977e+00 5.938573214304359027e+00 5.974088489773415667e+00 6.008374173827759179e+00 6.058391879086507892e+00 6.093932316599929067e+00 6.116814768133488123e+00 6.367222605903072541e+00 6.392591793606550610e+00 6.417283442942900429e+00 6.444927846750183598e+00 6.473858571964682618e+00 6.531969354836578923e+00 7.264295506493557042e+00 7.342764024268832124e+00 7.365938600983816364e+00 8.107676810604278472e+00 8.228889700770292137e+00 8.288744771490346608e+00 8.560350638565997983e+00 8.649197934307141011e+00 8.711126870079102247e+00 1.449713159505065008e+01 1.450951626871354172e+01 1.452503194508989282e+01 1.471231080897490529e+01 1.473145548670024318e+01 1.475053715369531027e+01 1.548196003781733765e+01 1.556629882352613414e+01 1.557791613872276848e+01 1.561332567560526741e+01 1.563513327253091489e+01 1.566703652379123213e+01 1.568675810693530615e+01 1.571104585071149984e+01 1.572386990589675193e+01 1.632307447558628866e+01 1.633837642530045642e+01 1.644018600772619720e+01
1.542928290267822300e+00 1.557745350828398712e+00 1.581050938108675918e+00 1.738440366155299843e+00 1.767739988956332109e+00 1.795775731550018239e+00 1.912952724098097468e+00 1.948656289258843044e+00 1.976776631187676658e+00 2.468463588716647727e+00 2.473583811158962309e+00 2.494247173267051476e+00 2.612519113434039753e+00 2.631905953410199839e+00 2.640130628341343044e+00 2.815915850710170698e+00 2.821645798571249308e+00 2.828470424404026851e+00 4.042141443131569645e+00 4.049029301131087166e+00 4.053731172229112723e+00 4.261686793842351051e+00 4.265726535361101135e+00 4.274087431244504742e+00 4.323014061151567056e+00 4.334829443967145757e+00 4.342476286568079047e+00 5.377949065182611399e+00 5.387887324356562146e+00 5.399080721977592034e+00 5.414601098056823325e+00 5.422653780864535200e+00 5.424012916297101583e+00 5.968857958445550338e+00 5.977775978124190814e+00 5.986310934621665858e+00 6.086757116179963845e+00 6.092249993650939111e+00 6.097212336983183434e+00 6.388972940547143153e+00 6.399028109027377731e+00 6.409143455733873118e+00 6.471269939862353660e+00 6.476957208588394188e+00 6.480920907600285830e+00 7.313866023338893463e+00 7.319174234165579662e+00 7.326330757783456882e+00 8.208859194862792918e+00 8.216334661511490722e+00 8.237342396441592385e+00 8.622108265183401343e+00 8.630758369887756132e+00 8.654148535592787184e+00 1.450805732435779127e+01 1.451747259175810356e+01 1.453405349402379798e+01 1.470600321205211358e+01 1.472129072466350408e+01 1.473813375556683880e+01 1.552713447958323911e+01 1.553839467693030763e+01 1.556451297509631004e+01 1.562336298081136654e+01 1.565584272793931930e+01 1.567309392807880108e+01 1.568902890996952060e+01 1.569347803876715552e+01 1.570763075186773783e+01 1.635141040175333416e+01 1.637569709624893832e+01 1.638563615209950797e+01
1.531601513690677763e+00 1.561239672732858352e+00 1.587752847590066185e+00 1.723831633985479561e+00 1.759815036880048700e+00 1.795484018752996347e+00 1.896758100074216857e+00 1.948479857091660827e+00 1.999765830006978051e+00 2.439459315533595518e+00 2.475109425970574151e+00 2.516663042073258527e+00 2.610474265296400809e+00 2.622423955653383043e+00 2.651883477027772162e+00 2.795475967154327446e+00 2.823726676362442678e+00 2.850939690237347168e+00 4.019782742277417498e+00 4.054829564644937712e+00 4.063195322345482197e+00 4.252083248191130593e+00 4.262768471133969506e+00 4.291509806744448596e+00 4.306983553728922942e+00 4.340908646844754415e+00 4.364319685185029662e+00 5.335396108310863639e+00 5.377325862081803187e+00 5.414472471460000769e+00 5.426056115587029716e+00 5.431323140125427607e+00 5.449157209391461087e+00 5.958342808596294837e+00 5.973355823154916422e+00 5.991870862002478759e+00 6.070165459880936254e+00 6.078337345130131020e+00 6.119318244796487782e+00 6.368131927427541861e+00 6.396690959307381519e+00 6.422720604031032288e+00 6.432722380408825380e+00 6.485438337481276072e+00 6.526258078117747274e+00 7.288731648870926172e+00 7.317032162743650758e+00 7.364746861503853381e+00 8.138895168552691572e+00 8.188764329235324269e+00 8.307704585830004262e+00 8.567562969804098927e+00 8.634100962298051130e+00 8.706563963646370752e+00 1.450084670852248259e+01 1.450686073039863366e+01 1.452667955099080110e+01 1.471528666048084055e+01 1.472776314741449433e+01 1.474524936939651454e+01 1.550099934978284288e+01 1.552059379375161541e+01 1.560004897715920258e+01 1.561098323941057586e+01 1.563918920139523649e+01 1.566718077878867454e+01 1.568972846178949965e+01 1.570700461495903610e+01 1.572505983121964412e+01 1.628770398060314406e+01 1.640122181353389408e+01 1.641749324599823012e+01
1.499664350763857179e+00 1.560745993921957897e+00 1.607420498555210964e+00 1.693947293279659538e+00 1.728265065377226684e+00 1.802653221172006326e+00 1.860823485802814758e+00 1.941700807867752898e+00 2.042779429467219909e+00 2.407325964239102944e+00 2.469060126403352928e+00 2.537515743697826842e+00 2.597194229385465736e+00 2.614799139277641959e+00 2.671484824706309880e+00 2.778394336784777430e+00 2.837267132657388835e+00 2.881936415064471735e+00 3.990826243724287625e+00 4.059316280442542890e+00 4.065097643006705397e+00 4.238502088405952328e+00 4.255485952702041885e+00 4.307276102977181331e+00 4.316621605604151313e+00 4.356185297817479984e+00 4.394765033643238894e+00 5.287466865505890290e+00 5.346460230591052465e+00 5.428046053205824784e+00 5.445768989415975980e+00 5.453955681493770413e+00 5.499918440652963980e+00 5.947627030347800492e+00 5.951713267181977685e+00 5.990744786610902040e+00 6.053359766136071407e+00 6.056716627278438736e+00 6.138014073466885989e+00 6.337052950560282838e+00 6.374028747877505729e+00 6.425205488867773873e+00 6.437270109773566062e+00 6.500659674354223760e+00 6.571409966467474106e+00 7.277768181620590582e+00 7.323983491575266846e+00 7.408083262442537453e+00 8.058010310127814435e+00 8.145872524749808719e+00 8.367733458529400536e+00 8.518188959182630526e+00 8.632402839024420516e+00 8.754584966693032655e+00 1.447682643203399167e+01 1.448041015243016894e+01 1.451946438307525433e+01 1.471864303238202965e+01 1.474775243827492588e+01 1.477063793617523046e+01 1.546932479980113939e+01 1.548596089307075729e+01 1.557907496943355774e+01 1.561684332162423416e+01 1.564275263637764013e+01 1.566461893139234896e+01 1.567489362008934606e+01 1.573135766048007156e+01 1.575641578588738945e+01 1.622234493633071750e+01 1.641515520441526377e+01 1.645259850586801775e+01
1.460555588289045303e+00 1.546346107830219418e+00 1.633209549963028806e+00 1.652141062502671121e+00 1.687786530506345972e+00 1.799325080806748023e+00 1.829765696960344190e+00 1.923188142717432436e+00 2.075508522608637829e+00 2.375309642008534894e+00 2.457489457898628160e+00 2.551712271727276882e+00 2.578980869549303723e+00 2.610061529489180021e+00 2.687161410365476844e+00 2.776098098260999070e+00 2.859884227306301874e+00 2.916766375613930151e+00 3.962760558688104950e+00 4.059261088951823915e+00 4.064391339358020439e+00 4.226781704133252049e+00 4.245235704728181680e+00 4.327943922994481163e+00 4.332525200816504274e+00 4.383294154310710233e+00 4.427740955220573760e+00 5.249260063280630106e+00 5.319125104801497805e+00 5.431283632159486174e+00 5.471483883735609233e+00 5.476265085057121951e+00 5.557798833478600820e+00 5.917627519940526604e+00 5.941493740839969284e+00 5.969457028290448442e+00 6.025482188864677902e+00 6.048204829847696473e+00 6.152624572927481772e+00 6.312426238962340008e+00 6.352893559977967008e+00 6.438452673138210791e+00 6.441369061358724224e+00 6.517410170670740577e+00 6.610922598014182583e+00 7.282756714671906551e+00 7.341745376083917307e+00 7.448288881212653756e+00 7.973662577594979872e+00 8.094503623239887702e+00 8.406595268553884281e+00 8.479613936294290610e+00 8.625475324263875976e+00 8.789886931428382510e+00 1.444277679091276489e+01 1.444679256987940441e+01 1.451617557165988082e+01 1.471443039138237729e+01 1.477400203649851207e+01 1.479780309273009387e+01 1.543956059425383387e+01 1.545116055315323500e+01 1.554483166316225962e+01 1.559806118692969434e+01 1.563284136390782741e+01 1.565006311549852747e+01 1.568558396088423024e+01 1.576206112438876339e+01 1.578843801348600628e+01 1.616343965574621322e+01 1.642330689901264051e+01 1.647998862257241370e+01
1.415539188867638964e+00 1.518675435286824804e+00 1.596725000281197682e+00 1.641350059623699842e+00 1.661634948885114316e+00 1.771821275103022675e+00 1.819018527106538441e+00 1.893340910862675086e+00 2.084763490471547520e+00 2.345376369352974333e+00 2.441218814773627788e+00 2.556667866548129719e+00 2.559323194126616130e+00 2.606846870522749438e+00 2.690185069415846453e+00 2.798105870560632535e+00 2.891172346842446839e+00 2.950994257437737911e+00 3.938867334139775522e+00 4.055959976116009003e+00 4.066910808920505715e+00 4.217263340983046227e+00 4.234744978916983982e+00 4.339032509479110900e+00 4.360573501158462761e+00 4.417408163306289381e+00 4.461954495242809848e+00 5.223077521893493724e+00 5.297360814091941705e+00 5.425293949542323801e+00 5.482745143808063659e+00 5.510250889930436990e+00 5.617515162036590404e+00 5.879689668595346141e+00 5.928653045422898948e+00 5.931333245243717300e+00 6.005907161804818095e+00 6.049941206848438391e+00 6.165251553095705717e+00 6.296271187559540294e+00 6.344664853011351191e+00 6.437138663662228311e+00 6.461068146205628970e+00 6.530127491321801259e+00 6.643959163680560387e+00 7.302179829446538761e+00 7.367020231954847453e+00 7.482991622641777418e+00 7.887629455742814599e+00 8.037431323590617183e+00 8.423560413793396151e+00 8.455702103043421403e+00 8.610522343983197047e+00 8.809865206346373157e+00 1.440624299010052844e+01 1.441088268908454317e+01 1.451427354616953913e+01 1.470826839430792177e+01 1.479489512078893476e+01 1.481608644058004032e+01 1.541492526875931368e+01 1.542051790784429066e+01 1.551287497505536983e+01 1.557035899250801059e+01 1.560959943197709343e+01 1.562586654431868283e+01 1.569543713775306948e+01 1.578009991134919687e+01 1.581909819369620251e+01 1.612367000468242750e+01 1.642489437270927866e+01 1.649814577918499126e+01
1.364975195460689017e+00 1.477545541215783631e+00 1.529232762434721060e+00 1.591035825417772331e+00 1.680923613320348231e+00 1.744581540931007480e+00 1.810711780357960210e+00 1.854222268452369926e+00 2.066379775112713091e+00 2.319813281038530128e+00 2.421278192607805746e+00 2.532835636245664546e+00 2.558105741253132503e+00 2.605011638360452242e+00 2.679178242445206859e+00 2.842896053271435353e+00 2.929088627997225469e+00 2.981074211619750169e+00 3.920902521097948235e+00 4.058641594972335120e+00 4.068453525779799129e+00 4.209816580553189524e+00 4.225104131485128534e+00 4.340943618915566127e+00 4.396807301187039663e+00 4.453043075111143168e+00 4.495980714846409931e+00 5.210339263948961630e+00 5.282461865132301426e+00 5.409221592239361165e+00 5.479331353812546546e+00 5.548813423404213907e+00 5.670546851453241111e+00 5.839737440700368154e+00 5.888886427730322559e+00 5.918377525872941192e+00 6.000425286191032548e+00 6.060703721633012186e+00 6.179090044569738538e+00 6.288186187470365951e+00 6.344158281464728155e+00 6.432204116825521290e+00 6.484878235686348802e+00 6.536674236164897067e+00 6.670497286937321135e+00 7.333023268635202818e+00 7.397137080299784451e+00 7.509116122482544675e+00 7.801572555595059910e+00 7.976989855208444169e+00 8.427662334211555972e+00 8.441155222892414045e+00 8.585139424279391918e+00 8.812590151929288851e+00 1.437017619287900594e+01 1.437503497298570920e+01 1.451306018453129099e+01 1.470108145240010344e+01 1.480424445930579225e+01 1.482011138478375756e+01 1.539161402686920788e+01 1.540354948926548140e+01 1.548424469033610862e+01 1.553440244799399927e+01 1.557746663903688855e+01 1.560482737214654314e+01 1.569541373894060321e+01 1.578428148104988615e+01 1.582204544183883321e+01 1.612232423259708725e+01 1.641915648463043098e+01 1.650612006736972859e+01
1.309016458440731334e+00 1.421336754541716818e+00 1.453955185036985176e+00 1.532965466651117881e+00 1.669491997474473965e+00 1.747740328900987405e+00 1.793659420485552269e+00 1.812477495131699534e+00 2.023947832866672236e+00 2.299089710574468537e+00 2.398842184154626800e+00 2.506583561797997017e+00 2.550940219144516963e+00 2.602837122142190651e+00 2.658794764392987453e+00 2.900198579397710308e+00 2.971111787732455323e+00 3.005407225658240922e+00 3.909525512681800929e+00 4.067860727545034472e+00 4.070123184192085297e+00 4.204098252544490322e+00 4.216599831506036011e+00 4.338054570781823216e+00 4.434234926106324970e+00 4.487854479259087093e+00 4.528414449927802288e+00 5.211941265589259409e+00 5.275579315677616954e+00 5.383604359239228643e+00 5.459052523532622381e+00 5.587327024516060447e+00 5.697330154244090394e+00 5.804629488624908795e+00 5.879241369829079744e+00 5.906116702810487062e+00 6.009700525778894686e+00 6.077786856600329912e+00 6.196909886107865084e+00 6.286132537453436697e+00 6.346629724179627452e+00 6.424788932023185239e+00 6.510358725266995883e+00 6.536722290814505065e+00 6.690709242743412943e+00 7.371696131497320614e+00 7.429791293274643493e+00 7.523751106143061307e+00 7.717431126638190086e+00 7.915217989742612481e+00 8.409304130195003779e+00 8.448705581868161119e+00 8.547400098635840493e+00 8.796517781100998690e+00 1.433600287838788034e+01 1.434046487634921263e+01 1.451244288174437536e+01 1.469317768880790886e+01 1.479801647978937140e+01 1.480828318743554384e+01 1.537215658826500686e+01 1.539630159262479836e+01 1.546021989578299305e+01 1.549444441048380838e+01 1.554164150973242187e+01 1.558535277097890770e+01 1.568690671696161765e+01 1.577125648926281798e+01 1.579465440909484464e+01 1.616207195566815003e+01 1.640548611835450643e+01 1.650326400592313902e+01
1.247897501459026115e+00 1.346019482859079686e+00 1.378209079626478983e+00 1.468338495784850428e+00 1.635654258541577644e+00 1.749388732333467811e+00 1.767809989890787525e+00 1.793352920339871481e+00 1.964454011136118838e+00 2.281932125641854547e+00 2.375098441187025067e+00 2.479159895768372923e+00 2.539161961710052484e+00 2.597306108103689670e+00 2.632145527380141292e+00 2.962012314253152478e+00 3.014752498293734373e+00 3.025134228438073336e+00 3.904533188430805879e+00 4.066289940052755014e+00 4.087923145012445580e+00 4.199449376497347508e+00 4.209562294325197129e+00 4.330460317946705828e+00 4.471396364414943037e+00 4.520963030816826489e+00 4.558310667347618583e+00 5.227911917909681350e+00 5.277971200766895521e+00 5.350550930164372332e+00 5.424817501369156858e+00 5.617163369098145509e+00 5.686826673307064262e+00 5.785721979678184468e+00 5.895998857783077973e+00 5.913982350998374216e+00 6.033220499120214519e+00 6.098529488789217190e+00 6.219481527197926241e+00 6.288225108686449794e+00 6.349787335031895630e+00 6.414867844180516698e+00 6.528905510688470137e+00 6.537658757311556990e+00 6.704708256007381628e+00 7.414646047259476624e+00 7.462012923147741894e+00 7.525325402360969917e+00 7.638315723587489892e+00 7.853995350803705477e+00 8.364187693255502154e+00 8.483969241878876133e+00 8.495947686649360620e+00 8.760550838557753295e+00 1.430454078272929763e+01 1.430800585771497069e+01 1.451253880275499597e+01 1.468466834217065831e+01 1.477455198980770135e+01 1.478288978973116663e+01 1.535274031879070478e+01 1.538337671645310500e+01 1.544450162019243500e+01 1.546453739311601083e+01 1.550738219380858851e+01 1.556640034607046275e+01 1.566982100751712714e+01 1.572599959716284523e+01 1.576984928555944876e+01 1.622440584717640633e+01 1.638359964091065990e+01 1.648925846849051879e+01
1.182119838226056485e+00 1.257168679443948278e+00 1.301008352661208844e+00 1.399342096194197804e+00 1.597880183156271450e+00 1.694921770262034055e+00 1.754807025149157651e+00 1.812277326881676975e+00 1.894876839202760621e+00 2.267093936626549677e+00 2.351188000362083308e+00 2.450835840214131256e+00 2.524272836098676809e+00 2.582854601294326091e+00 2.604534045455909830e+00 3.021984698997750129e+00 3.041750751788063756e+00 3.061069275453136562e+00 3.905048488287651498e+00 4.062334540564008556e+00 4.109737266897744767e+00 4.194828054313155086e+00 4.204671259576469033e+00 4.318123870370270012e+00 4.508290979045079361e+00 4.552217195559311591e+00 4.585499674757311794e+00 5.256092811819450539e+00 5.291669156587439637e+00 5.314130432037320162e+00 5.384013778652612103e+00 5.626798684871961775e+00 5.661575897035802996e+00 5.793629107211729412e+00 5.891424466391224968e+00 5.967813083834757393e+00 6.068282197625527452e+00 6.120924332839974724e+00 6.245434675745729969e+00 6.293850767136479618e+00 6.353226282518859236e+00 6.402271727372849774e+00 6.517933090748483593e+00 6.561394815120739743e+00 6.712575354307490194e+00 7.458325707800608662e+00 7.483797809978003812e+00 7.514040510349961011e+00 7.574887707028232775e+00 7.795354480752412663e+00 8.299400129720998720e+00 8.430170476043253203e+00 8.538957590357883376e+00 8.704278225336576469e+00 1.427618141340341928e+01 1.427847260980704291e+01 1.451358451705369923e+01 1.467546339208881001e+01 1.473681248635223895e+01 1.474676132102689330e+01 1.532201058642916003e+01 1.534929969560321794e+01 1.543647967218859662e+01 1.546359980216745811e+01 1.548162569789788989e+01 1.554817949834005120e+01 1.563965300900408906e+01 1.567307216270394576e+01 1.574206851536981766e+01 1.629383374322810596e+01 1.635463091219880738e+01 1.646433820126997816e+01
1.112366605518460227e+00 1.165071061802727570e+00 1.219498613950929400e+00 1.327541323052381150e+00 1.559978546257984489e+00 1.637374100133238919e+00 1.725303069655611088e+00 1.803618698846237045e+00 1.858137100525233842e+00 2.253946301410933994e+00 2.328103202256474269e+00 2.421613625932331981e+00 2.507263524864504323e+00 2.551929652930647219e+00 2.584085182961262994e+00 3.052882163053115772e+00 3.085990901483649740e+00 3.106173775340886678e+00 3.909763062565325242e+00 4.056456893928258367e+00 4.129765220138637893e+00 4.189221200190854866e+00 4.202770844258042260e+00 4.301044163327035541e+00 4.545923499432209525e+00 4.581878231529344703e+00 4.610575700728421822e+00 5.271484029058457033e+00 5.296696872047919058e+00 5.322257836942241305e+00 5.345832643419017316e+00 5.616789354231089604e+00 5.638719611772244455e+00 5.823845630287573627e+00 5.892527839551092939e+00 6.021590613254566904e+00 6.111403064579119970e+00 6.143477532925273543e+00 6.271445727985542895e+00 6.304289743828086046e+00 6.358058110946806174e+00 6.386849631496576585e+00 6.501614104835398145e+00 6.583500256224651181e+00 6.714500957829407035e+00 7.457918098191773204e+00 7.491223091730678796e+00 7.498398090882728795e+00 7.565439332344018553e+00 7.742440779953926544e+00 8.216149353780631159e+00 8.350701496024987236e+00 8.607508718983691409e+00 8.630674859028372836e+00 1.425067233921359033e+01 1.425306466997259669e+01 1.451589237527046095e+01 1.466437927265140573e+01 1.469167338066729300e+01 1.470200321511456920e+01 1.527754401994734046e+01 1.530350964949818504e+01 1.543224439354046496e+01 1.546161410347208509e+01 1.548650806432590876e+01 1.553194078535331712e+01 1.558816990724007567e+01 1.563486849262841361e+01 1.570550725679372306e+01 1.631041557921673757e+01 1.637042645195979418e+01 1.643097559499161875e+01
1.038834102996532005e+00 1.076470286885887084e+00 1.136827185321680700e+00 1.253235453983586600e+00 1.521469493127994621e+00 1.578576043881858126e+00 1.685261787020133628e+00 1.726505584499649304e+00 1.890136304157159941e+00 2.242253576904017276e+00 2.306561858203046267e+00 2.391541185865973418e+00 2.488603750203230103e+00 2.513051111760342238e+00 2.563871833996642202e+00 3.071439363275323853e+00 3.140145698389464890e+00 3.151758063889356976e+00 3.917237595058758792e+00 4.048963803843736997e+00 4.142650468338805680e+00 4.181401539220201968e+00 4.204528814625090760e+00 4.279299737571314211e+00 4.585482708653088046e+00 4.610418325718479871e+00 4.634535953910231321e+00 5.243406887311786946e+00 5.303720892333966930e+00 5.340198202887515677e+00 5.374995691156009059e+00 5.599216728209391647e+00 5.621864258168781880e+00 5.861427940988230390e+00 5.900371173877901221e+00 6.064113624653760581e+00 6.158705326540438563e+00 6.165430547477527057e+00 6.292686295330382151e+00 6.322539116164679562e+00 6.365474741955742921e+00 6.370005594916382741e+00 6.481842975686850750e+00 6.602145822942334874e+00 6.710909694700905703e+00 7.402697688015770439e+00 7.460662921173400797e+00 7.525060977700746889e+00 7.592471262367237905e+00 7.702319839322573358e+00 8.116219138101493868e+00 8.259692381164139618e+00 8.532186076788542906e+00 8.694431009110871855e+00 1.422825995037716496e+01 1.423229622626325863e+01 1.451978312117303282e+01 1.463376838143888925e+01 1.465052258410626251e+01 1.466238421281226678e+01 1.522726201021265524e+01 1.525513632835278521e+01 1.542115518387073436e+01 1.546244550219581981e+01 1.549943205103610389e+01 1.552258088506626166e+01 1.553356775492673947e+01 1.560272079964990866e+01 1.566048936776350686e+01 1.626701931452398497e+01 1.637751660089823602e+01 1.644900607053007491e+01
9.610048389622494192e-01 9.964177361505330843e-01 1.057841631154004425e+00 1.176405023957602047e+00 1.476976446586101055e+00 1.522048456382617099e+00 1.617596921174129454e+00 1.665229308879958792e+00 1.927026952504062418e+00 2.231932224610206461e+00 2.286931198875354898e+00 2.360966889938017399e+00 2.465293793303525938e+00 2.475678062021819059e+00 2.539882410729833229e+00 3.092666242728688619e+00 3.188900372591549903e+00 3.198273957430318948e+00 3.926187283749554613e+00 4.040295820327608922e+00 4.147278744943636575e+00 4.169749006076896691e+00 4.208088205520508218e+00 4.253084469686563729e+00 4.626776407035062988e+00 4.638711633391908506e+00 4.658295821293799044e+00 5.222925216618016897e+00 5.283447150478851384e+00 5.384260552060774252e+00 5.440224171497782812e+00 5.582844626592549986e+00 5.609339434799450075e+00 5.895195742499663716e+00 5.915719504893646175e+00 6.088002894428577783e+00 6.183678212233624905e+00 6.208580803368465517e+00 6.309451807659939959e+00 6.343131365261904797e+00 6.350572661831392018e+00 6.383639825879470209e+00 6.459943820571250939e+00 6.616374977001093782e+00 6.702507125093510432e+00 7.351227283924512967e+00 7.423650852584038340e+00 7.523716001685301968e+00 7.625203625592300583e+00 7.687427454204161847e+00 8.002207790536051135e+00 8.161368734059315955e+00 8.422248650115930602e+00 8.784921680290958435e+00 1.420993175327714297e+01 1.421579901291354453e+01 1.452534888448269257e+01 1.458247857780349399e+01 1.459806438644995197e+01 1.465077429901879746e+01 1.517822468394941460e+01 1.520788625837751340e+01 1.540895154312573823e+01 1.545534475162060772e+01 1.546991320207384035e+01 1.551183789920897382e+01 1.553147796253143476e+01 1.557410622216398188e+01 1.560926379761190397e+01 1.621802078729333729e+01 1.632707469184870774e+01 1.651534683604205256e+01
8.815841083352613516e-01 9.247616845362529592e-01 9.868873273763724141e-01 1.097513979752028135e+00 1.418603583048027916e+00 1.467396403044086473e+00 1.538025353728539768e+00 1.619405249687943638e+00 1.964175876465735771e+00 2.222923894179371196e+00 2.269256838614706062e+00 2.330665922070591201e+00 2.426970387318892808e+00 2.452664276468513371e+00 2.512245497805858374e+00 3.116942987321558167e+00 3.232641906116986430e+00 3.243810487630315098e+00 3.935670923139151789e+00 4.030960531730737983e+00 4.146093972217446577e+00 4.154304688348529062e+00 4.208876380043049537e+00 4.222861583175189892e+00 4.661730009240185879e+00 4.672136668970410689e+00 4.683697996212628389e+00 5.215987248145832034e+00 5.273868572710306069e+00 5.441713236083692173e+00 5.513519190966126082e+00 5.570697531063562913e+00 5.600266864318230731e+00 5.920443071034404703e+00 5.935962764047953755e+00 6.089257163286518448e+00 6.199033937758668955e+00 6.255722086606398058e+00 6.318481267657117151e+00 6.329460997941834144e+00 6.373734791186175030e+00 6.407225141361573506e+00 6.437661321077158938e+00 6.625450173302432688e+00 6.690228784170487053e+00 7.310695154056196188e+00 7.382692006049833999e+00 7.493022751783770197e+00 7.656490439176122820e+00 7.696044557842936840e+00 7.877751086892115673e+00 8.062792368628150186e+00 8.301906086254270178e+00 8.878653016884351601e+00 1.419624014401393097e+01 1.420354081666518020e+01 1.452791532590702950e+01 1.453047957425713399e+01 1.454961444873531740e+01 1.464163317202078574e+01 1.513443250651326544e+01 1.516455412102832945e+01 1.539814567896816122e+01 1.541134528516250413e+01 1.545286085782794139e+01 1.549999790507810360e+01 1.552606991204810960e+01 1.555502965179046448e+01 1.556871112683338332e+01 1.616814129872365413e+01 1.627074549520769509e+01 1.657871400242188642e+01
8.060033562104206295e-01 8.577845554369961656e-01 9.261891157269114272e-01 1.017818070430198452e+00 1.350402019344513649e+00 1.392691576316961610e+00 1.484970492849555068e+00 1.574794259367758187e+00 2.000245312831532285e+00 2.215144798523525971e+00 2.253416364164301022e+00 2.301823935798976262e+00 2.386515969488947952e+00 2.432702062669075183e+00 2.482037772260510256e+00 3.143206468335267179e+00 3.273021206889457524e+00 3.285415298530306227e+00 3.945145211891867287e+00 4.021471513443368728e+00 4.130179234952281675e+00 4.147377037134651445e+00 4.188555444171921494e+00 4.205114253909809641e+00 4.687658869708283937e+00 4.699825266717011729e+00 4.721000812560203208e+00 5.225066197068698237e+00 5.278541858270540565e+00 5.508575768019219332e+00 5.563973792106707172e+00 5.588146896157859089e+00 5.598313130248912195e+00 5.936257388344883701e+00 5.955518563097320417e+00 6.067881717402046071e+00 6.208210521729869313e+00 6.290320067594241671e+00 6.301722333761234474e+00 6.346936485924334903e+00 6.399220492788020742e+00 6.415234669453536043e+00 6.436699905910418629e+00 6.628987666630484554e+00 6.675094682612961350e+00 7.284055283886821108e+00 7.340124675260636167e+00 7.449696093528713980e+00 7.679419983446320153e+00 7.704847672456581087e+00 7.750042197859234427e+00 7.975799916447416038e+00 8.178989067467568930e+00 8.971323883935928833e+00 1.418753955737194339e+01 1.419562525297056688e+01 1.447877350832398946e+01 1.448845213398410792e+01 1.454812015643159739e+01 1.463380041168616330e+01 1.509814021369413162e+01 1.512720242542626714e+01 1.536169134386981661e+01 1.539310228101924416e+01 1.543864098134100082e+01 1.546587639591244745e+01 1.548819857906758379e+01 1.553871662225116701e+01 1.556840404550522905e+01 1.612184917624151481e+01 1.621390508333205105e+01 1.663627286021478469e+01
7.387913706660063085e-01 7.938542952589197066e-01 8.741902460050298140e-01 9.394309148458027670e-01 1.280432537855642705e+00 1.304198984461531818e+00 1.454251716231759639e+00 1.530959265302735295e+00 2.034241731466299274e+00 2.208494447031249752e+00 2.239373887491591830e+00 2.275856782698573610e+00 2.347769497077384138e+00 2.413192132845557225e+00 2.450768020433710781e+00 3.169778871506449214e+00 3.309851052422771556e+00 3.321835671962156233e+00 3.954405046309054317e+00 4.012325204672281487e+00 4.105845768605694168e+00 4.144776744888570619e+00 4.153134634291580696e+00 4.195913091717591747e+00 4.710366564480230167e+00 4.719855358071342266e+00 4.761881413084996240e+00 5.251149505860523981e+00 5.298366971968859751e+00 5.549129413805517608e+00 5.582146065557507697e+00 5.605771612196041254e+00 5.672335560662435938e+00 5.930777043550713223e+00 5.980156999002943508e+00 6.026417108328828043e+00 6.208023944468268773e+00 6.261549996709775634e+00 6.339541597410280005e+00 6.366927057852091565e+00 6.397108730524350584e+00 6.426896045400471991e+00 6.463754932869141712e+00 6.627168981810900306e+00 6.658015934328919805e+00 7.272561379121711411e+00 7.298399383617828917e+00 7.406052365927608072e+00 7.607549231452554572e+00 7.691900956907458564e+00 7.701000623984815441e+00 7.919054428330865925e+00 8.065706560839380757e+00 9.058825310846128076e+00 1.418408419669236409e+01 1.419221421246035675e+01 1.443032019679630729e+01 1.443915760284158090e+01 1.456068435463982524e+01 1.462754196745969537e+01 1.507043756789701483e+01 1.509702121380038875e+01 1.531942106405840498e+01 1.538872555551458987e+01 1.540765078011401279e+01 1.542782502033887226e+01 1.545223892597301152e+01 1.553126062139428498e+01 1.556250500508627965e+01 1.608344720069628053e+01 1.616095833459608500e+01 1.668679029514678547e+01
6.839491346059771715e-01 7.339037645178416724e-01 8.260723993858769543e-01 8.650308853521117003e-01 1.213559799758228586e+00 1.222356406211703828e+00 1.432065185860753820e+00 1.489768901483328634e+00 2.065287931694831158e+00 2.202963707437930463e+00 2.227457483000824912e+00 2.254021348538300273e+00 2.311741558811930997e+00 2.394348717404377602e+00 2.420317152444644737e+00 3.194789128194194028e+00 3.342247888678092860e+00 3.352457943437364474e+00 3.963472750798227473e+00 4.004053955298694234e+00 4.080087432514067025e+00 4.114357794314806860e+00 4.145413072754960737e+00 4.183641151155179649e+00 4.729578744726699924e+00 4.736166077217455417e+00 4.798624931482204481e+00 5.293862864031694926e+00 5.333221107346692413e+00 5.551694187973720496e+00 5.581530025395908368e+00 5.686655837775675515e+00 5.750423807978350510e+00 5.902041389544279149e+00 5.965519823594525484e+00 6.009825948467187651e+00 6.194291920415849972e+00 6.230153919474446411e+00 6.372138956017052713e+00 6.380198862547694638e+00 6.393022369268361871e+00 6.454278981807013871e+00 6.488271210155564184e+00 6.620745922746054113e+00 6.639666169442979715e+00 7.258914095660754739e+00 7.276908516630620660e+00 7.370158264836555340e+00 7.480709976659885463e+00 7.648966413453011981e+00 7.680728564989833806e+00 7.902119500199956015e+00 7.980991574669428879e+00 9.137183364504284810e+00 1.418604762548135412e+01 1.419350341035888796e+01 1.438527146579778915e+01 1.439263564627460390e+01 1.457556473056370017e+01 1.462309715089457285e+01 1.505140408520824380e+01 1.507429078868806016e+01 1.528321063088587373e+01 1.534943689057828387e+01 1.538750037433077011e+01 1.541202441660145084e+01 1.542675621361934724e+01 1.551869137371836338e+01 1.554529241812111451e+01 1.605565116753527022e+01 1.611566739375669854e+01 1.672935257612878246e+01
6.451158364534468337e-01 6.816845427346627240e-01 7.766780168213889279e-01 7.968904621988679438e-01 1.149774025491194562e+00 1.163026782629604794e+00 1.415105729731382045e+00 1.453690384357745780e+00 2.092433598767656555e+00 2.198965500809571871e+00 2.218389520329302034e+00 2.236924101446570390e+00 2.279235042531183364e+00 2.376915095308131942e+00 2.392906622589348054e+00 3.216431142589397663e+00 3.369175159020528110e+00 3.376843332651086271e+00 3.972506675925540076e+00 3.997412147348114342e+00 4.055556492701587246e+00 4.078407130766782629e+00 4.145181635320110303e+00 4.170516796354228894e+00 4.744751460383834996e+00 4.748764313056252462e+00 4.828944211042101031e+00 5.351589107038556392e+00 5.381964252248335079e+00 5.553684491303193305e+00 5.578210379477118508e+00 5.776677149775733433e+00 5.823762852578039606e+00 5.853620204542353100e+00 5.892425509656528781e+00 6.036959829681191714e+00 6.165266553524070048e+00 6.198064460114490970e+00 6.375597482479751221e+00 6.400844448702319944e+00 6.407836681887318697e+00 6.483159627500508115e+00 6.509167911811562846e+00 6.610656317946245863e+00 6.620531651420561658e+00 7.225720759211409217e+00 7.293192703419046019e+00 7.345594099918323572e+00 7.368468468824376671e+00 7.586875151329971700e+00 7.626638744972805029e+00 7.907483915663322094e+00 7.939363781218039762e+00 9.202679934667152395e+00 1.419352614310463601e+01 1.419969112766252550e+01 1.434421971943277718e+01 1.434992189706430743e+01 1.459104031780224808e+01 1.462043468208406338e+01 1.504021126807698217e+01 1.505840550848428805e+01 1.525393700302709021e+01 1.529591397438222167e+01 1.538204442351652723e+01 1.540000342605218364e+01 1.541538984634652820e+01 1.550011087464828208e+01 1.551862474006021664e+01 1.603851365640300841e+01 1.608031668298866634e+01 1.676322893726662855e+01
6.250650793768927072e-01 6.444210021465099913e-01 7.255782566608982576e-01 7.355569504908566758e-01 1.104270488414417439e+00 1.120707853745229521e+00 1.403078046741407681e+00 1.425193699390495672e+00 2.114361980714110079e+00 2.197803312359368988e+00 2.212728660228207023e+00 2.224411334512853777e+00 2.251091967537170113e+00 2.362257147163051574e+00 2.370875904755384234e+00 3.233127791587829591e+00 3.389621113584244672e+00 3.394558424695671484e+00 3.981777523269812491e+00 3.993704493103603870e+00 4.034236746935368600e+00 4.046288325887701376e+00 4.145475095857724668e+00 4.158901588842597974e+00 4.755630379152410825e+00 4.757646560571209271e+00 4.851472278331883103e+00 5.421329096792831592e+00 5.442079673260845851e+00 5.556504925806468265e+00 5.574744139778644580e+00 5.784901363618561554e+00 5.808206615574959208e+00 5.867493456437347099e+00 5.895522942561775892e+00 6.059228278894051911e+00 6.125712743057761145e+00 6.162339948290586733e+00 6.375307506844086980e+00 6.419644826979865826e+00 6.421780671739706570e+00 6.512047515499977735e+00 6.527365144541012576e+00 6.597401727341379640e+00 6.601166502831165239e+00 7.199755179155472362e+00 7.263350496503026221e+00 7.325194471493584381e+00 7.350796546751074523e+00 7.523387462086915889e+00 7.550780894040458158e+00 7.917850523556078990e+00 7.928681914964913702e+00 9.252061647823051516e+00 1.420653522338055197e+01 1.421094404774926723e+01 1.430761577910331361e+01 1.431150453936463762e+01 1.460503870006716554e+01 1.461919731987838844e+01 1.503532206269311366e+01 1.504801467674163895e+01 1.523232916888849786e+01 1.525263196795016540e+01 1.536731041800052111e+01 1.540451633499536577e+01 1.541326086175167376e+01 1.547770433423680281e+01 1.548747785073292960e+01 1.603000573084507252e+01 1.605527596708754601e+01 1.678784568721461312e+01
6.249938486615449484e-01 6.305126162089385033e-01 6.790670775961036298e-01 6.822940340907130974e-01 1.081737265136070159e+00 1.092671623075521570e+00 1.396611125076533177e+00 1.406134994741424116e+00 2.129114953722138992e+00 2.201455346042466399e+00 2.210457658277007464e+00 2.216045139010319964e+00 2.228215183176621927e+00 2.352504084723136213e+00 2.356196214774908704e+00 3.243658013830310605e+00 3.402721468584073428e+00 3.405090700688794936e+00 3.991725930033723557e+00 3.994981343115179051e+00 4.016931837578409770e+00 4.020688372571725289e+00 4.145980995531499680e+00 4.150802421864780989e+00 4.762175818792881543e+00 4.762889978825344706e+00 4.865328102523713838e+00 5.496623115792488079e+00 5.507625874135958277e+00 5.558984442257053793e+00 5.570316230419299686e+00 5.715214198244174426e+00 5.724727039674115225e+00 5.947245554547009760e+00 5.957147010755274863e+00 6.065571478701581754e+00 6.081109725649421982e+00 6.127504969426637693e+00 6.376758570419631234e+00 6.430189004157131016e+00 6.431589115459333428e+00 6.538953004349895792e+00 6.544594180911521342e+00 6.580590842718942568e+00 6.582471234425710804e+00 7.183207041677048821e+00 7.200299189960719382e+00 7.363089998305348161e+00 7.371572611558636190e+00 7.464307455631843169e+00 7.475344385881851572e+00 7.925889457554855078e+00 7.928858692764890748e+00 9.282779737216978688e+00 1.422500630828822388e+01 1.422737104840935984e+01 1.427579756073558492e+01 1.427771104938329039e+01 1.461501352829961320e+01 1.461881939647976836e+01 1.503485868077006948e+01 1.504140259938396973e+01 1.521904942054638532e+01 1.522423926505125635e+01 1.535645524829985398e+01 1.541649109098858439e+01 1.541923199151474400e+01 1.545464149529901121e+01 1.545766570077504376e+01 1.602780174315515538e+01 1.603937607129708454e+01 1.680278557968759756e+01
6.441092068645806190e-01 6.441249247631423147e-01 6.441362602145471739e-01 6.441459425133374550e-01 1.079083565646295151e+00 1.079089217044830962e+00 1.397006952909833011e+00 1.397014344957740350e+00 2.134407020250438158e+00 2.211466422853318292e+00 2.211482435372876143e+00 2.211487502775387970e+00 2.211501173382347307e+00 2.350013446178655041e+00 2.350053357495136108e+00 3.247254820071387993e+00 3.407913839533807998e+00 3.407917774643056674e+00 4.003113273591159427e+00 4.003120522417359162e+00 4.003492513830897437e+00 4.003497627574731155e+00 4.146900850763414859e+00 4.147209056605890787e+00 4.764486970784871822e+00 4.764494437531676674e+00 4.870002785040780324e+00 5.554369805734752141e+00 5.554371800773367340e+00 5.554780790407221502e+00 5.554784015404761632e+00 5.674787566642571335e+00 5.674796301743325166e+00 5.995290550551435338e+00 5.995722294235903860e+00 6.047984335138574252e+00 6.048430875453930433e+00 6.115272279962312041e+00 6.377608651676058393e+00 6.434324949164272667e+00 6.434327141950377360e+00 6.562153819774004582e+00 6.562157597258746478e+00 6.562585820648147994e+00 6.562589660963664251e+00 7.177505930424003644e+00 7.177634404047130268e+00 7.412024190329636220e+00 7.412031235725582867e+00 7.412139122480947862e+00 7.412144690134831571e+00 7.929308337543242047e+00 7.929316384803425599e+00 9.293205840658323780e+00 1.424871851533437628e+01 1.424872170569197394e+01 1.424908288322431815e+01 1.424908379721852114e+01 1.461853451461638009e+01 1.461889129765748052e+01 1.503715414962814911e+01 1.503715869844441322e+01 1.521425751515263691e+01 1.521461627456304200e+01 1.535270664983898747e+01 1.543366366199699335e+01 1.543366494773378683e+01 1.543401786526932895e+01 1.543401878994763443e+01 1.603075932741418086e+01 1.603076167487001769e+01 1.680779409481291964e+01
1.419548843046739339e+00 1.464686256342166093e+00 1.464694606673963229e+00 1.544333715711673216e+00 1.573003954071417576e+00 1.573006699450291590e+00 1.996348668649627456e+00 1.996352170613745258e+00 2.164311243550207209e+00 2.231187278170683186e+00 2.439247414299444472e+00 2.439252386125848826e+00 2.614980648276824748e+00 2.723657707494937075e+00 2.723667489290296562e+00 2.797768055847881463e+00 2.972757573573712619e+00 2.972767702811422108e+00 3.873026068421638435e+00 4.052844536534758291e+00 4.052850484196516057e+00 4.106924199505540329e+00 4.106928225739417293e+00 4.308964853583219679e+00 4.504176873085153687e+00 4.504178340559094273e+00 4.691527585181988869e+00 5.203074938365427116e+00 5.203081593332335331e+00 5.494339979938508201e+00 5.494342381533440012e+00 5.575097026481305562e+00 5.575099347683455164e+00 5.707849039019789572e+00 5.865221681357735584e+00 5.906621592943589683e+00 5.906625938610358340e+00 6.017990355159028582e+00 6.191876275913412719e+00 6.286847525362878386e+00 6.286848226176463328e+00 6.414079234129299145e+00 6.675221862176258014e+00 6.715922334747654432e+00 6.715924212019074524e+00 6.978352581124267040e+00 7.103969852963359699e+00 7.860999693623779372e+00 7.861001881454386719e+00 7.961273286102808378e+00 7.961277456673928832e+00 8.706810023580660030e+00 8.706812693868345221e+00 9.059137352067617499e+00 1.427362641529090581e+01 1.427362837651854299e+01 1.455979917575268523e+01 1.472893242960032012e+01 1.504393609818056987e+01 1.504393773402605206e+01 1.521424960608788091e+01 1.524694860176591682e+01 1.552513918542746474e+01 1.555775297910348698e+01 1.555775370742899533e+01 1.564190315195872927e+01 1.564190504158752582e+01 1.576493582405321092e+01 1.576493762661961284e+01 1.621303578769891374e+01 1.621303725510690796e+01 1.671628688598224599e+01
1.421354509418285783e+00 1.460271237863165039e+00 1.467818386315919321e+00 1.547067981974958650e+00 1.548083713556633878e+00 1.597418956698720471e+00 1.987931272139960903e+00 2.006675654104764117e+00 2.154855362257279250e+00 2.238807065142449204e+00 2.424756849834104333e+00 2.450048675821587363e+00 2.616713052877459145e+00 2.708280934425379982e+00 2.738039905793847595e+00 2.799969401300846261e+00 2.944238279068831954e+00 3.000705026367307404e+00 3.876229296168498095e+00 4.041892141251437032e+00 4.049172950006958871e+00 4.111609369519436896e+00 4.114076337748290513e+00 4.304645723418582648e+00 4.468259044643593469e+00 4.541755118250582868e+00 4.690088957805258474e+00 5.178269465208675371e+00 5.237155619159186593e+00 5.461810135624574514e+00 5.527786384996835167e+00 5.533136571563423090e+00 5.635869989255184898e+00 5.690775518354290519e+00 5.867137215188367172e+00 5.868980539588133816e+00 5.944717963523153514e+00 6.015925660235912353e+00 6.189132666894893831e+00 6.278739027282600915e+00 6.290742021941268192e+00 6.384404219707063177e+00 6.669501279941217220e+00 6.700021619451228538e+00 6.732324236552174490e+00 7.022596254527365467e+00 7.119423683706953554e+00 7.779917861672751123e+00 7.929553504508029427e+00 7.937300578188414057e+00 7.963371434605247323e+00 8.695900050445578344e+00 8.733886609736503104e+00 9.049566467107586831e+00 1.423946714917441803e+01 1.431417552484102984e+01 1.456407840212195381e+01 1.471652673717576931e+01 1.495382745325813012e+01 1.513903326090196977e+01 1.522246126884732220e+01 1.525865212196286791e+01 1.552182463870325968e+01 1.552688144799560810e+01 1.558894355887981931e+01 1.562764851768560170e+01 1.565313649650551575e+01 1.572049138749495434e+01 1.579649026074189422e+01 1.613294182886488315e+01 1.629495107323418424e+01 1.671040007335432520e+01
1.426060585017009830e+00 1.455641504396477881e+00 1.467807124060211077e+00 1.528032240394695762e+00 1.555374309079502471e+00 1.615764367594939133e+00 1.985275775552971300e+00 2.016272548377850526e+00 2.132191108104844357e+00 2.256409214693245069e+00 2.406262161123498888e+00 2.457681646637661643e+00 2.621730992293894058e+00 2.692838405695105575e+00 2.750402109060373856e+00 2.806411345696421478e+00 2.916593725113156843e+00 3.026152071854125936e+00 3.885705816415135239e+00 4.028669304697508835e+00 4.029013030149293684e+00 4.119962189164639632e+00 4.131522503663843437e+00 4.292069904484595355e+00 4.438213353971135255e+00 4.577123660665710858e+00 4.685728309919102941e+00 5.161150375321179595e+00 5.281232142009744557e+00 5.428253053353214952e+00 5.512490584049956510e+00 5.567550531408740788e+00 5.647911659329263756e+00 5.707999352473412280e+00 5.834026789790239143e+00 5.861423690758098992e+00 5.981687578096577695e+00 6.012555144166622512e+00 6.181698436021131116e+00 6.265790138031537282e+00 6.291671055285656955e+00 6.313878293475890580e+00 6.662200982652101366e+00 6.686075357098331118e+00 6.747492646285841111e+00 7.124526551822158105e+00 7.167115361976789778e+00 7.689743283276020414e+00 7.882351305350547399e+00 7.948335173157900613e+00 7.989886030000314499e+00 8.708698889045855651e+00 8.766423919166902223e+00 9.021684385658769401e+00 1.421228361484228309e+01 1.436038211156601285e+01 1.457707139605784086e+01 1.468306793551195533e+01 1.487073917798645439e+01 1.523633095130281845e+01 1.524348106124588575e+01 1.529301754180864137e+01 1.548199814637521676e+01 1.553204392445368676e+01 1.561120875423448062e+01 1.561465200861123215e+01 1.565999301223498463e+01 1.566721167847201635e+01 1.580851039432273453e+01 1.606336591427604787e+01 1.637420835310018319e+01 1.669285032553459658e+01
1.432024261251751529e+00 1.451239939364407983e+00 1.463456911833557861e+00 1.516500430758573437e+00 1.569100337698825287e+00 1.623435173470131332e+00 1.992270345103936968e+00 2.023704824417092318e+00 2.102615701566404205e+00 2.278927745619067746e+00 2.383935417654388100e+00 2.462688292970079296e+00 2.629558908294316932e+00 2.677999797825734607e+00 2.759870432030410825e+00 2.816715119582736460e+00 2.890866270759028467e+00 3.046834782311418799e+00 3.901049648833159189e+00 4.002185648977664378e+00 4.017845887108799197e+00 4.121145363320627197e+00 4.158327744192390263e+00 4.272327821676495496e+00 4.416913190648608989e+00 4.607808394444917077e+00 4.678281825192221355e+00 5.150041149473951307e+00 5.334677837851351967e+00 5.400080409872678011e+00 5.505578528558728202e+00 5.591045533720047089e+00 5.615600241599675968e+00 5.786029875597581196e+00 5.804766485925116015e+00 5.834339867816779268e+00 6.008071162761596362e+00 6.016602157787184879e+00 6.167628144299572845e+00 6.238948412614142569e+00 6.248512647235815898e+00 6.291051787526590111e+00 6.659102396422477810e+00 6.674980510892535968e+00 6.759742971097275621e+00 7.217760108952600895e+00 7.273203651926822388e+00 7.593412952564000840e+00 7.795755937850770145e+00 7.935328156292880131e+00 8.030531143647506198e+00 8.745073736790697438e+00 8.795379936588405556e+00 8.977944186554982053e+00 1.419253555077135687e+01 1.441134907750524086e+01 1.459835767414375773e+01 1.463707270871921295e+01 1.479624544683399812e+01 1.527335517822007915e+01 1.533127255918402554e+01 1.534460132525973641e+01 1.543934763417059841e+01 1.554043586804387900e+01 1.559029559068251025e+01 1.561098092032245432e+01 1.563380030223589578e+01 1.566028655711216011e+01 1.579367236117604101e+01 1.601716829969996780e+01 1.644827446615244426e+01 1.666396419384683014e+01
1.437765480007373586e+00 1.447043409746263221e+00 1.457672270449868135e+00 1.512163709636283881e+00 1.586802899973030812e+00 1.618980544595512772e+00 2.010427170838737787e+00 2.028320375716583523e+00 2.069863490391827376e+00 2.304447435214921569e+00 2.358574745351582624e+00 2.465504729885627633e+00 2.639579552532714146e+00 2.664084447726990934e+00 2.765803437617772698e+00 2.830505637335249514e+00 2.867728243447082104e+00 3.060450118920524876e+00 3.921564964966987699e+00 3.973719594764975493e+00 4.010897621285434589e+00 4.119614293494963775e+00 4.187993698946269383e+00 4.247064829050037460e+00 4.404856227235506516e+00 4.632880222958670302e+00 4.667401975185104135e+00 5.143744322532270097e+00 5.382179641558520800e+00 5.395500772270770184e+00 5.504702562616454742e+00 5.527181849705925742e+00 5.670987800915105126e+00 5.784851183096704652e+00 5.787581865776814105e+00 5.865178707009460979e+00 5.988313820407310750e+00 6.049615100743862328e+00 6.128301687519954299e+00 6.206539636492357737e+00 6.229081433919953170e+00 6.290123178829735373e+00 6.659236019911026538e+00 6.666982767981973979e+00 6.767694663370983577e+00 7.302605321557488871e+00 7.412879426699827690e+00 7.494213753512004139e+00 7.683268317749343268e+00 7.924975884097422707e+00 8.055777447087528742e+00 8.798463708166648800e+00 8.814845573617173358e+00 8.922325828732228459e+00 1.418055333554553599e+01 1.446594601082014364e+01 1.457890348645901568e+01 1.463484971751034003e+01 1.473153250331588993e+01 1.531007446749317857e+01 1.539525840695316816e+01 1.540608437948250575e+01 1.541349959562835359e+01 1.553784679466916430e+01 1.555175199871425740e+01 1.558207093284847922e+01 1.564041516899661666e+01 1.565465803499658470e+01 1.576287487785934438e+01 1.599745266755534523e+01 1.651545883514441471e+01 1.662426920991482149e+01
1.442698959652129576e+00 1.442713540196362887e+00 1.455135581396587607e+00 1.511230220975295246e+00 1.605083153134982288e+00 1.605088054945849940e+00 2.029877628980165216e+00 2.037679923395542936e+00 2.037689342922585300e+00 2.331528859270842080e+00 2.331536308686016579e+00 2.466411259755606267e+00 2.651215630643259491e+00 2.651219602569953260e+00 2.767822442246316239e+00 2.847548868334534244e+00 2.847553782166920122e+00 3.065215209670669072e+00 3.946241246729040419e+00 3.946242956981181660e+00 4.008505171976892711e+00 4.118609908029990052e+00 4.218257465085405222e+00 4.218260851690060598e+00 4.401045648848318947e+00 4.652513962895237221e+00 4.652518028455109089e+00 5.141692076971882130e+00 5.376119465989352086e+00 5.460783712449195804e+00 5.460786738669836993e+00 5.505012297486327810e+00 5.730307064558765262e+00 5.730310114304338676e+00 5.777715564122962277e+00 5.937762214354851409e+00 5.937766716965353631e+00 6.084017767667938337e+00 6.084020462353814551e+00 6.212050862242604055e+00 6.212054736974814695e+00 6.289716457562721352e+00 6.661849659079120300e+00 6.661853302430532864e+00 6.770449059690503368e+00 7.395887413930162246e+00 7.395889104161398997e+00 7.552895592641663214e+00 7.552900689937238177e+00 7.921165324721722634e+00 8.064292968964887010e+00 8.821661166135767118e+00 8.860235125363788100e+00 8.860239654300167800e+00 1.417653692746986671e+01 1.452265562728934967e+01 1.452265894484450826e+01 1.467742981832373594e+01 1.467743075255238239e+01 1.535147202432874636e+01 1.535147275322188243e+01 1.545241397941887485e+01 1.547195010633811663e+01 1.547195408814314099e+01 1.556562730857318222e+01 1.556563054014686465e+01 1.563082109954668475e+01 1.565567410615382293e+01 1.574806560501633612e+01 1.599294210697710383e+01 1.657447306436473156e+01 1.657447664952152522e+01
1.535528449531222250e+00 1.551346225794792311e+00 1.576656995196280109e+00 1.738802921661350975e+00 1.766888932319675032e+00 1.786330018241546469e+00 1.926880688371545469e+00 1.948360994014639136e+00 2.001236484310111141e+00 2.438165680799210033e+00 2.454781208096251888e+00 2.460641943574987778e+00 2.649598453944618015e+00 2.670779681919929871e+00 2.675025241532832609e+00 2.804383210922023473e+00 2.810048361543087569e+00 2.821622901889662138e+00 4.040342124610597274e+00 4.047431742417266776e+00 4.050515030166207175e+00 4.269269913573531916e+00 4.277701651959604945e+00 4.285195080154172054e+00 4.311749986390915446e+00 4.322753666601822253e+00 4.328492052163660730e+00 5.332112575072755156e+00 5.346414462203043172e+00 5.355060730304037619e+00 5.511428452171259096e+00 5.519958365866650674e+00 5.527959654369246856e+00 5.899377699041668421e+00 5.903343170612785684e+00 5.914770868080293731e+00 6.094126398223827401e+00 6.103996598259733730e+00 6.111310096723328478e+00 6.350444080786132872e+00 6.356871245621138478e+00 6.363047246657809630e+00 6.502477991678027536e+00 6.508914401601224142e+00 6.513669249029944375e+00 7.295390424196746437e+00 7.306680855596002111e+00 7.310796310838824752e+00 8.402525082096758524e+00 8.404376007540182769e+00 8.434595529072435482e+00 8.462034923073078474e+00 8.467906237367429867e+00 8.495625652879967404e+00 1.445224216319468979e+01 1.445551369565978028e+01 1.446654163345856325e+01 1.483404220050330125e+01 1.483630164772345239e+01 1.485553820465586838e+01 1.536279037761568134e+01 1.538122064875903838e+01 1.540097982904629426e+01 1.562290593589197840e+01 1.564289960019999981e+01 1.566837485470033897e+01 1.580548377515282965e+01 1.582380787100554542e+01 1.583551898294628124e+01 1.634080583961107180e+01 1.635323596420928638e+01 1.637226247452239036e+01
1.530971047730519397e+00 1.546894972896386999e+00 1.571339002890286496e+00 1.753405032559912202e+00 1.780033482530952726e+00 1.794519133167358449e+00 1.919436354208562845e+00 1.945523934555912104e+00 1.991341748819219326e+00 2.439164318390711017e+00 2.453937509378556481e+00 2.462129667620603701e+00 2.650297214365395337e+00 2.671351251326503196e+00 2.676699129254747511e+00 2.800944155540135316e+00 2.808336041611011691e+00 2.818890429071979842e+00 4.034163414221953126e+00 4.040970962010778322e+00 4.044913396708317954e+00 4.279614814049709892e+00 4.286853569200593128e+00 4.292904697202652109e+00 4.310852554313368223e+00 4.320848865850438258e+00 4.328803370702787312e+00 5.331870948515334163e+00 5.345393538565462954e+00 5.354920873970759665e+00 5.505297895407106346e+00 5.510526291222438644e+00 5.520110223872430666e+00 5.920621382886276152e+00 5.925578916576196953e+00 5.937280554627023754e+00 6.072296156287283253e+00 6.082481618379402377e+00 6.090396240538906270e+00 6.360966827573346194e+00 6.367468666404065836e+00 6.373332155727928772e+00 6.495538970885600172e+00 6.502729557853472286e+00 6.507311102267548719e+00 7.305493392078040493e+00 7.315938764689960294e+00 7.321002365158012282e+00 8.341512367484575918e+00 8.342774730150225082e+00 8.372568029609658069e+00 8.514195958648135942e+00 8.524730074365537646e+00 8.548277361447519596e+00 1.445051415129261585e+01 1.445263615729957962e+01 1.446526532721358471e+01 1.483303399353896879e+01 1.483854136340606189e+01 1.485373424451609559e+01 1.537526624130983599e+01 1.539064884333886596e+01 1.540928488363115001e+01 1.562209611020641908e+01 1.564203782449166802e+01 1.566793105767520977e+01 1.579360025292494818e+01 1.581522558566402559e+01 1.582533234946791012e+01 1.634152168364699165e+01 1.635936337111053618e+01 1.637441983542012736e+01
1.529722071453975873e+00 1.545439372700431191e+00 1.568767358608103457e+00 1.764575999519109928e+00 1.788849313986060618e+00 1.800031466626885512e+00 1.911275940929256567e+00 1.945577399194602375e+00 1.978123876771922474e+00 2.444784287311144944e+00 2.457361985908505631e+00 2.468217445318736658e+00 2.644715068962835147e+00 2.663482076031974621e+00 2.671215757529425527e+00 2.801675359001508880e+00 2.810192330326207522e+00 2.818501052275929730e+00 4.030983839176645489e+00 4.037467099966202788e+00 4.042083365685995133e+00 4.283217376772226359e+00 4.289596026597592981e+00 4.293298038041396758e+00 4.313492426736882379e+00 4.323501590451456877e+00 4.332826528645361996e+00 5.337030046335963895e+00 5.349615757962428830e+00 5.360172385039479792e+00 5.484257714837212028e+00 5.488930066057264412e+00 5.498247594765615531e+00 5.957587362548818710e+00 5.962808091547058709e+00 5.974698393510396777e+00 6.048165885111456141e+00 6.057965076870168275e+00 6.066183806870983020e+00 6.374769569676966618e+00 6.382327189103836673e+00 6.388031463527949150e+00 6.485153569147923847e+00 6.492769497830172654e+00 6.497219614882079775e+00 7.315144298414710811e+00 7.325387932497705812e+00 7.329653683102463013e+00 8.282170220596004384e+00 8.284379861810318602e+00 8.312904923116397171e+00 8.562210091221762909e+00 8.573111876221137351e+00 8.595984590983292151e+00 1.445807185251281446e+01 1.445936975095246346e+01 1.447411079662937716e+01 1.480942644719751300e+01 1.481960903624812431e+01 1.483142845472204563e+01 1.541073691679803837e+01 1.542461648696843923e+01 1.544195160354592922e+01 1.562166350223056099e+01 1.564088766289081001e+01 1.566811645013713772e+01 1.576714817546171332e+01 1.579176176719028568e+01 1.580173358581942011e+01 1.634448784034929147e+01 1.636710716460876114e+01 1.637817381626201296e+01
1.532022646723719461e+00 1.547269995257659847e+00 1.569683965326102770e+00 1.765747566678010916e+00 1.791293789141470194e+00 1.800894951826247370e+00 1.906662997121557179e+00 1.950148698788201740e+00 1.965519951975328583e+00 2.453615844845159266e+00 2.463447484285165689e+00 2.477634749756167931e+00 2.634195152746407143e+00 2.650628700794233072e+00 2.660437498454593097e+00 2.805760027916010202e+00 2.814451420721338692e+00 2.820581377962363856e+00 4.031595047246081975e+00 4.037926611578380509e+00 4.042893624531195051e+00 4.279261677840569433e+00 4.284618502489537128e+00 4.289557427587261884e+00 4.317828668074153775e+00 4.328878870504224707e+00 4.338010078598942165e+00 5.347459503059885932e+00 5.359152512585270145e+00 5.370768837369991999e+00 5.456599005185567286e+00 5.463168035807580480e+00 5.470376093379683446e+00 5.996307150194879476e+00 6.001566018662085611e+00 6.013198495560211576e+00 6.030520355429414003e+00 6.037662924397025677e+00 6.044059904320018717e+00 6.388022944660436409e+00 6.396651467218039677e+00 6.403621405774615916e+00 6.473778848128437957e+00 6.481420268934313889e+00 6.485713434822162782e+00 7.320815054478464923e+00 7.331239338613843692e+00 7.333631891796861701e+00 8.236065329852236161e+00 8.239713022390803943e+00 8.266151286927181374e+00 8.597980139924917609e+00 8.608512373893876912e+00 8.631282400653688569e+00 1.447309376516180635e+01 1.447538885706163825e+01 1.449187837608640983e+01 1.477268866234215317e+01 1.478604639194930037e+01 1.479748326132830449e+01 1.545867003629520298e+01 1.547354255375082310e+01 1.548959240668537340e+01 1.562160280940309143e+01 1.563971151009018357e+01 1.566955730199673447e+01 1.573119964072097154e+01 1.575739330908931102e+01 1.576859338624316464e+01 1.634815708135159795e+01 1.637370536977408975e+01 1.638202501669590205e+01
1.537016899614912502e+00 1.551764740394113495e+00 1.574146481175140888e+00 1.755000873292096752e+00 1.783032207537372127e+00 1.800273701182645070e+00 1.907756743733567850e+00 1.951293194642174766e+00 1.965054753601410464e+00 2.462997707452797780e+00 2.469496609515934082e+00 2.487757879028469787e+00 2.621690872586210475e+00 2.638561767865917229e+00 2.648490404611850924e+00 2.811129255697862206e+00 2.818730455348854580e+00 2.824445181187270393e+00 4.035713441690127468e+00 4.042211031347587635e+00 4.047193614200812917e+00 4.271230323098886394e+00 4.275823802836410614e+00 4.282525203894173238e+00 4.321445089892847591e+00 4.333020644615306338e+00 4.341504422910812622e+00 5.362434862889922549e+00 5.373255196717914295e+00 5.385863068912316365e+00 5.430289029104550025e+00 5.438886382421135757e+00 5.443316285391508913e+00 5.990063994171117123e+00 6.000178722980828994e+00 6.008316376888349630e+00 6.053990358116546844e+00 6.058282907981241472e+00 6.065075223000447657e+00 6.394601648016387863e+00 6.403967369205024518e+00 6.413674773371282889e+00 6.466836640428765826e+00 6.474147185830783080e+00 6.478101791730201064e+00 7.320364532858927298e+00 7.328717667284236903e+00 7.332801644775488903e+00 8.210344626454016748e+00 8.215862597215238594e+00 8.239547865169004837e+00 8.618492484446443669e+00 8.628242080886579402e+00 8.651188255993076837e+00 1.449213669351051870e+01 1.449737111571054982e+01 1.451485537114216839e+01 1.473376967062004717e+01 1.474899335719246096e+01 1.476235247887377078e+01 1.550472844219446067e+01 1.552128776594595649e+01 1.553854769545670678e+01 1.562121810514138431e+01 1.564168737507370821e+01 1.567430414237104763e+01 1.569545266195267885e+01 1.571859863216870856e+01 1.573245388410179757e+01 1.635081488392821569e+01 1.637685945964124556e+01 1.638483419791003470e+01
1.542928290267822300e+00 1.557745350828398712e+00 1.581050938108675918e+00 1.738440366155299843e+00 1.767739988956332109e+00 1.795775731550018239e+00 1.912952724098097468e+00 1.948656289258843044e+00 1.976776631187676658e+00 2.468463588716647727e+00 2.473583811158962309e+00 2.494247173267051476e+00 2.612519113434039753e+00 2.631905953410199839e+00 2.640130628341343044e+00 2.815915850710170698e+00 2.821645798571249308e+00 2.828470424404026851e+00 4.042141443131569645e+00 4.049029301131087166e+00 4.053731172229112723e+00 4.261686793842351051e+00 4.265726535361101135e+00 4.274087431244504742e+00 4.323014061151567056e+00 4.334829443967145757e+00 4.342476286568079047e+00 5.377949065182611399e+00 5.387887324356562146e+00 5.399080721977592034e+00 5.414601098056823325e+00 5.422653780864535200e+00 5.424012916297101583e+00 5.968857958445550338e+00 5.977775978124190814e+00 5.986310934621665858e+00 6.086757116179963845e+00 6.092249993650939111e+00 6.097212336983183434e+00 6.388972940547143153e+00 6.399028109027377731e+00 6.409143455733873118e+00 6.471269939862353660e+00 6.476957208588394188e+00 6.480920907600285830e+00 7.313866023338893463e+00 7.319174234165579662e+00 7.326330757783456882e+00 8.208859194862792918e+00 8.216334661511490722e+00 8.237342396441592385e+00 8.622108265183401343e+00 8.630758369887756132e+00 8.654148535592787184e+00 1.450805732435779127e+01 1.451747259175810356e+01 1.453405349402379798e+01 1.470600321205211358e+01 1.472129072466350408e+01 1.473813375556683880e+01 1.552713447958323911e+01 1.553839467693030763e+01 1.556451297509631004e+01 1.562336298081136654e+01 1.565584272793931930e+01 1.567309392807880108e+01 1.568902890996952060e+01 1.569347803876715552e+01 1.570763075186773783e+01 1.635141040175333416e+01 1.637569709624893832e+01 1.638563615209950797e+01
