-1.740688002445006932e-01 -6.907288532595243224e-02 -6.758146558187166919e-02 -1.486259075309969216e-02 1.135739425355166733e-02 2.390455520850561302e-02 4.573934861800858509e-01 4.575766834152581453e-01 5.159942362217044831e-01 5.600550795323138153e-01 5.605403610219317212e-01 5.829413799035574328e-01 6.713616354503441075e-01 6.716231094974907112e-01 6.735288636171270493e-01 6.738051384469841976e-01 6.934897611276212848e-01 7.303756940416928911e-01 9.293945145297102250e-01 9.630596632026882098e-01 9.641095500958499764e-01 1.328184395540738416e+00 1.346022324597532460e+00 1.346428958208747861e+00 1.352104131403681686e+00 1.352712664066013426e+00 1.362470234471540698e+00 1.606938210665480815e+00 1.607600752485392803e+00 1.777102911217709913e+00 1.828631258880336397e+00 1.828717002085051391e+00 2.347031710266534787e+00 2.448872558869717775e+00 2.449605545897471259e+00 3.192322168915284308e+00 3.944787545726689881e+00 3.945876090543494197e+00 4.085935438525911678e+00 4.224653047689745478e+00 4.225487001364940376e+00 4.861010094617996380e+00
-2.337816882434450572e-01 -1.745432292843454858e-01 -9.694883975288046130e-02 -3.997849736727113884e-02 1.273971936911681702e-01 2.157617445601738571e-01 4.572040242871002191e-01 4.619029469760845275e-01 5.190381327083126717e-01 5.478633363786177268e-01 5.690886898057914145e-01 5.865763672905229820e-01 6.577957853127642807e-01 6.679124762081171118e-01 6.803011945330468269e-01 6.875142373171393428e-01 7.051666632047419725e-01 7.322240185699941950e-01 9.193157758162654458e-01 9.604235386341031244e-01 9.774590872840906997e-01 1.319559622763046614e+00 1.333559821028157399e+00 1.341124438936485586e+00 1.355816260321041744e+00 1.363594630360407844e+00 1.365575910771541945e+00 1.601933024778764869e+00 1.614015506458699623e+00 1.775551559321618234e+00 1.819872065267673866e+00 1.829481706436975053e+00 2.333322645724301481e+00 2.448900260130296047e+00 2.474734072396910900e+00 3.190742544783366164e+00 3.942152115139012647e+00 3.956849516975457171e+00 4.083598668629141670e+00 4.220654708213221085e+00 4.235282599797974612e+00 4.852832344041876134e+00
-3.141042109525157833e-01 -1.844562453042284944e-01 -1.255294694804443278e-01 3.011460534237101958e-02 2.121728771804777258e-01 3.039665990968186127e-01 4.565190799365980712e-01 4.724134296756124507e-01 5.245119685035789514e-01 5.374429585130777731e-01 5.737566323251204192e-01 5.949885406604191740e-01 6.520646443272468673e-01 6.707392123559520192e-01 6.872961031812386823e-01 7.013617102476149556e-01 7.272530167183007821e-01 7.407620166898446490e-01 9.005183377441221548e-01 9.630732097958014659e-01 9.956879206410882421e-01 1.299614567136535559e+00 1.316516748874196452e+00 1.331656355305397055e+00 1.361637755163711772e+00 1.368124352325525983e+00 1.376019716917224134e+00 1.597029252272753830e+00 1.622614686341006918e+00 1.767328474974055208e+00 1.804883924644012705e+00 1.829545762319982449e+00 2.308595566579966452e+00 2.449592592083633669e+00 2.528937036322341569e+00 3.185780132647404006e+00 3.935950329034555217e+00 3.985094975909163395e+00 4.078142843371431958e+00 4.222752096270594890e+00 4.250527300426862887e+00 4.828844828427602209e+00
-3.611630232175366828e-01 -1.898415419659375825e-01 -1.202003968551003943e-01 7.643558682686209249e-02 2.824836333596721927e-01 3.677578336118443314e-01 4.547594124435347940e-01 4.878587033885017910e-01 5.252213134169960718e-01 5.367181978280158861e-01 5.794526269710971178e-01 6.064660452181704908e-01 6.540648121080747668e-01 6.800140526245529449e-01 6.958855418477749577e-01 7.162124758400052471e-01 7.390142871232333599e-01 7.650465373390054058e-01 8.810259432341994712e-01 9.687937734764898723e-01 1.013527263770358955e+00 1.275219723398898664e+00 1.295996674192777753e+00 1.320001796515511527e+00 1.361752915216537518e+00 1.374728359856434601e+00 1.384696033939306181e+00 1.591989837670113372e+00 1.631646684210812159e+00 1.749670083663885434e+00 1.797540447130219876e+00 1.830427945156133385e+00 2.283309570695865265e+00 2.450761471743239106e+00 2.593109333276427897e+00 3.176865782426851137e+00 3.926013281588718762e+00 4.018551836986755887e+00 4.076747720705844458e+00 4.231966295694618019e+00 4.271092465150782225e+00 4.790709144546704934e+00
-3.806832230067956346e-01 -1.938933590856182498e-01 -4.974706245641442176e-02 1.307962084894678523e-01 3.416561148829938555e-01 4.100982360594832010e-01 4.609358838402240477e-01 5.014386375948335361e-01 5.311774946198088987e-01 5.436113700158793360e-01 5.917310220290337153e-01 6.210411743280618291e-01 6.606199661508292964e-01 6.907161668737465954e-01 7.063119960802262121e-01 7.294562844790559719e-01 7.497376332317520209e-01 7.918393541968907767e-01 8.633115147717678184e-01 9.773421890218847441e-01 1.029516508647588369e+00 1.249387961700151539e+00 1.273437483695066819e+00 1.306015450357369323e+00 1.354147213507385317e+00 1.383804525177859457e+00 1.391922847133481911e+00 1.586724596466325021e+00 1.637094533207369196e+00 1.736924308849460363e+00 1.796317810202154197e+00 1.832845730006330776e+00 2.258404429774764743e+00 2.452334297592908108e+00 2.658438303628683386e+00 3.163340269101791780e+00 3.912777416915882878e+00 4.030092393584519428e+00 4.096360626738245969e+00 4.247975918085699298e+00 4.300837757916666781e+00 4.741269832452204014e+00
-3.801958547006277778e-01 -1.778387994339180600e-01 1.188985475365244848e-01 2.018468500482009376e-01 3.909517325384517239e-01 4.304581056789067994e-01 4.793411873214812879e-01 5.094994891209604360e-01 5.502852648242606559e-01 5.562175714540009697e-01 6.130264844783205325e-01 6.380673248164875355e-01 6.700557481151407924e-01 7.017259090617041783e-01 7.167157666889930612e-01 7.388699903746737130e-01 7.641332070437923951e-01 8.137657792168681015e-01 8.491197197213082859e-01 9.882788718566548614e-01 1.042839464342874445e+00 1.224628416756448512e+00 1.250801048829286888e+00 1.290335968134983080e+00 1.340376100635577883e+00 1.389335906930997400e+00 1.401959382990097147e+00 1.581260375792707507e+00 1.636021974887153396e+00 1.739204602519776044e+00 1.799005878007880366e+00 1.836869366897081912e+00 2.233949445236240283e+00 2.454154968434079098e+00 2.719856127394209011e+00 3.144777243837703296e+00 3.896883594968644893e+00 4.022922602036124395e+00 4.122280715952200580e+00 4.266503768459775081e+00 4.347491135658077432e+00 4.684629132810326446e+00
-3.729247191766367764e-01 -1.040527013780809251e-01 1.810911713879743701e-01 2.820566670571320045e-01 4.294267565675323195e-01 4.480578419944049595e-01 4.949410304509166969e-01 5.232482098828380446e-01 5.641277451060905390e-01 5.826029281497894230e-01 6.372912498973042350e-01 6.565771194994654003e-01 6.826085823264910202e-01 7.148377655042869039e-01 7.259469464403129901e-01 7.452713871974872006e-01 7.819146447200272521e-01 8.267963109470564120e-01 8.417333629738544820e-01 9.999539071524810030e-01 1.052376995232130907e+00 1.203863736734159584e+00 1.230032915537051075e+00 1.274026493765403556e+00 1.321493097408728890e+00 1.390834816590752032e+00 1.414811819651413893e+00 1.575684615448298187e+00 1.632044810171004112e+00 1.749570987841502667e+00 1.810115513184075819e+00 1.842173507605430194e+00 2.210339348906661616e+00 2.456022611059980321e+00 2.774191147186700235e+00 3.121334073412707077e+00 3.879175825458448745e+00 4.012361747811081791e+00 4.135116939301210159e+00 4.282879751116155376e+00 4.411229175072045372e+00 4.626110301719796425e+00
-3.706927022657168225e-01 1.648183520198895358e-01 2.305427473059962484e-01 3.615950136059368214e-01 4.547738605959866232e-01 4.703191282543977003e-01 5.102627928752688780e-01 5.415715519856040272e-01 5.791539661626795565e-01 6.122696419753216324e-01 6.545305681980908563e-01 6.741053704660731061e-01 6.980974151754900658e-01 7.285908344201293962e-01 7.353071888195621408e-01 7.523578408057727263e-01 8.026005870617780591e-01 8.291814503782489743e-01 8.452868853162921470e-01 1.009297357459198130e+00 1.056210047389120943e+00 1.190100393284958313e+00 1.212873580509697957e+00 1.258164059225149289e+00 1.298979902548685672e+00 1.390394550395210205e+00 1.428104003037855341e+00 1.570249996914870438e+00 1.629381440547066129e+00 1.755638292976700043e+00 1.835513070002277924e+00 1.849017405801274716e+00 2.188097931143452968e+00 2.457749171457724646e+00 2.819270236086623971e+00 3.094149057660923408e+00 3.860725972470222089e+00 4.002434877500147259e+00 4.133164148573338359e+00 4.296851626197241814e+00 4.481670254862319069e+00 4.572003437542515591e+00
-3.746648309287130552e-01 2.659339011881857728e-01 2.811273557255679623e-01 4.314594289929283843e-01 4.711247755312224506e-01 4.894520104040402386e-01 5.286225065611197538e-01 5.613713216567594033e-01 6.015234206944668482e-01 6.393035970342715313e-01 6.652074347973037094e-01 6.876150655298965964e-01 7.103365357043782691e-01 7.354756382823796068e-01 7.444860622657464289e-01 7.685754847391064182e-01 8.242019595908003371e-01 8.364290741977575827e-01 8.514633096257481215e-01 1.013109843744365079e+00 1.052098897947805645e+00 1.184762651701987579e+00 1.200744327165039538e+00 1.243251981046958443e+00 1.275001356780114614e+00 1.388969201104960360e+00 1.440714104842258259e+00 1.565232621537860913e+00 1.629028389753107042e+00 1.755347276248996113e+00 1.854219295039565063e+00 1.875533990824287178e+00 2.167750660419816455e+00 2.459201477930270219e+00 2.853284954872166157e+00 3.065805240170081714e+00 3.842819205839308694e+00 3.994419509847258354e+00 4.118252804112077392e+00 4.309573265010686605e+00 4.521163986300935633e+00 4.555068533878690928e+00
-3.811613234552481688e-01 3.022790543293074061e-01 3.577475246419683508e-01 4.744851056019615543e-01 4.916035126626255858e-01 5.016106645262248254e-01 5.472426041958461385e-01 5.816733477107863814e-01 6.289048687049570985e-01 6.609598481871838960e-01 6.743744246803793363e-01 6.955752486037465321e-01 7.141745612459987624e-01 7.336524879146596456e-01 7.547182497295651382e-01 7.922038018370105572e-01 8.413139785689776051e-01 8.554201947856145960e-01 8.635947668964553126e-01 1.009857090836222548e+00 1.039227780875330964e+00 1.185148758921917844e+00 1.194072632285966273e+00 1.228876447577045505e+00 1.253319466357823764e+00 1.387223226326825154e+00 1.451880903995717675e+00 1.560764932330721555e+00 1.630529306652519717e+00 1.751615813558446533e+00 1.862329282056179425e+00 1.917657769427923098e+00 2.149914342392841959e+00 2.460315569684740744e+00 2.874523546477348646e+00 3.040606369109495777e+00 3.826866954303763890e+00 3.988845544580374991e+00 4.094427847081337113e+00 4.321569124306704701e+00 4.489227612138933843e+00 4.611328586311954858e+00
-3.872842763399928501e-01 3.273362162743586046e-01 4.149992956414584322e-01 4.837678254198992667e-01 4.980640996311517799e-01 5.339607692317556165e-01 5.640454095483403707e-01 6.012634031830533798e-01 6.490302693382660193e-01 6.767575903532015991e-01 6.836062902066845082e-01 6.988320861281007712e-01 7.120523287235387411e-01 7.253307939889547251e-01 7.634764611462747652e-01 8.187805205428361210e-01 8.514233960230935816e-01 8.792761030832714209e-01 8.902620947167290133e-01 9.993814322338056000e-01 1.019189963185187953e+00 1.182675001650704383e+00 1.192205160960087440e+00 1.217708657630501401e+00 1.238121349348201949e+00 1.385670939639846111e+00 1.460888404998361478e+00 1.556976306831874046e+00 1.633030147728354420e+00 1.746645902031993991e+00 1.869886804483780862e+00 1.956732885462560301e+00 2.135489665752497324e+00 2.461084759737924177e+00 2.882606473063950236e+00 3.023289580346024685e+00 3.814254413859228698e+00 3.985886610767727767e+00 4.068505397384297950e+00 4.332283485332368400e+00 4.465732796660671688e+00 4.655987716495678441e+00
-3.914488314576128891e-01 3.431285009967853239e-01 4.512922016505047096e-01 4.870944013597655609e-01 4.958529064315255197e-01 5.578650019740405419e-01 5.767278985674626490e-01 6.179702347388199568e-01 6.590270972958209850e-01 6.856880331029420184e-01 6.892748248839547509e-01 6.999861093367641951e-01 7.081559714868379540e-01 7.150503850485484536e-01 7.685141550786396270e-01 8.409222204800732570e-01 8.552532626162151486e-01 9.100080322060406512e-01 9.210898897660212414e-01 9.806179455862924499e-01 9.962976204745470632e-01 1.172820967231806177e+00 1.192490407721954693e+00 1.216584870431503429e+00 1.228635107068816401e+00 1.384642087293963764e+00 1.466897797077506782e+00 1.554260760038344014e+00 1.635385124629161746e+00 1.742412690386296870e+00 1.875562702099301093e+00 1.984720739551163016e+00 2.125782856355758366e+00 2.461531204800577743e+00 2.881846683924364605e+00 3.015074710191146146e+00 3.806156732090652639e+00 3.985216428994951432e+00 4.048253012949647456e+00 4.340156587643427599e+00 4.451662596845593178e+00 4.683960601610348107e+00
-3.929093023616118674e-01 3.485840416732886027e-01 4.646839266157401505e-01 4.878725377509997574e-01 4.937084910303375929e-01 5.660133368544226773e-01 5.814846881450294047e-01 6.254536816670533961e-01 6.625305141054610436e-01 6.866615727863680796e-01 6.920204831299936465e-01 6.994011650047078366e-01 7.061953583388590472e-01 7.108381262764529307e-01 7.701053012157879074e-01 8.514829137085925259e-01 8.539925392420627537e-01 9.284049878295190794e-01 9.509911741275451913e-01 9.544703979370326996e-01 9.827767559361414440e-01 1.167308751066717498e+00 1.192732990004047311e+00 1.219705034848737935e+00 1.223421342029493930e+00 1.384287003049451625e+00 1.469037187601884842e+00 1.553243825371729780e+00 1.636363056028506513e+00 1.740734612065063525e+00 1.877700618499385632e+00 1.994974628678293227e+00 2.122292968333769014e+00 2.461677278216060305e+00 2.880252693088710902e+00 3.012979203193608235e+00 3.803364457897666195e+00 3.985418663554833874e+00 4.040442174893550842e+00 4.343136898544465829e+00 4.446891241964028296e+00 4.693468962034397229e+00
-3.848910709765485660e-01 3.264683544144459937e-01 4.550043362819560233e-01 4.750256410083849579e-01 4.861710176934599947e-01 5.622725719853558513e-01 5.798339446955056431e-01 6.235220926701345867e-01 6.621980907851775511e-01 6.775219861956386369e-01 6.952328388407933435e-01 6.987423838188607794e-01 7.106760649492136483e-01 7.176806671951744265e-01 7.723044289047715782e-01 8.469747049346580958e-01 8.566256370985481094e-01 9.172817678907732031e-01 9.360127585960463792e-01 9.683314327996055404e-01 9.894902472401635452e-01 1.165331507302440173e+00 1.186444927649251690e+00 1.219173257640017605e+00 1.237815467301764061e+00 1.383910601684342323e+00 1.464852006483800873e+00 1.555660736545816825e+00 1.636451361165939700e+00 1.733456107595085394e+00 1.889714975747308179e+00 1.991348191754321872e+00 2.122887623699051929e+00 2.469305547033104453e+00 2.878286277141883787e+00 3.013165381657348707e+00 3.813112966045852037e+00 3.983728764380622955e+00 4.046950793366931087e+00 4.345791377997644034e+00 4.440168100147277030e+00 4.687470611840444334e+00
-3.608586501915617140e-01 2.375802904184591002e-01 4.137845645466183830e-01 4.567169718988498550e-01 4.779282418589981818e-01 5.499326551035988997e-01 5.710026948958407678e-01 6.118105912052200779e-01 6.559153212000292665e-01 6.714295174115280096e-01 6.932589657758086998e-01 6.987629576031919587e-01 7.231638559080867390e-01 7.338717325530763613e-01 7.802237227048612889e-01 8.418415696968554185e-01 8.597844611112218649e-01 8.964795989503742124e-01 9.228369795531528030e-01 9.769817011302268650e-01 1.000044656079624783e+00 1.156396404099817588e+00 1.184360430384828744e+00 1.222305772458284645e+00 1.260586637575805025e+00 1.382229176979098861e+00 1.456269599916635960e+00 1.560862581828862838e+00 1.637211150394204839e+00 1.720107817721876486e+00 1.912768393941854717e+00 1.981902524444860481e+00 2.125241175534687166e+00 2.490384622264858017e+00 2.871995578453570008e+00 3.014412344931736154e+00 3.840547082329637707e+00 3.981986946154615570e+00 4.062372353378003176e+00 4.351528783375505860e+00 4.423026239207164423e+00 4.669991426043038629e+00
-3.234919983981985880e-01 -1.493587595754677644e-01 3.620954114470334440e-01 4.346089832861191327e-01 4.744262980781946415e-01 5.243809380531648801e-01 5.584660705584583162e-01 5.977796065317645402e-01 6.386955594885914689e-01 6.811688267603107638e-01 6.899776861922289894e-01 7.034095681019900681e-01 7.294330398041527497e-01 7.513494160534865962e-01 7.939033913915701790e-01 8.416910480204863321e-01 8.635082375786331532e-01 8.782256735754296884e-01 9.100971159867746740e-01 9.827305685257842205e-01 1.005116160295617567e+00 1.147333990120518399e+00 1.182800229568401473e+00 1.229890621510477011e+00 1.282918938992589908e+00 1.378096578815926510e+00 1.449850551175011271e+00 1.566233051963623613e+00 1.639235289660046835e+00 1.709884108430150151e+00 1.927246112258659716e+00 1.971224955716324390e+00 2.129885173485533745e+00 2.520496733931554267e+00 2.860905261362259644e+00 3.018016090064662205e+00 3.879792634732957435e+00 3.985001290174231769e+00 4.080249117218498256e+00 4.348065689437676795e+00 4.410181397387860969e+00 4.642708288269672856e+00
-3.472907820803059487e-01 -2.281702885874146991e-01 3.010223622458216286e-01 4.179500975445699651e-01 4.712853980837160006e-01 5.008829558519749536e-01 5.409561330122073519e-01 5.925353154989380089e-01 6.261516685217961564e-01 6.846352322894021514e-01 6.893457556736246605e-01 7.120618969054264280e-01 7.323538574805148471e-01 7.618256130680989280e-01 8.055757240300990274e-01 8.493808054388470863e-01 8.629141879640108703e-01 8.697037416654049835e-01 8.999908208201611304e-01 9.863256344407086429e-01 1.005182516481047728e+00 1.141269465021821583e+00 1.177931974187415243e+00 1.239709121862941466e+00 1.302001208264196297e+00 1.371622117402595542e+00 1.448181399829587601e+00 1.571365273796892392e+00 1.642077052246354141e+00 1.705015401492620430e+00 1.924206592216693101e+00 1.963545878828155455e+00 2.134907050571065668e+00 2.554539245437386974e+00 2.845777998306123102e+00 3.024426490549778634e+00 3.919750726377436489e+00 3.996973784283641695e+00 4.095251906094901528e+00 4.321624913913276522e+00 4.419970584429154137e+00 4.608789338852259831e+00
-4.105894528410079514e-01 -1.232146761097706322e-01 2.349794388062824146e-01 4.131604208044975524e-01 4.652706323735308347e-01 4.925087158313543045e-01 5.252700887981385236e-01 5.895053956851067367e-01 6.190534233887408089e-01 6.830395060650992223e-01 6.905650598814691010e-01 7.198917661571918591e-01 7.348940346340303575e-01 7.662420524252800957e-01 8.101939048031202573e-01 8.523482283588453834e-01 8.650906354144225485e-01 8.701997251945184919e-01 8.981591458330016042e-01 9.868277111896848197e-01 1.003208578258220296e+00 1.136390851192681462e+00 1.172558639948623194e+00 1.248102955573603623e+00 1.314898679684570304e+00 1.365917404904573917e+00 1.449347992572376009e+00 1.577162665121020657e+00 1.644553533024662340e+00 1.704718658166272105e+00 1.910853852441305456e+00 1.955158249187653574e+00 2.135616176413109191e+00 2.587999947723959693e+00 2.829163616454911434e+00 3.032641222203953824e+00 3.948195541591866142e+00 4.018117501578034378e+00 4.101779833893202998e+00 4.291161968241428148e+00 4.441831835635633219e+00 4.573258470208775073e+00
-4.184448542683166239e-01 9.000298751157613519e-02 2.271465928097304576e-01 4.186512326881972612e-01 4.593167370843885822e-01 4.948816564649451966e-01 5.168667636218149397e-01 5.843208775129057342e-01 6.193071830277812051e-01 6.800066608850537930e-01 6.905006101610645652e-01 7.219632420531613137e-01 7.404355781950223703e-01 7.686139408246627225e-01 8.108267169229351756e-01 8.495890668093631914e-01 8.595148398650374055e-01 8.802527018028156736e-01 9.073902382101519670e-01 9.829105728958117405e-01 1.001345601761518767e+00 1.130579129388116000e+00 1.169624813114309658e+00 1.252606344840160979e+00 1.317552055316138837e+00 1.366403175873276199e+00 1.450220671134142547e+00 1.584353265042260483e+00 1.645622563979058928e+00 1.707243371466857784e+00 1.893458419718782038e+00 1.946191690570640009e+00 2.127720512248532536e+00 2.617157784236818330e+00 2.814968971192761238e+00 3.040655227381710901e+00 3.965941364930257063e+00 4.031883525695556969e+00 4.095185719151531067e+00 4.277141253642250618e+00 4.466129430901533581e+00 4.543043208530455068e+00
-3.767232256420566805e-01 5.496993029661339375e-02 3.041164123209082470e-01 4.265630219189151529e-01 4.579661507969385315e-01 4.972543885390069973e-01 5.220755320047585357e-01 5.784422018236892171e-01 6.249162717046136128e-01 6.737257585630777035e-01 6.897596995950252552e-01 7.214323284377399670e-01 7.474737329325851221e-01 7.726269706601884835e-01 8.087131583430814397e-01 8.468910857735237885e-01 8.512675327224125121e-01 8.875094355284943726e-01 9.231023325436318316e-01 9.745988145761567134e-01 9.997781116236841292e-01 1.123564100868992499e+00 1.169820640709822834e+00 1.251654537503337661e+00 1.311321839561000901e+00 1.373469391942498730e+00 1.448710640934813609e+00 1.592208186886918675e+00 1.644915385286215281e+00 1.711052269481021737e+00 1.871289787574602181e+00 1.942643567507237101e+00 2.110540966152580022e+00 2.638805897524082233e+00 2.807544634733904587e+00 3.046139234776271909e+00 3.977750899975605936e+00 4.020534222511153111e+00 4.083176534752566589e+00 4.281864165183960402e+00 4.487003410383052504e+00 4.526666842805092905e+00
-4.311880906561621485e-01 1.512087351352755238e-01 2.811455326950211275e-01 4.036990239870137942e-01 4.664989403128326773e-01 4.936489679151145893e-01 5.324854742949385322e-01 5.759512121095332615e-01 6.142221403043742756e-01 6.740278130770992471e-01 6.854097551789498644e-01 7.232534448739762478e-01 7.504139332729701239e-01 7.605171030323734094e-01 8.013729098639362780e-01 8.424870601972466178e-01 8.563735291822900386e-01 8.765502832411906642e-01 9.119164138085973370e-01 9.805282763811435931e-01 1.006113731660279953e+00 1.126716259682244203e+00 1.175013013591995836e+00 1.259310472349936649e+00 1.320194390744818813e+00 1.370910785180167846e+00 1.445503492643310794e+00 1.592120930770478449e+00 1.645533681356388556e+00 1.718753275166217565e+00 1.852811548816076348e+00 1.942009166491664995e+00 2.123939057440364486e+00 2.643346876536667001e+00 2.796012983367066607e+00 3.056079330706069186e+00 3.973173720398152309e+00 4.048635889588692471e+00 4.091090439044104521e+00 4.272407553596785590e+00 4.453820091762684896e+00 4.539845857586901623e+00
-4.682870539446812863e-01 1.737571845990514563e-01 2.642265186039909897e-01 3.801118228169091950e-01 4.787507709105124909e-01 4.909060351703152802e-01 5.458270432653953286e-01 5.693521491498304554e-01 6.053161676977358852e-01 6.718451485518329713e-01 6.815665716964335319e-01 7.236233473573834285e-01 7.413215422473791172e-01 7.543138120683832160e-01 7.904686132519526121e-01 8.363371409529753997e-01 8.554518024182081737e-01 8.649548902673184214e-01 9.022830997740910464e-01 9.789090422488678778e-01 1.019360757993766686e+00 1.129802152288156281e+00 1.184833570844116446e+00 1.267323798862848072e+00 1.325985788357010975e+00 1.369839369717937405e+00 1.441930449681012583e+00 1.590402263608929445e+00 1.645787007992673301e+00 1.728103996990067337e+00 1.832483330674050226e+00 1.944740881518288722e+00 2.138536200981616009e+00 2.638461671770266470e+00 2.785459430209545229e+00 3.067336068498145885e+00 3.966377600129721515e+00 4.055631971425963656e+00 4.109501418490497215e+00 4.273699844308994855e+00 4.425799797087087484e+00 4.547060533383546321e+00
-4.901329196277282585e-01 1.390670792356244745e-01 2.523690830283238373e-01 3.667486413875868934e-01 4.836096313377885036e-01 4.934183412489607790e-01 5.551584588657105801e-01 5.604392102627688832e-01 5.990310125197655378e-01 6.626682003844290847e-01 6.804393857146571190e-01 7.136122553779662425e-01 7.294279111882364663e-01 7.522491980778220899e-01 7.795520189050842985e-01 8.284813121601461994e-01 8.380177620237482250e-01 8.612782715196809491e-01 8.964380141062762153e-01 9.766586566562883709e-01 1.031056493417749964e+00 1.133694546009408111e+00 1.198538836060483614e+00 1.275514631833864154e+00 1.328684744379165172e+00 1.370516974793180465e+00 1.437939659225101252e+00 1.587911960755110874e+00 1.645296348628114247e+00 1.737851261912812806e+00 1.811941477280654800e+00 1.949995810723789580e+00 2.153371410209612424e+00 2.626017947528923369e+00 2.774758385958643547e+00 3.079657551284960437e+00 3.958179337594183167e+00 4.049954752362800114e+00 4.131116209392494909e+00 4.276539879063155247e+00 4.414402843770200313e+00 4.544819121521785021e+00
-4.993435803386861993e-01 -2.727603228192227239e-02 2.268440929336348888e-01 3.673277532559070524e-01 4.754272419470692013e-01 5.011878198619100777e-01 5.411851660814028797e-01 5.615895275697377897e-01 5.976897298408452297e-01 6.443467932620235983e-01 6.783335452708637581e-01 6.935815550558859233e-01 7.245554900941579834e-01 7.466024463109530718e-01 7.729698610068131970e-01 8.104181622655427519e-01 8.249729331835250479e-01 8.572507297593682241e-01 8.922914309017655476e-01 9.752113256753529580e-01 1.038130881067622191e+00 1.140004624556537172e+00 1.214634719240590410e+00 1.283775796841861272e+00 1.329301937154677038e+00 1.372261922024943459e+00 1.433583103605860831e+00 1.585190123659454109e+00 1.643925043700142252e+00 1.747190998441862320e+00 1.792490064084893975e+00 1.956196015075274630e+00 2.168221040763516072e+00 2.608309252652219801e+00 2.762457017644789570e+00 3.092813133331705266e+00 3.950199046091263266e+00 4.041912938777080910e+00 4.147570475066118867e+00 4.270029552243827631e+00 4.428326348309742144e+00 4.532475642553261963e+00
-4.985404001920692441e-01 -1.542665500351848573e-01 1.892117102934951500e-01 3.727732007848548745e-01 4.579921951769219679e-01 5.017590022586472243e-01 5.236210501606977097e-01 5.545081989668546596e-01 5.964927618865455416e-01 6.201184501408418814e-01 6.619806882597796260e-01 6.859273443347813082e-01 7.180282258141233998e-01 7.419158494154444172e-01 7.684414614258187060e-01 7.867818112649794804e-01 8.162109469219067659e-01 8.533610988663288266e-01 8.876665530535062798e-01 9.742737853625946798e-01 1.039997078366017735e+00 1.149705071272909107e+00 1.231629680255678982e+00 1.292072370051110974e+00 1.329179534854778355e+00 1.374071060689501911e+00 1.428933486353826776e+00 1.582536484268720622e+00 1.641726743250014442e+00 1.755767142055205232e+00 1.775283011145401435e+00 1.961218984642077112e+00 2.183432745904846151e+00 2.587382515529324412e+00 2.747258526094956022e+00 3.106585898819095082e+00 3.944371223808160298e+00 4.034502820841970205e+00 4.156759037811389668e+00 4.255327031932260695e+00 4.463487698430448347e+00 4.510636249680845644e+00
-4.901565026847677919e-01 -2.148130398293536802e-01 1.433306618642572750e-01 3.753227231572992539e-01 4.242547996390644283e-01 4.900190950425956649e-01 5.094794006603139414e-01 5.444980774023189252e-01 5.765887948051841017e-01 6.093703575792456251e-01 6.397824517627546115e-01 6.792130668969759144e-01 7.143995397419284910e-01 7.378657587486319169e-01 7.626848304988471661e-01 7.659846003971870765e-01 8.061193816933215350e-01 8.487411160645688124e-01 8.835471071006862909e-01 9.732879537799254965e-01 1.037476726041636210e+00 1.162832697865308518e+00 1.248329859240012496e+00 1.300417671046785628e+00 1.329281496253088779e+00 1.375251702406590226e+00 1.424016446450051987e+00 1.580206290320930629e+00 1.638776221273686273e+00 1.759725410858125727e+00 1.765204399789723322e+00 1.962992135348205380e+00 2.199504864256643710e+00 2.564892908998720689e+00 2.728169787386270695e+00 3.120683469085660189e+00 3.942037006753082995e+00 4.028453887471719064e+00 4.157798203991355912e+00 4.239516247924035142e+00 4.478074645860159464e+00 4.513049726428895347e+00
-4.761738520198818270e-01 -2.543191500804178329e-01 8.196001675693842525e-02 3.638281091241145071e-01 3.772164789091621007e-01 4.712312108047898018e-01 4.966166149683132192e-01 5.340619649827516024e-01 5.514362441274185400e-01 6.043928984243474023e-01 6.177334097353044395e-01 6.685200438127233413e-01 7.120366058780199792e-01 7.323772433495232548e-01 7.471621215127693949e-01 7.593223177985156669e-01 7.940274209088562518e-01 8.399303067603863804e-01 8.826624463051444547e-01 9.719442300149147007e-01 1.031814808587008914e+00 1.179024148517968440e+00 1.263958152088063391e+00 1.308824299022562476e+00 1.330103411520041634e+00 1.375462053901129744e+00 1.418801025624377488e+00 1.578539500825508091e+00 1.635068095307685931e+00 1.750241093441394113e+00 1.772119711285903954e+00 1.960121678017727742e+00 2.216634601789016834e+00 2.542210013516011280e+00 2.704529129810170129e+00 3.134664488704657970e+00 3.943340871513516532e+00 4.024213556529487867e+00 4.149645235152897627e+00 4.227185241791777237e+00 4.441471109924461480e+00 4.566135528862844239e+00
-4.577729561303761630e-01 -2.777661533399963800e-01 -7.569171371895291878e-02 2.975880215745174695e-01 3.600741079719207982e-01 4.473947381525511524e-01 4.857261808522422841e-01 5.195104185722886347e-01 5.356158814125875356e-01 5.937033423527976472e-01 6.009726469853470254e-01 6.562933316615329193e-01 7.046801777282296619e-01 7.260492578228847638e-01 7.366915599620221800e-01 7.524546773367626340e-01 7.809879141116589096e-01 8.254819299017135403e-01 8.855205383346245185e-01 9.702098304652699845e-01 1.024076810818933980e+00 1.197842674645334782e+00 1.278170835790420901e+00 1.317251752372256224e+00 1.331794191546599393e+00 1.374587781972081757e+00 1.413223936487981724e+00 1.577951463877863558e+00 1.630629906482442104e+00 1.744375313239462377e+00 1.779691092400711439e+00 1.952144044438218984e+00 2.234561496923069601e+00 2.520518092025249679e+00 2.676066043363512836e+00 3.147959391632325854e+00 3.947027929859949769e+00 4.022642058844114743e+00 4.131967226028280926e+00 4.219990984669600209e+00 4.400638893414161146e+00 4.621806814255505991e+00
-4.350054847939097136e-01 -2.873200266843993211e-01 -1.303494999605823712e-01 2.202960549254643907e-01 3.366115997369607538e-01 4.182978910950991280e-01 4.778736254706603681e-01 5.046766246449162496e-01 5.277780380738817945e-01 5.764995232640439671e-01 5.914686478339072906e-01 6.430137774208266599e-01 6.935599419135051180e-01 7.200759033688189925e-01 7.289147989531205019e-01 7.421229660934058892e-01 7.687763027260551274e-01 8.065095648468129097e-01 8.907399989117368300e-01 9.681789355888430482e-01 1.015062656883796155e+00 1.218735778096432965e+00 1.290968507204506288e+00 1.325557242036409900e+00 1.334245710952588926e+00 1.372701214279522519e+00 1.407194545572520994e+00 1.578826032197375717e+00 1.625748715604908856e+00 1.742716676826833400e+00 1.787429131115545466e+00 1.939347777061096290e+00 2.252781990669921797e+00 2.500830283427306178e+00 2.642993539237596945e+00 3.159982601541194924e+00 3.950752712258111199e+00 4.024801082664837715e+00 4.106436971450937001e+00 4.217113343865380060e+00 4.359423531422697451e+00 4.676504973730476244e+00
-4.067420671145071664e-01 -2.847455117048338646e-01 -1.624377633373287055e-01 1.429383716217527411e-01 3.054356646152858179e-01 3.839896522685475877e-01 4.716815539697079007e-01 4.953256733085534824e-01 5.241267975869619011e-01 5.601710632547182156e-01 5.827714166412828467e-01 6.288871651197667223e-01 6.832992859249017448e-01 7.121756569122366098e-01 7.195967342066644790e-01 7.303104285930952511e-01 7.577510545190586644e-01 7.843164316390838220e-01 8.973990323674201353e-01 9.659920633209904128e-01 1.005379871019531413e+00 1.240974581730821091e+00 1.302534900363114367e+00 1.333326723299007588e+00 1.337287581244161139e+00 1.370061410548413017e+00 1.400570486348357901e+00 1.581404255791061919e+00 1.620988142596039738e+00 1.744615528421361361e+00 1.795425915704677466e+00 1.922456808415636376e+00 2.270892872443931232e+00 2.483929819892599866e+00 2.606101697981386689e+00 3.170267309544393175e+00 3.952424010423812639e+00 4.029634951817999244e+00 4.077294989620376064e+00 4.216979839247662731e+00 4.321040235860406753e+00 4.727596777246624526e+00
-3.710614261729198171e-01 -2.714374604862953566e-01 -1.770577435360673191e-01 6.322160675909986594e-02 2.693648282661745830e-01 3.442611137331597626e-01 4.660942236002125760e-01 4.908450691879521210e-01 5.241597432864969486e-01 5.452699155037673551e-01 5.753880605925243419e-01 6.150279876045657845e-01 6.753611930397768193e-01 6.994395322830354589e-01 7.084583553391824440e-01 7.212451281685515747e-01 7.469594955864164998e-01 7.603673356356883684e-01 9.050076867774883294e-01 9.638454981126128862e-01 9.955038224940414571e-01 1.263678652760742205e+00 1.313038230382277405e+00 1.338746604378486138e+00 1.341911704627870350e+00 1.367066278325608675e+00 1.393142821474096404e+00 1.585700109014460679e+00 1.616920634488837161e+00 1.749196643345068747e+00 1.803602854834081892e+00 1.902446607622189534e+00 2.288800559735496787e+00 2.470290915483648764e+00 2.566839044874691389e+00 3.178550382967836541e+00 3.951703368868632271e+00 4.023521900939387663e+00 4.060159103084761689e+00 4.218318572809532263e+00 4.287887139249998647e+00 4.772792860166390483e+00
-3.258064437003356240e-01 -2.479123551739500220e-01 -1.729744761317463797e-01 -6.495625178808810130e-02 2.296328818521528314e-01 2.982579691797145882e-01 4.617017190682245475e-01 4.861616144399202866e-01 5.245116236482991745e-01 5.364656759318714441e-01 5.701828652465543712e-01 6.027656567795290909e-01 6.698663388014937103e-01 6.849417697790392001e-01 6.970295556603797182e-01 7.131199758871821226e-01 7.320376907419143819e-01 7.412863999030141482e-01 9.130566584535605434e-01 9.620154901674163872e-01 9.858344934799233572e-01 1.285832664023252025e+00 1.322463028849445443e+00 1.341546835871313403e+00 1.347521513006523453e+00 1.364151432733548885e+00 1.384665846019208280e+00 1.591389133596580185e+00 1.613836752458604584e+00 1.755797095205768432e+00 1.811549310153293124e+00 1.880582866157549882e+00 2.306653901709216026e+00 2.460048041790038997e+00 2.527397065575187618e+00 3.184777997579557596e+00 3.949608746149575023e+00 3.996602452049133003e+00 4.066292476316228921e+00 4.220204310627807764e+00 4.261350435662494718e+00 4.810124556546592878e+00
-2.687818427480169192e-01 -2.142441102634875805e-01 -1.559291855425327389e-01 -7.823759608867941751e-02 1.843716630364989895e-01 2.432639727314213351e-01 4.589526427399750474e-01 4.760724623749678086e-01 5.194689637954680306e-01 5.420356560274666169e-01 5.670978944742950389e-01 5.928840505160415386e-01 6.666360808116540415e-01 6.744930685458422337e-01 6.860979661230943716e-01 7.031333093474522178e-01 7.099249246254689671e-01 7.342762921115184582e-01 9.207861710859402971e-01 9.608853717623384583e-01 9.768018200946391172e-01 1.306153871221737317e+00 1.330638396573811999e+00 1.343660842563007884e+00 1.351452227319282828e+00 1.361705239911902954e+00 1.374988764674111685e+00 1.597659538601678086e+00 1.611618768231451559e+00 1.763997363120995532e+00 1.818509012529482272e+00 1.858704473964865267e+00 2.324327180527718806e+00 2.453065921820953399e+00 2.490922227888791252e+00 3.189046994932120960e+00 3.947300934575622033e+00 3.970066681800284769e+00 4.076157102320483006e+00 4.221996209001279254e+00 4.242068102445371913e+00 4.837987387920517079e+00
-2.004025671480320070e-01 -1.716205982440247579e-01 -1.307210819110907474e-01 -5.224037386481865386e-02 1.256024202765977926e-01 1.705466784745374442e-01 4.576322233754406277e-01 4.634967992542229909e-01 5.167046598643063593e-01 5.519100268117570485e-01 5.647542559518553551e-01 5.858202448604199475e-01 6.660956685850004666e-01 6.712539720261682108e-01 6.775695862421089455e-01 6.866989729000740894e-01 6.973756422963829360e-01 7.312410473672689148e-01 9.269112837698559870e-01 9.610584859278822334e-01 9.690675970602887768e-01 1.322129419669938244e+00 1.338141810326075820e+00 1.345502923337520640e+00 1.352836810218279284e+00 1.359113984942183162e+00 1.365242380685899315e+00 1.603271388072826431e+00 1.609742312044016854e+00 1.772626967692130684e+00 1.823776147054861019e+00 1.839883100121221915e+00 2.339911350917217803e+00 2.449139486844179814e+00 2.462359559398808351e+00 3.191516471417159106e+00 3.945589646927092353e+00 3.952039577831346850e+00 4.083353088612286186e+00 4.223389766581412630e+00 4.230226648976366910e+00 4.855192790592285590e+00
-1.740688002445006932e-01 -6.907288532595243224e-02 -6.758146558187166919e-02 -1.486259075309969216e-02 1.135739425355166733e-02 2.390455520850561302e-02 4.573934861800858509e-01 4.575766834152581453e-01 5.159942362217044831e-01 5.600550795323138153e-01 5.605403610219317212e-01 5.829413799035574328e-01 6.713616354503441075e-01 6.716231094974907112e-01 6.735288636171270493e-01 6.738051384469841976e-01 6.934897611276212848e-01 7.303756940416928911e-01 9.293945145297102250e-01 9.630596632026882098e-01 9.641095500958499764e-01 1.328184395540738416e+00 1.346022324597532460e+00 1.346428958208747861e+00 1.352104131403681686e+00 1.352712664066013426e+00 1.362470234471540698e+00 1.606938210665480815e+00 1.607600752485392803e+00 1.777102911217709913e+00 1.828631258880336397e+00 1.828717002085051391e+00 2.347031710266534787e+00 2.448872558869717775e+00 2.449605545897471259e+00 3.192322168915284308e+00 3.944787545726689881e+00 3.945876090543494197e+00 4.085935438525911678e+00 4.224653047689745478e+00 4.225487001364940376e+00 4.861010094617996380e+00
-2.298825339194114914e-01 -2.187899546524474936e-01 -1.920719196729424871e-01 -1.784530471684264707e-01 -7.732253559428418910e-02 4.291956930238995105e-02 4.748759978622189015e-01 4.771593235193994920e-01 5.263896571553967618e-01 5.558725604519392238e-01 5.563438911510885099e-01 5.910202752716692265e-01 6.653167630995354687e-01 6.656047635749302582e-01 6.840829309787406221e-01 6.843820190068423681e-01 6.903209902271120191e-01 7.389017692935502257e-01 9.279419668576270874e-01 9.617996937013733039e-01 9.656354613005648790e-01 1.326057777402332549e+00 1.340209581336031297e+00 1.343764551576503763e+00 1.351633702764256872e+00 1.352839435733518281e+00 1.362283490715574752e+00 1.593623940790645177e+00 1.594991544984750265e+00 1.776178871949827265e+00 1.852751884815317940e+00 1.853625617633090306e+00 2.353660608039572555e+00 2.445168516392881575e+00 2.448535047403560316e+00 3.191885939747557188e+00 3.948852945524470748e+00 3.950440186712992574e+00 4.099071339001571168e+00 4.222703978594207541e+00 4.223547204369185515e+00 4.857283960161863590e+00
-3.827278132656342646e-01 -3.759733804387587197e-01 -3.149211063939623134e-01 -2.336002357467672208e-01 -1.610380035250669750e-01 -1.246451057253545741e-01 5.047880269387854391e-01 5.058530865416587252e-01 5.414278688132942996e-01 5.506278022407974371e-01 5.516872925206769418e-01 6.123634538875905031e-01 6.659551023592961139e-01 6.663089459841189388e-01 6.916052400532789468e-01 6.953969873870166074e-01 6.959788159553360609e-01 7.556039466828439188e-01 9.236346146614595742e-01 9.607268513561594281e-01 9.676400786041065016e-01 1.319742451517728066e+00 1.329653804434202558e+00 1.335844271521941184e+00 1.349827550730394954e+00 1.352125255987496999e+00 1.360903283057304680e+00 1.570257697675352837e+00 1.572754106407084018e+00 1.774540608220586124e+00 1.904230315530833550e+00 1.906039103451920624e+00 2.368891463368400618e+00 2.437467067775449969e+00 2.443764881022353119e+00 3.191400391494587208e+00 3.956392980248819136e+00 3.958522684284473847e+00 4.136661222058145349e+00 4.221084923601094552e+00 4.221934140103241084e+00 4.846365873270514157e+00
-4.929362884507538789e-01 -4.884680610610547813e-01 -3.969237054498334083e-01 -2.794218757568384670e-01 -2.263605500854880548e-01 -2.037182538704803980e-01 5.196758745550558167e-01 5.208221602090535862e-01 5.436861598774951343e-01 5.569330418211774214e-01 5.605627902721164180e-01 6.411417637474857711e-01 6.727456768127557662e-01 6.732498249921895495e-01 7.035834575164265914e-01 7.053272749023821175e-01 7.072648711512784514e-01 7.726635064244109508e-01 9.166434183359466470e-01 9.607095535412122356e-01 9.696564844410362483e-01 1.307788120682959354e+00 1.319235687382095623e+00 1.328350084079239046e+00 1.347057808961075853e+00 1.350929177666548409e+00 1.358130243549699578e+00 1.552685649242588006e+00 1.556423932045255087e+00 1.774232759310295116e+00 1.954209378115325357e+00 1.956933189944442653e+00 2.382283312872434777e+00 2.428867744683948171e+00 2.437433899389913172e+00 3.192875776807321042e+00 3.954482516809507242e+00 3.956499968704207060e+00 4.193742761263637320e+00 4.230636861625197476e+00 4.231727686747229100e+00 4.828960621306854328e+00
-5.484166202972919901e-01 -5.455529094282527414e-01 -4.166191053110248066e-01 -3.200362835620427227e-01 -2.751222955717832486e-01 -2.614118628733792526e-01 5.252120943023250721e-01 5.261462005201378300e-01 5.419192425473484676e-01 5.677072159678228092e-01 5.713865610491367653e-01 6.723286396170036205e-01 6.817417921776924850e-01 6.836362170907189784e-01 7.123205351676894503e-01 7.142709527317472329e-01 7.261554824800158237e-01 7.877167983465892531e-01 9.072774364906039946e-01 9.622873053476659333e-01 9.717616591540081394e-01 1.292607776901723904e+00 1.308202510193771984e+00 1.321704397548201237e+00 1.345187733312355860e+00 1.350014625414439395e+00 1.356148413671531161e+00 1.543405714431862696e+00 1.548351784498621875e+00 1.776364811766597995e+00 1.986538416046892408e+00 1.990083439201699722e+00 2.384096791313681241e+00 2.423146484028487091e+00 2.432893659278019705e+00 3.198270828030846946e+00 3.932449248224397564e+00 3.933948827158978645e+00 4.257836063367153479e+00 4.260003231378245658e+00 4.265733008787413461e+00 4.805999108332803971e+00
-5.438987600095521735e-01 -5.420049605259058545e-01 -3.603523771586214508e-01 -3.525345155703092925e-01 -3.086189207133295809e-01 -2.961777660978197058e-01 5.311078319368569556e-01 5.316023994029368538e-01 5.426874390804552473e-01 5.727071482105235978e-01 5.762537964017717673e-01 6.895133474175929589e-01 6.918508266667530160e-01 7.027708058023035553e-01 7.193866786418088299e-01 7.235451614979674373e-01 7.419446764590346133e-01 8.015686490567476286e-01 8.959787229568745293e-01 9.658063838158519321e-01 9.742109402803690310e-01 1.275511036892118533e+00 1.296271926726492829e+00 1.311077726366394858e+00 1.345868508416129927e+00 1.350372713151889004e+00 1.357821620384894290e+00 1.541052486260453769e+00 1.546911542037316067e+00 1.780947840465240795e+00 1.994397899267789320e+00 1.998542529654423694e+00 2.369612554038362795e+00 2.423110833749599902e+00 2.432698415753562049e+00 3.208052872086931906e+00 3.893113265828424208e+00 3.894277817342007175e+00 4.301204184059985280e+00 4.303213394761869814e+00 4.340628378266099041e+00 4.778322329849802763e+00
-4.819101368146556097e-01 -4.792081025239721681e-01 -3.769701183952743895e-01 -3.264792531051034508e-01 -3.218694967636653859e-01 -1.244504623201102417e-01 5.373525666990235372e-01 5.376398266266922965e-01 5.506132466644745316e-01 5.715225096493639079e-01 5.748832644440989847e-01 6.931525370705257094e-01 6.942465900046468352e-01 7.260521701968297714e-01 7.278668160398193976e-01 7.358459592053029352e-01 7.493580194022390062e-01 8.156664080339308676e-01 8.833564740339001631e-01 9.710942870723232589e-01 9.772580005221228605e-01 1.254456035461956942e+00 1.283760062752747455e+00 1.296201292448086795e+00 1.349558056409198681e+00 1.353188788095169182e+00 1.362272651922716404e+00 1.544291588896500977e+00 1.550441882717786157e+00 1.787395737018880437e+00 1.979173463222843488e+00 1.983384006473587480e+00 2.340667812291652883e+00 2.428485553326935609e+00 2.436672619276623486e+00 3.220572918708788368e+00 3.847310727938456854e+00 3.848418526453891264e+00 4.346668755262011352e+00 4.348602321063651743e+00 4.416714041220028086e+00 4.746377973980800746e+00
-4.097136871394341240e-01 -4.050035901200144117e-01 -3.923486367650783624e-01 -2.646848796151270444e-01 -2.555760133474666018e-01 3.399516314997435562e-01 5.396553474579385279e-01 5.404998778465706089e-01 5.632173038123022835e-01 5.658566071341881720e-01 5.746975266976450669e-01 6.913484557737017422e-01 6.914684531074772877e-01 7.342040645383788311e-01 7.392132957400066040e-01 7.518696184939586136e-01 7.566572237519562094e-01 8.286604554946379597e-01 8.704048950988949596e-01 9.771460370448418198e-01 9.807599151629162737e-01 1.227279681195100780e+00 1.272113228729985890e+00 1.280670830419255779e+00 1.355557876418300278e+00 1.358089640493398864e+00 1.366923058309490679e+00 1.551942412902551860e+00 1.557373494112497259e+00 1.794615524026683451e+00 1.949704815238576971e+00 1.953148900757527340e+00 2.305301262247871907e+00 2.436239862271507128e+00 2.442148980936496017e+00 3.232773430181937080e+00 3.805893371811399639e+00 3.807028994270067912e+00 4.385487176095018036e+00 4.387051571159353180e+00 4.488151248014204953e+00 4.710149255751251651e+00
-4.051924792844845968e-01 -3.935220531420389745e-01 -3.924165102192643251e-01 1.706072553449025919e-01 1.783711716597324026e-01 4.580313001212627522e-01 5.296485039114672277e-01 5.313389914282539150e-01 5.595667915582942520e-01 5.599875530610125551e-01 6.003458018726768319e-01 6.865022750760609860e-01 6.868422508922232828e-01 7.433168512564486408e-01 7.458853018868890628e-01 7.604626600445867357e-01 7.736677198846654280e-01 8.380667868437677859e-01 8.592526323644367192e-01 9.820640021616003912e-01 9.838193611339091094e-01 1.198292123356519356e+00 1.264024354298277197e+00 1.268439475458017718e+00 1.361550333310923122e+00 1.362871112630341885e+00 1.370096404902085396e+00 1.561352324794891500e+00 1.564708218209449164e+00 1.800694365101426664e+00 1.920643052756112912e+00 1.922553319547340100e+00 2.275762223526127226e+00 2.442974814404498041e+00 2.446108470195005324e+00 3.241536763840512148e+00 3.777371664591080869e+00 3.778523211082545075e+00 4.411272212032215201e+00 4.412347810073002918e+00 4.550901039899766687e+00 4.670047906287550177e+00
-4.078944425708132537e-01 -3.931526863889819867e-01 -3.928048978263795066e-01 2.880826628586969917e-01 2.884294864118584489e-01 4.877134984800195472e-01 5.169250975752218702e-01 5.171479239504348513e-01 5.585528974837015159e-01 5.590380543246271650e-01 6.132886642452468617e-01 6.840780853382176785e-01 6.843477334195664508e-01 7.468730903927707221e-01 7.470627864686922859e-01 7.721571270155613842e-01 7.805393584242752425e-01 8.417729433572420650e-01 8.543682161248102869e-01 9.838837280793421014e-01 9.850938360995621368e-01 1.184230441958905145e+00 1.262115422089487016e+00 1.262714006169108671e+00 1.364390829408635986e+00 1.364633854306591898e+00 1.371161459667307625e+00 1.566682433736139579e+00 1.567344304093096330e+00 1.803148383648419895e+00 1.908717107085224463e+00 1.908906450329224125e+00 2.264153440945489759e+00 2.446198530015795125e+00 2.446898592421096641e+00 3.244708020152679229e+00 3.767228855636728380e+00 3.768382379903525425e+00 4.420307070328608035e+00 4.421104305556666780e+00 4.588609343988782285e+00 4.640150231877302467e+00
-4.060345257727763224e-01 -3.909313255850694890e-01 -3.816531716434262145e-01 2.622383208724458625e-01 3.197123643133493176e-01 4.709079641453192133e-01 5.081746960259495571e-01 5.212766969773845460e-01 5.537897027203408928e-01 5.748141489076785682e-01 6.155413497389008448e-01 6.760225354539566300e-01 6.927627017125150832e-01 7.417465842022457068e-01 7.529439295020194933e-01 7.725649536121934613e-01 7.796304632086318298e-01 8.438992255996375924e-01 8.529184345519965627e-01 9.839519776325427181e-01 9.890291899104008966e-01 1.182583465328033823e+00 1.255828301324625418e+00 1.266976698209604235e+00 1.357160196578298006e+00 1.367045298201107206e+00 1.376255304567825410e+00 1.562074523075935639e+00 1.574208879645543790e+00 1.801177744007669945e+00 1.887426047494954240e+00 1.922217260875359157e+00 2.255311441026555563e+00 2.446026665369149811e+00 2.467436856070373885e+00 3.242677195366298282e+00 3.768741790368764111e+00 3.775976953613098708e+00 4.417998177418054340e+00 4.420207005858432403e+00 4.584861079495356151e+00 4.635108149661509636e+00
-4.038876169225051882e-01 -3.711944420901392983e-01 -3.571727952570593057e-01 2.473972907782203412e-01 3.492048033667661810e-01 4.392747291911140439e-01 4.935756244362687895e-01 5.188653430986195358e-01 5.552606099434629350e-01 5.926733483746905451e-01 6.221978948986065516e-01 6.710317142726527351e-01 7.014396031675670384e-01 7.354186396208055587e-01 7.576906828585860953e-01 7.764148251632521092e-01 7.784938162917135474e-01 8.467402609018055415e-01 8.523276012323577344e-01 9.836914448192761729e-01 1.000015124813994127e+00 1.177086098491087807e+00 1.248011482493812663e+00 1.270297718826386424e+00 1.347779761271728605e+00 1.369909914350051050e+00 1.383362351688654179e+00 1.559033437360802576e+00 1.583615065585531001e+00 1.795086659615831026e+00 1.860803254344279178e+00 1.928191994372749241e+00 2.237487292512517545e+00 2.447398118101074438e+00 2.515561054782552208e+00 3.236661152428570443e+00 3.775683789875592389e+00 3.795607674150268895e+00 4.409883263374240414e+00 4.416552269590009239e+00 4.575444426205194759e+00 4.620784421304786171e+00
-4.007425936305367697e-01 -3.361705492063241651e-01 -3.163026691812166891e-01 2.493167361394447445e-01 3.565909870617227084e-01 4.186266958927978843e-01 4.775457786307010233e-01 5.157332325229440073e-01 5.581745448247538155e-01 6.035705534673815320e-01 6.290974683106714815e-01 6.716703107901703662e-01 7.128843716432695654e-01 7.268449923010936731e-01 7.587623767520349505e-01 7.748125757809344316e-01 7.891287903676031945e-01 8.411992531369173465e-01 8.628412849058426648e-01 9.836418384824662242e-01 1.014751498375431549e+00 1.167367474965464780e+00 1.240081214617714478e+00 1.274671791715868086e+00 1.337907893224165257e+00 1.372731731517956355e+00 1.390638123664452275e+00 1.557446253718954621e+00 1.594516870880688719e+00 1.784226364242350815e+00 1.835651241261165856e+00 1.928133895193505865e+00 2.220321483181004751e+00 2.449535866624759972e+00 2.575556088569555868e+00 3.226847375710241383e+00 3.787009519349194164e+00 3.826132450967963283e+00 4.396663104721867832e+00 4.403602746952373082e+00 4.562923469376634955e+00 4.601955851087150329e+00
-3.964953530063139997e-01 -2.844411108971339752e-01 -2.596021733815572219e-01 2.705020759142136577e-01 3.302712528736977404e-01 4.198160197211134315e-01 4.763701097116186389e-01 5.133304160111913372e-01 5.621586641936960893e-01 6.082107687407232177e-01 6.338091090380620907e-01 6.736076507647220657e-01 7.162554064283068733e-01 7.283513031138035831e-01 7.590954710974110453e-01 7.725017026786856755e-01 8.008075000418503064e-01 8.364543487470345040e-01 8.774843636578875117e-01 9.855405602763724904e-01 1.029267850337544976e+00 1.155234794854476998e+00 1.233168984544422697e+00 1.281893665056532905e+00 1.327698119978795832e+00 1.373602852756022452e+00 1.398857302669038738e+00 1.557037035686821280e+00 1.605365301679389178e+00 1.769229252952205567e+00 1.818702799350685462e+00 1.923048902979823449e+00 2.206438106959173862e+00 2.452178553973043407e+00 2.637670367310753328e+00 3.213450778213177372e+00 3.801704985696516381e+00 3.865083900840245335e+00 4.375575168343439181e+00 4.378936129200468486e+00 4.539236099099047905e+00 4.594592741583856998e+00
-3.909114130689130828e-01 -2.204311769640530105e-01 -1.816596931385541513e-01 2.912091723729874904e-01 3.289851560171102585e-01 4.218816152346607229e-01 4.925118053795730644e-01 5.137537866681930465e-01 5.665213920168742368e-01 6.087676826937986618e-01 6.398669192707768794e-01 6.719075444436543032e-01 7.068831267082472669e-01 7.383301555599546262e-01 7.621709812189515487e-01 7.709115819604004383e-01 8.074489227985933715e-01 8.367981616177306847e-01 8.942476207926095544e-01 9.912951097834561409e-01 1.039966762488511387e+00 1.144332968648811955e+00 1.229043080640362495e+00 1.291901315028223030e+00 1.317103302366584794e+00 1.371541423118323166e+00 1.408180795619782488e+00 1.557699088921548514e+00 1.613961385348343880e+00 1.755164829799655379e+00 1.811356894356775937e+00 1.913698952522879804e+00 2.195767315301070166e+00 2.455065518629664378e+00 2.696281697841675484e+00 3.196681659738906944e+00 3.818753267005245977e+00 3.908820306836281233e+00 4.333042973091253636e+00 4.357493915248964456e+00 4.500469649574147191e+00 4.605511268170758399e+00
-3.816397995492982198e-01 -1.689706838373807030e-01 8.156692852504462965e-02 3.012064093884308513e-01 3.774475773524761379e-01 4.338617509547045281e-01 5.097150026508228127e-01 5.215998645715144155e-01 5.706752565386349341e-01 6.075367184475193305e-01 6.470346213210581565e-01 6.669346894209450261e-01 7.002336025929112306e-01 7.367522073524073178e-01 7.610687767583002028e-01 7.778923074533999893e-01 8.102821052443407446e-01 8.425142642056996367e-01 9.119603382173260275e-01 1.000008936164241913e+00 1.044438753301386580e+00 1.138336208245633419e+00 1.229373594021135219e+00 1.300745809963774979e+00 1.308968325911651354e+00 1.366653001493530528e+00 1.418040558683651087e+00 1.559408745440150623e+00 1.618503071040786168e+00 1.745864562594574565e+00 1.813801740668624429e+00 1.901032198768533021e+00 2.187759100759186115e+00 2.457961027610845228e+00 2.747869711106679880e+00 3.176852004334710600e+00 3.837149071045648174e+00 3.952449323981539031e+00 4.281464512573348813e+00 4.333347645754421329e+00 4.455212030964713854e+00 4.625959108466877190e+00
-3.637754533531096790e-01 -1.187159870618594432e-01 2.118467719542782568e-01 3.297441433795286203e-01 4.268605894907321341e-01 4.593586023270410656e-01 5.244834184191105031e-01 5.373421284550191634e-01 5.756158083617484156e-01 6.057115941207871224e-01 6.507223573070060052e-01 6.646578116993514529e-01 6.966848705213956050e-01 7.289774721138660984e-01 7.554719207837137240e-01 7.847304026200921934e-01 8.166602597205042668e-01 8.514247699240788947e-01 9.300961323829188832e-01 1.007718945015801948e+00 1.042124165030519523e+00 1.139081343069995755e+00 1.234097500458037677e+00 1.291913024115391773e+00 1.319031537392383768e+00 1.359557277405629039e+00 1.427739387163602602e+00 1.562084237727272340e+00 1.619353118088291410e+00 1.739150452744441910e+00 1.828286112487586879e+00 1.886395803231521562e+00 2.181868974361665270e+00 2.460674154236957900e+00 2.789984939697387478e+00 3.154663141839971097e+00 3.855955605674919351e+00 3.989389882360702799e+00 4.227394674065440228e+00 4.307715054159594104e+00 4.410560001767206195e+00 4.650096905886295318e+00
-3.326204008081474206e-01 5.980385824022158708e-02 2.790989254982638168e-01 3.645960957733200836e-01 4.662623085132587830e-01 4.847601497072371868e-01 5.412098642124045789e-01 5.585358558745542323e-01 5.837388842019330948e-01 6.048617451452792393e-01 6.479501757911103610e-01 6.702886732132630199e-01 6.949570485215778026e-01 7.196903660771195588e-01 7.488377552685310246e-01 7.836103077696063846e-01 8.317725685962442661e-01 8.629115008799406183e-01 9.480792118008010139e-01 1.011782157261329473e+00 1.034039490598954725e+00 1.144435205357837271e+00 1.240747704890164727e+00 1.281417803898935892e+00 1.331875817824839769e+00 1.351262391133624563e+00 1.436698936240348168e+00 1.565457731180487810e+00 1.618874797973127944e+00 1.731236714418332934e+00 1.854794948107213237e+00 1.871827419745993426e+00 2.177614541881424781e+00 2.463063855442463090e+00 2.820655407193105368e+00 3.131623630716356299e+00 3.874342463553321014e+00 4.011120217896035456e+00 4.177460955040207757e+00 4.281993765525772488e+00 4.374009949168137901e+00 4.674459344347235756e+00
-2.882034112707586582e-01 1.700376931991809115e-01 3.264060844680881091e-01 3.972949683636364249e-01 4.889253732687647291e-01 5.062856891241928059e-01 5.459897742346598859e-01 5.850725397485726509e-01 5.973891745198768310e-01 6.123972191994747627e-01 6.464771859330064041e-01 6.769530138833137478e-01 6.936908631328424502e-01 7.117538303159155477e-01 7.416925572466569472e-01 7.764616703378056650e-01 8.546761312505853914e-01 8.770144196475905263e-01 9.651599752769239871e-01 1.012475718018169824e+00 1.022311967115339337e+00 1.147967619417534335e+00 1.245406410447511991e+00 1.276311295082693364e+00 1.338735970962931399e+00 1.347649438233537555e+00 1.444494871139604397e+00 1.569057084154926285e+00 1.619465528276092803e+00 1.720617060082557437e+00 1.856839456874033178e+00 1.892136084722215728e+00 2.174586078320344118e+00 2.465036134022493997e+00 2.838316516158476688e+00 3.110283915166977220e+00 3.891592036630008966e+00 4.010706909429958777e+00 4.136639436042522711e+00 4.257702110941043117e+00 4.352718265316597446e+00 4.696744840112964781e+00
-2.380341885626217902e-01 2.532850166409820747e-01 3.621974563218022247e-01 4.249448947811951260e-01 4.962741312840057151e-01 5.235839617414622671e-01 5.479973535466040602e-01 5.871010441077831876e-01 6.217470362600905354e-01 6.310480693594423540e-01 6.522873080141191604e-01 6.805383804724703944e-01 6.929306434725794883e-01 7.057546402029700738e-01 7.346381369932977190e-01 7.650057309170281705e-01 8.822071790998756713e-01 8.947276945071539478e-01 9.804549994961357928e-01 1.004511341977599725e+00 1.016020332916992341e+00 1.142458489938969812e+00 1.247930854333431538e+00 1.278512703582052268e+00 1.331218020061274654e+00 1.356964587099885211e+00 1.450830420316945313e+00 1.572340681787989469e+00 1.622582197784470104e+00 1.707423675227219828e+00 1.845705474645006783e+00 1.931876497578286056e+00 2.172464275249937682e+00 2.466540034026585726e+00 2.842828045784454361e+00 3.093561399618142804e+00 3.907049338498346458e+00 3.992497573646704101e+00 4.104137152506408093e+00 4.236420790525935232e+00 4.348000258903745419e+00 4.715375648977445877e+00
-1.930882977946946633e-01 3.259845884984636788e-01 3.881825025714294441e-01 4.448265936802659470e-01 4.976336839814448076e-01 5.298537925695274708e-01 5.516126594808274941e-01 5.895002793748246317e-01 6.386557683635508686e-01 6.406853974720654321e-01 6.680703287429835546e-01 6.822922882565156666e-01 6.924816460721144873e-01 7.009188007309066215e-01 7.286238017442021597e-01 7.510633237088324421e-01 9.058816021466340462e-01 9.194603317369186568e-01 9.834643315951636655e-01 9.989185806920674038e-01 1.017324728947365919e+00 1.125922345555104398e+00 1.252109504912329863e+00 1.283297764001640084e+00 1.323338460650371973e+00 1.365270271995350670e+00 1.455497615851621962e+00 1.574889560544107558e+00 1.628648294876549718e+00 1.692739503837236814e+00 1.837618779467339758e+00 1.968766097909516288e+00 2.171036164136568303e+00 2.467566027957614594e+00 2.837450145208770813e+00 3.082965145516154415e+00 3.919948594526217356e+00 3.970101030031073730e+00 4.077415133423773597e+00 4.219732342334936881e+00 4.353115317883691660e+00 4.729302045572612911e+00
-1.615690241046212061e-01 3.807463134391042003e-01 4.040417138027961319e-01 4.536844986038920946e-01 4.954673007341718338e-01 5.310382940006903585e-01 5.544382575154926940e-01 5.948157076746238836e-01 6.442230724733146729e-01 6.511295833189058024e-01 6.754246804201111676e-01 6.841628283160157142e-01 6.931060996094604576e-01 6.976381896363500479e-01 7.257364522637819171e-01 7.382889002311169291e-01 9.260015790348905540e-01 9.419742230143083317e-01 9.659510569846186945e-01 1.007744926499682725e+00 1.024480582466430478e+00 1.103762240418216578e+00 1.256790188047981260e+00 1.287135627112547365e+00 1.317479016617765231e+00 1.370610754241356366e+00 1.458354176776992750e+00 1.576480468481476604e+00 1.636647061701225203e+00 1.678915000016586223e+00 1.832834162158689439e+00 1.995251311633306823e+00 2.170195300135209671e+00 2.468144481197928286e+00 2.829174484413417012e+00 3.077723957567162216e+00 3.929041091289601439e+00 3.953672694083328665e+00 4.058547173872901759e+00 4.209047393381873725e+00 4.359665362485272588e+00 4.737880288172237719e+00
-1.499505526219062079e-01 4.059856052294780748e-01 4.071462761993505652e-01 4.537271302303060305e-01 4.936051870874316183e-01 5.312035643146643116e-01 5.556201887932654682e-01 5.976903649792846274e-01 6.455543807743266971e-01 6.561859375254811555e-01 6.765418042532479470e-01 6.833798713058966134e-01 6.950549518426752948e-01 6.951235280867451571e-01 7.273500173744218422e-01 7.313976607000119978e-01 9.443156116262599875e-01 9.478916552251912542e-01 9.504707528256570725e-01 1.010129586603801588e+00 1.032897542507678068e+00 1.090669092575867083e+00 1.258814107378717129e+00 1.288602566573287200e+00 1.315211499128817740e+00 1.372446941762506256e+00 1.459315744417775784e+00 1.577019716982876796e+00 1.641544367454562003e+00 1.671955586897480694e+00 1.831260800333187388e+00 2.004948190981956646e+00 2.169914619110246967e+00 2.468327976375251698e+00 2.825367712882968174e+00 3.076220169386058689e+00 3.932441537179683255e+00 3.947791848856535779e+00 4.051582284110446075e+00 4.205364110687236590e+00 4.362400776373738687e+00 4.740773948041340446e+00
-1.350332401879618671e-01 3.416286094985283017e-01 4.066146795755433696e-01 4.556885960832745552e-01 5.060044409181062575e-01 5.248035465574382163e-01 5.496556933596189465e-01 5.947660334663865678e-01 6.314695990779083390e-01 6.606516035884536509e-01 6.657998497620806200e-01 6.762099546151879581e-01 6.997391491945001984e-01 7.086606528330166022e-01 7.309912220658224546e-01 7.497655231111415297e-01 9.330890084099717763e-01 9.468109227215125712e-01 9.550541755421424472e-01 1.006734465533323242e+00 1.016118105049722331e+00 1.114113506749961235e+00 1.255608091922866931e+00 1.282295882739669990e+00 1.320380254898219974e+00 1.371195549705870098e+00 1.457293698831785278e+00 1.571377810851220636e+00 1.632756931314816029e+00 1.677309561614674704e+00 1.846176695998236639e+00 2.002210523822729460e+00 2.169548085200884824e+00 2.474468651074490211e+00 2.825189478955524969e+00 3.075241569175211076e+00 3.933335574312035288e+00 3.954404431818177912e+00 4.050100963168942414e+00 4.212253442410717419e+00 4.362206414141659216e+00 4.730696195416140171e+00
-9.201362200741275421e-02 1.576077259747821757e-01 3.837515317566417838e-01 4.531974174906258090e-01 5.024687329248539447e-01 5.203752569130111194e-01 5.434942175981136714e-01 5.843966878621051908e-01 6.116591550777861208e-01 6.437905133339997255e-01 6.628476685750768205e-01 6.777268669764764386e-01 7.071026677741091282e-01 7.293518262352390868e-01 7.535779420834963771e-01 7.752599624388344379e-01 9.119855514006078856e-01 9.343404368012483419e-01 9.583612812815460735e-01 1.000613248114921694e+00 1.004403260938742770e+00 1.148921102262545180e+00 1.247071715046120799e+00 1.269399144774905119e+00 1.331876958865018334e+00 1.367877326370296798e+00 1.451859333431566812e+00 1.559408120736784475e+00 1.618782609713047549e+00 1.684901424118332880e+00 1.879303559984240035e+00 1.995256807387287390e+00 2.168331976476317813e+00 2.491442432856653788e+00 2.823950481981981397e+00 3.073086843213119312e+00 3.935114718517787491e+00 3.972178608217136642e+00 4.047070650771858347e+00 4.232221872646572791e+00 4.361909649094614316e+00 4.701316092848315087e+00
-3.132978430606577769e-01 1.344046351203378176e-01 3.522601380648933134e-01 4.381968481686561168e-01 4.779973900906205886e-01 5.109057882977466880e-01 5.463863654275082915e-01 5.715067775808363448e-01 5.950406570308198750e-01 6.369889498721837962e-01 6.581610200963554647e-01 6.851648596812548453e-01 7.167968932359309875e-01 7.521067557996556907e-01 7.752009313764970377e-01 8.009085280071964741e-01 8.841209858745667782e-01 9.194109170935530484e-01 9.590634554719487115e-01 9.899894095990317000e-01 1.011855342821682324e+00 1.172977233484121307e+00 1.237876808881623436e+00 1.257409893265169387e+00 1.345574790717335656e+00 1.364211172714314246e+00 1.444562864121662793e+00 1.548698098864426775e+00 1.607135298638848520e+00 1.691529379340625638e+00 1.909189736587278974e+00 1.989617719131926865e+00 2.165954098493839908e+00 2.515726267592279353e+00 2.819980801029771555e+00 3.071565603069551287e+00 3.937273389960551651e+00 3.990956572748006081e+00 4.049199100750983327e+00 4.262760185214354181e+00 4.362536487884126402e+00 4.655298730842534205e+00
-4.517377674618773264e-01 2.101745747497209826e-01 3.217372211142462413e-01 4.110801466119408110e-01 4.523676448821225549e-01 4.920574739774204454e-01 5.454990101617606113e-01 5.612465020543142558e-01 5.899350178111333332e-01 6.363800665531011980e-01 6.564028557199838021e-01 6.971573062827407519e-01 7.267374590737021300e-01 7.726797902733725243e-01 7.933817575488157914e-01 8.099128382416926897e-01 8.724371693259450611e-01 9.056519098278775770e-01 9.583604264313332344e-01 9.791182543485549283e-01 1.025357676008788355e+00 1.175015150694440180e+00 1.232252382690438131e+00 1.255551824426231811e+00 1.351844211002289686e+00 1.367941078259368837e+00 1.437216086954671512e+00 1.541973797498660481e+00 1.598857741681200206e+00 1.697758733005112930e+00 1.916405678049527106e+00 1.995907888250502138e+00 2.161919178214646742e+00 2.543465019692653151e+00 2.811948245582651218e+00 3.072142593436581581e+00 3.939938349851527466e+00 3.994637943593988272e+00 4.067356345216672331e+00 4.298484272716645904e+00 4.366543316014623421e+00 4.597547158474451834e+00
-5.176969599884698736e-01 2.627907253687568612e-01 3.066712586245112782e-01 3.799834695750483604e-01 4.351831954171117567e-01 4.710217800754255557e-01 5.376494000328441158e-01 5.551901280129657446e-01 5.916121667317449928e-01 6.384132131376902830e-01 6.575503476239288325e-01 7.098335457259927761e-01 7.386281827796831179e-01 7.831853542625202280e-01 8.008715898029096225e-01 8.110170372410071549e-01 8.794867620293420618e-01 8.951268881275303846e-01 9.551157876245806033e-01 9.742251780707673614e-01 1.037898935849988602e+00 1.161363732757512368e+00 1.223857376834923683e+00 1.267352000906480702e+00 1.349593304418322592e+00 1.376856366449657365e+00 1.432023168481149522e+00 1.539134195153277096e+00 1.593739699240996233e+00 1.703846330848768131e+00 1.903059785801392234e+00 2.009413148805161420e+00 2.155325485792757512e+00 2.571821158259807838e+00 2.800347911062178952e+00 3.074676397377843262e+00 3.943439079019841476e+00 3.986300359037099117e+00 4.092213403977353003e+00 4.330409857013131081e+00 4.378090279701916998e+00 4.536617816968815831e+00
-5.216627183011569580e-01 2.738831810898241237e-01 3.194650934768490935e-01 3.682164112094646335e-01 4.333526402194649574e-01 4.513566459743504899e-01 5.278240597270718037e-01 5.533387695771391224e-01 5.918770768469459043e-01 6.413013795283233343e-01 6.609108800985066257e-01 7.178609227937858828e-01 7.494530814863548107e-01 7.800224473137734593e-01 8.010231716542624003e-01 8.243666173848028800e-01 8.815364425752166833e-01 8.906799210356484142e-01 9.548212739656780634e-01 9.748105654695575772e-01 1.043749212870369369e+00 1.146463017676015772e+00 1.214208906193799287e+00 1.281736717228856071e+00 1.348434994630759221e+00 1.377836546884517288e+00 1.431148460396016064e+00 1.540003347369297559e+00 1.590940721316944861e+00 1.709373288498768240e+00 1.883164589566310276e+00 2.017622401742491967e+00 2.144607814155693681e+00 2.599210747392478371e+00 2.787882818787181360e+00 3.077448015715097185e+00 3.947848620672361974e+00 3.975677940435154767e+00 4.107109052018367734e+00 4.353854578542097009e+00 4.390297719746953042e+00 4.490483022846502692e+00
-4.676113756308482583e-01 2.710821549268180863e-01 3.376242861823930408e-01 3.766009196201349774e-01 4.271555945014349209e-01 4.552534016885884105e-01 5.229311286707880591e-01 5.540568468841454708e-01 5.896318800378702596e-01 6.411758194121662813e-01 6.660293101946305194e-01 7.221316132802736432e-01 7.524471836932086211e-01 7.781389326051908473e-01 7.987353219658773762e-01 8.343021010050460928e-01 8.720695704841837648e-01 8.982119987796638449e-01 9.591003028892804982e-01 9.767646123269250191e-01 1.037895663165985694e+00 1.138227074420354867e+00 1.205098761570537746e+00 1.294804592042685387e+00 1.349127603841276724e+00 1.370669635336506431e+00 1.432789770722721734e+00 1.544859608645607452e+00 1.589557540476902675e+00 1.713620893833322834e+00 1.862189068408934389e+00 2.018746392367391174e+00 2.128379282263159311e+00 2.624421475525028580e+00 2.778625277065100541e+00 3.078235943999714674e+00 3.952112556916688391e+00 3.968199180686299510e+00 4.103207714719911969e+00 4.360087123239964058e+00 4.392222845629833117e+00 4.484847418796221064e+00
-5.035705572956298282e-01 2.656393152129274959e-01 3.088834281322468400e-01 3.657473089263774124e-01 4.296051389222267924e-01 4.553676640064344694e-01 5.235138443191541535e-01 5.608644552647943371e-01 5.862249792303496632e-01 6.378639483188127679e-01 6.708658496471014976e-01 7.216415828921114439e-01 7.553879478577465445e-01 7.750370983745176190e-01 8.046135860167421550e-01 8.267719903584244134e-01 8.680041081415366122e-01 8.945146901823358698e-01 9.502359757091334291e-01 9.814267512669433424e-01 1.035440133679220720e+00 1.146784336254754066e+00 1.198421028312711911e+00 1.292631474915892253e+00 1.351885945283372914e+00 1.372718230393829675e+00 1.430856988642250860e+00 1.539419106384763092e+00 1.590081874806775097e+00 1.724716018720267918e+00 1.850549581208080108e+00 2.022688493761057860e+00 2.134672489709190213e+00 2.625925150457973700e+00 2.772942434378071308e+00 3.087543180218373262e+00 3.943922896279781654e+00 3.980221642968889473e+00 4.117352753102585972e+00 4.359545811911880620e+00 4.390485109083851256e+00 4.473970726461813818e+00
-5.237453306129378205e-01 2.285591337990000027e-01 2.857826464567762570e-01 3.563401640384196156e-01 4.255200730705775980e-01 4.644710041148004120e-01 5.287000720372945217e-01 5.625518353302889629e-01 5.784252714482319702e-01 6.380396994572473668e-01 6.765923741268384806e-01 7.179924970594997458e-01 7.553596201496480811e-01 7.734444672662463827e-01 8.052712668233018567e-01 8.213650069540502363e-01 8.565464702383360773e-01 8.972320974277142591e-01 9.390065913533605091e-01 9.849336726125391683e-01 1.035675541072641925e+00 1.154403867054941246e+00 1.192086667047066895e+00 1.290847476488688139e+00 1.353490657593337199e+00 1.372884504827157182e+00 1.430526369185837421e+00 1.535881901595518295e+00 1.590699950596202505e+00 1.735938013996775497e+00 1.837417454764375346e+00 2.028508157965264846e+00 2.139406441164245276e+00 2.620504667633963169e+00 2.766499042277359433e+00 3.100896747910113049e+00 3.935818942650299412e+00 3.998433844246806146e+00 4.123600980535965910e+00 4.327932726526303675e+00 4.408013459024416214e+00 4.479627590824180494e+00
-5.299751741234177693e-01 1.587166779230937963e-01 2.579014357755054498e-01 3.508744909592565464e-01 4.172626458344583233e-01 4.734196470196237461e-01 5.327877415850736931e-01 5.573646608441947814e-01 5.708966156346294563e-01 6.398190493346120888e-01 6.837641317360549920e-01 7.140727159918009992e-01 7.537966942711922247e-01 7.709783623036614575e-01 7.983307128951425691e-01 8.215755234319374045e-01 8.453266095378078049e-01 8.989231918062390303e-01 9.278698855711782212e-01 9.852029816371805637e-01 1.038737581516008479e+00 1.159190287178487599e+00 1.187636273626471173e+00 1.289682945820174176e+00 1.352720336719875460e+00 1.372778809410330592e+00 1.431044672974177701e+00 1.534270001181535337e+00 1.591347450048131273e+00 1.744927509991348824e+00 1.825749538261179250e+00 2.035535297716764891e+00 2.141758647766147217e+00 2.609800816866089779e+00 2.758262162382830063e+00 3.117560364647889326e+00 3.926959867089740985e+00 4.022076418405174714e+00 4.121487540905141245e+00 4.300732259001232016e+00 4.423943162778310345e+00 4.490574180965756668e+00
-5.242917199801934158e-01 -5.741702272480134900e-02 2.165870030159535164e-01 3.457839195809980781e-01 4.017733007221997443e-01 4.803987224438107106e-01 5.218197331857238330e-01 5.544648918757346667e-01 5.704499598570818009e-01 6.379246331894452560e-01 6.911929183109093433e-01 7.133506389091287536e-01 7.517004836759624276e-01 7.657093233446490288e-01 7.931662773187241333e-01 8.164189651040165696e-01 8.394958495282788258e-01 8.974518890629559209e-01 9.185973485154800278e-01 9.826582461597445084e-01 1.043398899574986993e+00 1.157703795461759499e+00 1.188518311391042026e+00 1.288876116903853841e+00 1.349574334805755171e+00 1.373510282153213025e+00 1.431483765372078887e+00 1.534350574826069957e+00 1.592068651523363298e+00 1.748346226984476059e+00 1.819379443333225099e+00 2.042545042848187276e+00 2.142130183129800525e+00 2.595335383079575120e+00 2.747525934181245688e+00 3.136266556743101841e+00 3.915000954265905442e+00 4.051141250411983918e+00 4.111144404657811613e+00 4.287500362310590951e+00 4.437411205301917683e+00 4.501326973478208870e+00
-5.089410171250218218e-01 -1.722417701103940435e-01 1.578929020048330523e-01 3.341559763366659386e-01 3.757305786740670617e-01 4.812488234587201652e-01 5.066692765195791592e-01 5.539705628708903040e-01 5.736308009536608132e-01 6.309765512383099795e-01 6.942300424377583212e-01 7.185589142955454145e-01 7.497662975777222849e-01 7.598546324008885744e-01 7.890370084005441376e-01 8.075323854669886892e-01 8.368777936643283510e-01 8.930449684060122184e-01 9.119011336012508018e-01 9.784133925983482527e-01 1.048206306064127125e+00 1.150672210398676842e+00 1.194410848145143644e+00 1.287842417921102989e+00 1.345534849882465966e+00 1.374802125623795224e+00 1.431172986621712884e+00 1.535723475010554617e+00 1.592885919912219839e+00 1.744801651887937455e+00 1.820370509313210539e+00 2.047596050910653442e+00 2.142228866076711924e+00 2.578335341064570407e+00 2.733815026789133462e+00 3.155563412715739702e+00 3.898590397306523680e+00 4.081003656624278442e+00 4.097739743447587735e+00 4.291543228558079015e+00 4.449048537217156429e+00 4.509167711227177300e+00
-4.862711361912444019e-01 -2.263081413376646089e-01 4.713374976535262412e-02 3.098071339982529371e-01 3.388259961634606521e-01 4.677706421693225702e-01 5.055872688921718705e-01 5.518313054383386929e-01 5.767797133550087718e-01 6.206698098318217394e-01 6.939155569005224233e-01 7.238084066011140072e-01 7.473417287969575939e-01 7.578010366930582054e-01 7.819126206259676692e-01 8.019522409251035322e-01 8.330925794987664723e-01 8.874088202831060812e-01 9.066026497038695009e-01 9.735842442668881658e-01 1.051964519699788436e+00 1.142142069511279834e+00 1.202172718547566577e+00 1.285994405945775299e+00 1.342057308851185571e+00 1.376137587066252665e+00 1.429745186544198576e+00 1.537922482567090299e+00 1.593683987658959467e+00 1.737684901123034642e+00 1.826385445171922806e+00 2.048241946260952684e+00 2.144629928883720282e+00 2.559817579758699058e+00 2.716733241994021775e+00 3.174117565403904884e+00 3.878553269568750128e+00 4.063869488592452228e+00 4.129695450734185869e+00 4.311766282184306576e+00 4.459450670292567587e+00 4.512809018502990988e+00
-4.583757690042626898e-01 -2.581220275318144020e-01 -1.423429905531415351e-01 2.657119458465987960e-01 2.976453703631473657e-01 4.510238816017761443e-01 5.070835822276148486e-01 5.490584175183571558e-01 5.790512209603686511e-01 6.094850169497588732e-01 6.933925297808722910e-01 7.216919972467603639e-01 7.438960660059268371e-01 7.603776006259067577e-01 7.735263865877535228e-01 7.995131362055331037e-01 8.283025477233967315e-01 8.813698712286326398e-01 9.012759991850788355e-01 9.693091146040205830e-01 1.053415307858508898e+00 1.135203132477266452e+00 1.210249399903925216e+00 1.283108814549125398e+00 1.339885556985692228e+00 1.377185927066409521e+00 1.427064691883592529e+00 1.540514602484676976e+00 1.594131778379796804e+00 1.731532777784533517e+00 1.834323278518761979e+00 2.042870213564755844e+00 2.151197813036162643e+00 2.540707515263154193e+00 2.695940769546686600e+00 3.190908328628290658e+00 3.857142123478151330e+00 4.032365841105847615e+00 4.174558659059019128e+00 4.344479800928276347e+00 4.469079289153598644e+00 4.511953583465225570e+00
-4.264994402282456520e-01 -2.782088830380747280e-01 -2.050207897958579717e-01 1.954060641526677022e-01 2.632267529892628466e-01 4.351269002634265415e-01 5.028213950478170879e-01 5.470713490686779368e-01 5.804765780544360876e-01 6.011208109135961486e-01 6.929294003818777803e-01 7.132989026521331377e-01 7.379466747021836692e-01 7.595039744072372701e-01 7.707590351483895041e-01 7.974877821189233496e-01 8.247625848442431407e-01 8.745397298090753502e-01 8.949142315522942148e-01 9.666990512913775646e-01 1.051158055927245094e+00 1.132379779846808932e+00 1.218003317677972985e+00 1.279462390703345331e+00 1.339138928133935647e+00 1.377671475650804389e+00 1.423182337336160064e+00 1.543179947607373537e+00 1.593757584630548063e+00 1.729275083366752508e+00 1.842749099038145433e+00 2.031889157888761677e+00 2.161757010067313356e+00 2.521892960108531145e+00 2.671242033515408565e+00 3.205307736860057322e+00 3.836584847088890360e+00 3.996008996572365746e+00 4.222308883975106397e+00 4.385346601047709569e+00 4.478139167091105932e+00 4.507289734508271195e+00
-3.912987724227079966e-01 -2.957935312666161165e-01 -2.514120168496151719e-01 7.525052213921464006e-02 2.477763012877575444e-01 4.182163655307950534e-01 4.937092206832726093e-01 5.461682261245310865e-01 5.782503678346140319e-01 6.004099494324922626e-01 6.892121692396993016e-01 7.032663123885189993e-01 7.292805821540364608e-01 7.529780544958919464e-01 7.729973174745827791e-01 7.942777350153863436e-01 8.245346421964443451e-01 8.663888577416754000e-01 8.869197401286419424e-01 9.664017348531677154e-01 1.044618865903633065e+00 1.134923068578560956e+00 1.225161979694874503e+00 1.275609795036782845e+00 1.339636824853435382e+00 1.377323791159762001e+00 1.418294448695898602e+00 1.545751936074435617e+00 1.592242484045686135e+00 1.732159248553258202e+00 1.851367265152799479e+00 2.016883849200965084e+00 2.174930217731256388e+00 2.504201723095496046e+00 2.642710767728981391e+00 3.217065759247122347e+00 3.818349553578456401e+00 3.956757082950930648e+00 4.269931528379913743e+00 4.430150091130462542e+00 4.484846025217883891e+00 4.502336161905302170e+00
-3.585511228639842174e-01 -3.139873236794172850e-01 -2.892362526541204515e-01 -1.405225650945632343e-01 2.608816940901952375e-01 3.980703652338014598e-01 4.854877392470000053e-01 5.455032752694107812e-01 5.735557067388447061e-01 6.054224723226622196e-01 6.759470402920241261e-01 6.954997759324637041e-01 7.227820692272886038e-01 7.445012831564550293e-01 7.744061768496947051e-01 7.896137032835867098e-01 8.273605204269856017e-01 8.565681855352739182e-01 8.776521794118778974e-01 9.682093303182107702e-01 1.034811294126672276e+00 1.142021743687527513e+00 1.231710819897957387e+00 1.272064717193273964e+00 1.341159974690854462e+00 1.375980297496339988e+00 1.412647742079001567e+00 1.548209510380386567e+00 1.589672608199704795e+00 1.739969950304033341e+00 1.860307800316078231e+00 1.999396540204071204e+00 2.189453014289319377e+00 2.488331617990474864e+00 2.610803864404636077e+00 3.226234373845456638e+00 3.803115895844592753e+00 3.916552626510141799e+00 4.314121254535634442e+00 4.470221425683384986e+00 4.485626649744492767e+00 4.507920287763658607e+00
-3.523783494581144149e-01 -3.331046084686704045e-01 -3.136626299106275439e-01 -1.537380524090251055e-01 2.956067332849197093e-01 3.748137647325714417e-01 4.824086160826167591e-01 5.440642811019708036e-01 5.701855599776394223e-01 6.107531356871062078e-01 6.554474484294738890e-01 6.875881513602130068e-01 7.204753225497219082e-01 7.355831529627615550e-01 7.735163254606228778e-01 7.847608753149516447e-01 8.303755102228692619e-01 8.459962286352787908e-01 8.682359525624845364e-01 9.712831323741988321e-01 1.023470789852896523e+00 1.151727094283295116e+00 1.237866064020493040e+00 1.269127301473622849e+00 1.343523052033668286e+00 1.373746140304328067e+00 1.406402455988012612e+00 1.550640960252894773e+00 1.586425059101993940e+00 1.751461337449300659e+00 1.869692305823934975e+00 1.980647448374892372e+00 2.204567809645861409e+00 2.474777388578912607e+00 2.576452054317729612e+00 3.233067889206403756e+00 3.791001382686743693e+00 3.877468684876097083e+00 4.351601727816926335e+00 4.465310005924354897e+00 4.518195700790521130e+00 4.525826060342434509e+00
-3.671302780301017865e-01 -3.572435607605202179e-01 -3.355698798955301654e-01 -2.673314450582959384e-02 3.368992623152193833e-01 3.541680414414549727e-01 4.851872001464993533e-01 5.417250453465001225e-01 5.684830283509958448e-01 6.132542590393907922e-01 6.321642844421364593e-01 6.809407889578011908e-01 7.154157114221384450e-01 7.317154873922691039e-01 7.687559778884370809e-01 7.819623006859579561e-01 8.242692836404248435e-01 8.429046054516634578e-01 8.596005701167251933e-01 9.746703981097465386e-01 1.012153809331933996e+00 1.162040143949148563e+00 1.243948796700650616e+00 1.266871263533349667e+00 1.346576422285799657e+00 1.371048524797147339e+00 1.399568638394798281e+00 1.553200364791518018e+00 1.582849738429719100e+00 1.764946360994035679e+00 1.879366600326575432e+00 1.961710081827719110e+00 2.219885200785191692e+00 2.463797497192160346e+00 2.541143612369739291e+00 3.237927417028362509e+00 3.781799872496283133e+00 3.841640933987893192e+00 4.380146519165158736e+00 4.452343857009817718e+00 4.538046674365191713e+00 4.562538115262881000e+00
-3.836555385969079857e-01 -3.752498129593701548e-01 -3.587666744658282170e-01 1.722317262891643330e-01 3.267609704681301852e-01 3.895094040985355721e-01 4.926694779144022984e-01 5.392126770339366049e-01 5.663690809792439884e-01 6.036921425895207527e-01 6.175450515880986924e-01 6.776497390000342236e-01 7.057897251563425289e-01 7.339927874864751178e-01 7.613178185222054806e-01 7.810345509138378883e-01 8.095807085382467072e-01 8.467244946347439738e-01 8.522474635001122678e-01 9.776662536760029054e-01 1.002056591451711443e+00 1.171312020719014191e+00 1.250079824351885138e+00 1.265226287317822385e+00 1.350256731593278081e+00 1.368482154213708890e+00 1.392110368860735692e+00 1.556054949242877461e+00 1.579102710003834398e+00 1.778694039685096540e+00 1.888772831561280174e+00 1.943723518917088056e+00 2.235033511242621618e+00 2.455443409004856914e+00 2.507042998683834067e+00 3.241202482968425613e+00 3.775164370367698030e+00 3.811144567131418803e+00 4.399616603025678252e+00 4.440039329895498987e+00 4.556910044631399259e+00 4.595135937864164966e+00
-3.970500034110942544e-01 -3.864466777299811473e-01 -3.766425000014293478e-01 2.362415493528799704e-01 3.098446818900021382e-01 4.329488409619054456e-01 5.028364778256638745e-01 5.359932028244096536e-01 5.616867034641037648e-01 5.830857333426540112e-01 6.150340665590998679e-01 6.778709943362193346e-01 6.965142914067865565e-01 7.381914295172777862e-01 7.540467859617966395e-01 7.806710271637601339e-01 7.935817984632790312e-01 8.465586090177161793e-01 8.507223242967431043e-01 9.800202156222224126e-01 9.939891719243151291e-01 1.178410711009516776e+00 1.255821397830693575e+00 1.264079391877790837e+00 1.354660701763552799e+00 1.366532911399646499e+00 1.384157847351166870e+00 1.559320279496883233e+00 1.575197731470888485e+00 1.790975202710791470e+00 1.897040511758891101e+00 1.928047871077220865e+00 2.249097922546146489e+00 2.449645168365440107e+00 2.477204266009960687e+00 3.243251631081308428e+00 3.770729880738004525e+00 3.787843336786877568e+00 4.411604749853435870e+00 4.430101986272243053e+00 4.573441651504999150e+00 4.619728981156983494e+00
-4.052004842161662790e-01 -3.923134286570549856e-01 -3.879585415413113747e-01 2.713764888558033439e-01 2.979083735501473207e-01 4.687759846586244672e-01 5.124516622322411452e-01 5.276724631960673095e-01 5.568709042460621150e-01 5.676816463721955364e-01 6.137080951991226163e-01 6.804286532106440522e-01 6.893209718873245517e-01 7.433197694953305179e-01 7.490101638562012276e-01 7.789119770389808517e-01 7.808109871218061881e-01 8.429921298752652836e-01 8.534203134386519896e-01 9.820108195338879131e-01 9.882661232596468004e-01 1.182771356825901288e+00 1.260166242680560433e+00 1.263304362786328294e+00 1.359908677214810346e+00 1.365381928918113053e+00 1.376260844267285455e+00 1.563002268922288440e+00 1.571144834326918316e+00 1.799835891875330773e+00 1.903476276505254638e+00 1.916210247253798515e+00 2.259915073951284104e+00 2.446366004253287318e+00 2.455773154337941300e+00 3.244359526610023359e+00 3.768180244826536907e+00 3.773238053753190435e+00 4.418020107066118030e+00 4.423626837252188082e+00 4.584655772843466259e+00 4.634983274108556373e+00
-4.078944425708132537e-01 -3.931526863889819867e-01 -3.928048978263795066e-01 2.880826628586969917e-01 2.884294864118584489e-01 4.877134984800195472e-01 5.169250975752218702e-01 5.171479239504348513e-01 5.585528974837015159e-01 5.590380543246271650e-01 6.132886642452468617e-01 6.840780853382176785e-01 6.843477334195664508e-01 7.468730903927707221e-01 7.470627864686922859e-01 7.721571270155613842e-01 7.805393584242752425e-01 8.417729433572420650e-01 8.543682161248102869e-01 9.838837280793421014e-01 9.850938360995621368e-01 1.184230441958905145e+00 1.262115422089487016e+00 1.262714006169108671e+00 1.364390829408635986e+00 1.364633854306591898e+00 1.371161459667307625e+00 1.566682433736139579e+00 1.567344304093096330e+00 1.803148383648419895e+00 1.908717107085224463e+00 1.908906450329224125e+00 2.264153440945489759e+00 2.446198530015795125e+00 2.446898592421096641e+00 3.244708020152679229e+00 3.767228855636728380e+00 3.768382379903525425e+00 4.420307070328608035e+00 4.421104305556666780e+00 4.588609343988782285e+00 4.640150231877302467e+00
-1.499505526219062079e-01 4.059856052294780748e-01 4.071462761993505652e-01 4.537271302303060305e-01 4.936051870874316183e-01 5.312035643146643116e-01 5.556201887932654682e-01 5.976903649792846274e-01 6.455543807743266971e-01 6.561859375254811555e-01 6.765418042532479470e-01 6.833798713058966134e-01 6.950549518426752948e-01 6.951235280867451571e-01 7.273500173744218422e-01 7.313976607000119978e-01 9.443156116262599875e-01 9.478916552251912542e-01 9.504707528256570725e-01 1.010129586603801588e+00 1.032897542507678068e+00 1.090669092575867083e+00 1.258814107378717129e+00 1.288602566573287200e+00 1.315211499128817740e+00 1.372446941762506256e+00 1.459315744417775784e+00 1.577019716982876796e+00 1.641544367454562003e+00 1.671955586897480694e+00 1.831260800333187388e+00 2.004948190981956646e+00 2.169914619110246967e+00 2.468327976375251698e+00 2.825367712882968174e+00 3.076220169386058689e+00 3.932441537179683255e+00 3.947791848856535779e+00 4.051582284110446075e+00 4.205364110687236590e+00 4.362400776373738687e+00 4.740773948041340446e+00
-1.752809947540494295e-01 3.422552071952344455e-01 3.751869846380842533e-01 4.487438696399577154e-01 5.109081375549470172e-01 5.338178624780118842e-01 5.449707757962174437e-01 5.779797868908831404e-01 6.354999302684185558e-01 6.526907921435510795e-01 6.810465053353831344e-01 6.824651638307217549e-01 6.962722654684698753e-01 6.997091931297033662e-01 7.306007023630649577e-01 7.435493736612621696e-01 9.349322699020143901e-01 9.517028617658853662e-01 9.587109686024979371e-01 9.960889723555387265e-01 1.040999255608977103e+00 1.085361549829156225e+00 1.256555821548414054e+00 1.272498319600953831e+00 1.326591349734597580e+00 1.370581109770208750e+00 1.458785146809990829e+00 1.568522181914425495e+00 1.626880696647725832e+00 1.681132412971957146e+00 1.850483356073957752e+00 2.018999700946904952e+00 2.181715692307260923e+00 2.466090359002399257e+00 2.823844306303085361e+00 3.071721309224861418e+00 3.938206558976113492e+00 3.951707548480451138e+00 4.064430101624311398e+00 4.201370929786846453e+00 4.355732253311737523e+00 4.736163540283230944e+00
-2.281166727993593490e-01 1.530111817759433890e-01 2.666860849270529799e-01 4.306234307285059515e-01 5.095438740739769434e-01 5.251910025639878743e-01 5.426974937705385527e-01 5.612561767123441792e-01 6.236686846292498476e-01 6.265074088760753668e-01 6.731527859355365129e-01 6.900090909508332926e-01 7.022742115412206054e-01 7.125431879542102331e-01 7.421714641243581934e-01 7.685689507980226765e-01 9.263293794591355157e-01 9.511255162849793221e-01 9.697769006590577501e-01 9.723538487462970448e-01 1.044004460540154167e+00 1.080533106820181999e+00 1.247029733609816615e+00 1.250875422498585632e+00 1.340745697640997491e+00 1.364762424568233268e+00 1.457740419821515809e+00 1.551971323197805619e+00 1.606967650490596755e+00 1.689547664926327908e+00 1.893530888422526592e+00 2.053588811425816285e+00 2.209329910207112668e+00 2.460230354289869581e+00 2.820257534212771144e+00 3.059696510965664640e+00 3.951278397017529809e+00 3.962765073915658576e+00 4.098984723605759939e+00 4.192813230228352950e+00 4.337118243293259567e+00 4.723688338952884536e+00
-2.974256052863562538e-01 -2.443586291541212929e-01 -9.892725037860392034e-02 3.886698181003103159e-01 4.872071216369658897e-01 5.189662943376118776e-01 5.453856106425453154e-01 5.583753743781428858e-01 6.050435123535691240e-01 6.245020249173192095e-01 6.661653879044414639e-01 6.944779361458481848e-01 7.037520820053928539e-01 7.270838729165005621e-01 7.563494032091344632e-01 7.934740545084989494e-01 9.201525750708109408e-01 9.353356412706340661e-01 9.539665347306847121e-01 9.800691612858981605e-01 1.033297067012004744e+00 1.088642025779898548e+00 1.223901139937500160e+00 1.243808829977810504e+00 1.351725554587856148e+00 1.354643581089630899e+00 1.457186496669956144e+00 1.538008631150214800e+00 1.594142059371884246e+00 1.693398613462316238e+00 1.936855225320721186e+00 2.091399283508362572e+00 2.236860374202094714e+00 2.453140516055063447e+00 2.817465569990198038e+00 3.043888430523485678e+00 3.959213444202063226e+00 3.977580225091736033e+00 4.144009888682737675e+00 4.190295629414912071e+00 4.312317779333338486e+00 4.707173361993197247e+00
-3.718695764924859204e-01 -3.053695494952344824e-01 -2.368877326688105800e-01 3.499306234126909887e-01 4.844685374101117548e-01 5.095174215969778819e-01 5.350928360672371209e-01 5.613967367616479187e-01 6.020129916064960174e-01 6.370853992107068375e-01 6.642958995823984303e-01 6.896645259851083010e-01 7.116036427638896544e-01 7.368132633833238687e-01 7.671946827054348939e-01 8.118455804772660711e-01 9.076579356909294516e-01 9.181461255604446148e-01 9.418090092040093397e-01 9.860746530300651402e-01 1.021689836556133990e+00 1.100525048561396213e+00 1.206308601972001515e+00 1.237039810876240820e+00 1.340100356651670488e+00 1.360382946974813434e+00 1.457759292016082453e+00 1.529744546197848720e+00 1.589371461835056509e+00 1.696532691880113797e+00 1.964757300055552935e+00 2.115696273089053392e+00 2.250697399043420255e+00 2.448017609637044067e+00 2.819429677135685708e+00 3.028733797060443766e+00 3.947762361608484039e+00 3.990425804526986919e+00 4.175001188701818577e+00 4.206071386261431400e+00 4.300347702585411547e+00 4.691949576200770800e+00
-3.752733559169878497e-01 -3.385247660109545476e-01 -2.042331950916987937e-01 3.606561862517658756e-01 4.945828371753266950e-01 5.023033196779183029e-01 5.312253585445030346e-01 5.649096729725083810e-01 6.128537486542900981e-01 6.504891731961718326e-01 6.692936379764312660e-01 6.836718170298425878e-01 7.183798743821186994e-01 7.406873318898058445e-01 7.734849171708956250e-01 8.211602919027815028e-01 8.830596585018894995e-01 9.174561626292644378e-01 9.301136778075519418e-01 9.883722755942055960e-01 1.011524874237855531e+00 1.111995447782581747e+00 1.195092558564241791e+00 1.231000560955476830e+00 1.321357681823015717e+00 1.367624690590326875e+00 1.459590513065336381e+00 1.527267242851306106e+00 1.591689159803238107e+00 1.701631338984154862e+00 1.969970115817994305e+00 2.116480160905290120e+00 2.243585529919486898e+00 2.447217546787852083e+00 2.828921377499534540e+00 3.017693299216563041e+00 3.916193630636851886e+00 3.996604771659659772e+00 4.161453592644726029e+00 4.239213527636284340e+00 4.327651519306702887e+00 4.682812689773150794e+00
-3.666980473118254258e-01 -2.902426198087904030e-01 1.657153646943651248e-01 4.212931220446959335e-01 4.979314138999290096e-01 5.107765905309373800e-01 5.394164894569616342e-01 5.722396866684791306e-01 6.317557497883531381e-01 6.578689416492563558e-01 6.800641613843496636e-01 6.848033597307982001e-01 7.212510243226106788e-01 7.380955059023227571e-01 7.758135197834046259e-01 8.186375694201017961e-01 8.657880018336940875e-01 9.196050715825478949e-01 9.249931640031709978e-01 9.869115299821449305e-01 1.000465457880735043e+00 1.123814355219646677e+00 1.189924541919428869e+00 1.225095386857948832e+00 1.298745293513810184e+00 1.373935119880032252e+00 1.462406512251191559e+00 1.530338679863100015e+00 1.600319425655939432e+00 1.710181712987766556e+00 1.953089876691605165e+00 2.092634223764016088e+00 2.215817679819394481e+00 2.450593515949450740e+00 2.844830342756631048e+00 3.012127069946283875e+00 3.875922792118798643e+00 3.995292495476262307e+00 4.122917684531912208e+00 4.278056154705465630e+00 4.372629493975518145e+00 4.681516092527801653e+00
-3.813460651568254534e-01 4.285599659023527769e-02 3.399187562106513183e-01 4.890266055763873854e-01 4.974670332230087255e-01 5.197456885879692123e-01 5.687284210640415338e-01 5.805277220506588343e-01 6.497963306459614286e-01 6.590979250078560225e-01 6.817599758298835688e-01 7.129944425444900702e-01 7.195466023691271529e-01 7.286894826272062309e-01 7.749699277508256268e-01 8.014607603763240773e-01 8.696383513379485342e-01 9.232882078840398687e-01 9.281363586148585476e-01 9.796662565761521391e-01 9.899990618938330211e-01 1.138582356316870658e+00 1.189551388006298449e+00 1.218530373167056258e+00 1.272916609421183454e+00 1.379230490383245744e+00 1.465552445820553773e+00 1.538352421317774166e+00 1.614158371370155276e+00 1.722290020471940464e+00 1.922035156548498769e+00 2.052284630023279099e+00 2.175508235319237205e+00 2.455779158914145111e+00 2.862252314076831894e+00 3.011118179250004800e+00 3.838557028685130490e+00 3.990153964546129028e+00 4.082771853980443844e+00 4.312232226964840542e+00 4.412173619583206197e+00 4.685817513836060932e+00
-3.900619312101940572e-01 2.914634808420139556e-01 4.284839436901408671e-01 4.907067331109338237e-01 5.058746677429347693e-01 5.493190067136097809e-01 5.829522081816308487e-01 6.075703873206823591e-01 6.603718505909320635e-01 6.685255127662800279e-01 6.869238055613544613e-01 7.117341093712097333e-01 7.121982467823916307e-01 7.267327561798059277e-01 7.718604748120178050e-01 8.090179270239593601e-01 8.763060573298223632e-01 9.270017232867556745e-01 9.386886808155087136e-01 9.655885429750119542e-01 9.847109143637678974e-01 1.156794789408881696e+00 1.191496402116202891e+00 1.213710654030770497e+00 1.245443529274577577e+00 1.382933205582230540e+00 1.468069499252626642e+00 1.548322155799310096e+00 1.629215906123024471e+00 1.734902744749235781e+00 1.891071546422558480e+00 2.012327208454605554e+00 2.138029334706718743e+00 2.460060641565981143e+00 2.875408274761188210e+00 3.012243375381270738e+00 3.812613717957084258e+00 3.986290681809079750e+00 4.052297722522374634e+00 4.335124702847229727e+00 4.437992758460437948e+00 4.691160810538566928e+00
-3.929093023616118674e-01 3.485840416732886027e-01 4.646839266157401505e-01 4.878725377509997574e-01 4.937084910303375929e-01 5.660133368544226773e-01 5.814846881450294047e-01 6.254536816670533961e-01 6.625305141054610436e-01 6.866615727863680796e-01 6.920204831299936465e-01 6.994011650047078366e-01 7.061953583388590472e-01 7.108381262764529307e-01 7.701053012157879074e-01 8.514829137085925259e-01 8.539925392420627537e-01 9.284049878295190794e-01 9.509911741275451913e-01 9.544703979370326996e-01 9.827767559361414440e-01 1.167308751066717498e+00 1.192732990004047311e+00 1.219705034848737935e+00 1.223421342029493930e+00 1.384287003049451625e+00 1.469037187601884842e+00 1.553243825371729780e+00 1.636363056028506513e+00 1.740734612065063525e+00 1.877700618499385632e+00 1.994974628678293227e+00 2.122292968333769014e+00 2.461677278216060305e+00 2.880252693088710902e+00 3.012979203193608235e+00 3.803364457897666195e+00 3.985418663554833874e+00 4.040442174893550842e+00 4.343136898544465829e+00 4.446891241964028296e+00 4.693468962034397229e+00
-3.767232256420566805e-01 5.496993029661339375e-02 3.041164123209082470e-01 4.265630219189151529e-01 4.579661507969385315e-01 4.972543885390069973e-01 5.220755320047585357e-01 5.784422018236892171e-01 6.249162717046136128e-01 6.737257585630777035e-01 6.897596995950252552e-01 7.214323284377399670e-01 7.474737329325851221e-01 7.726269706601884835e-01 8.087131583430814397e-01 8.468910857735237885e-01 8.512675327224125121e-01 8.875094355284943726e-01 9.231023325436318316e-01 9.745988145761567134e-01 9.997781116236841292e-01 1.123564100868992499e+00 1.169820640709822834e+00 1.251654537503337661e+00 1.311321839561000901e+00 1.373469391942498730e+00 1.448710640934813609e+00 1.592208186886918675e+00 1.644915385286215281e+00 1.711052269481021737e+00 1.871289787574602181e+00 1.942643567507237101e+00 2.110540966152580022e+00 2.638805897524082233e+00 2.807544634733904587e+00 3.046139234776271909e+00 3.977750899975605936e+00 4.020534222511153111e+00 4.083176534752566589e+00 4.281864165183960402e+00 4.487003410383052504e+00 4.526666842805092905e+00
-3.561451282325278633e-01 7.286827949996678433e-02 3.471239494128415259e-01 4.229550008137769046e-01 4.360783075491389549e-01 4.757697048060611777e-01 5.243967306141495976e-01 5.830045768650136129e-01 6.335471091107151009e-01 6.825261187343842906e-01 6.994381352838141552e-01 7.198379200594903216e-01 7.563039466567440527e-01 7.823679755918274692e-01 8.090372970536442443e-01 8.481290070205225184e-01 8.538400579741403096e-01 8.809472886157055926e-01 9.253194737354225596e-01 9.814234833583914686e-01 9.986260432445709379e-01 1.116591135658062228e+00 1.177512400673614845e+00 1.248607181005012778e+00 1.320416267179663317e+00 1.369402263623985760e+00 1.446063038521735900e+00 1.597496804655172076e+00 1.652833304661698532e+00 1.712085000705394933e+00 1.865386717714300202e+00 1.943639246194585501e+00 2.093559185649429555e+00 2.640094193211181661e+00 2.810894313674458189e+00 3.045795632452611201e+00 3.973154725110131569e+00 3.993165749795050345e+00 4.089012872772510576e+00 4.293888065756482852e+00 4.475162737606674490e+00 4.555929129155706470e+00
-3.705334571185556203e-01 6.746454687224809343e-02 3.381891661507133162e-01 3.845742590415851536e-01 4.218288429479472579e-01 4.440915666160178965e-01 5.523317069960357317e-01 5.795419328884596766e-01 6.402155799539560599e-01 6.664704047447267410e-01 7.082281394415279596e-01 7.181732182653551844e-01 7.582403247308389105e-01 7.988541530238182364e-01 8.071291925439888493e-01 8.501973541547737101e-01 8.645101907523122797e-01 8.778207239688260444e-01 9.263567515224850890e-01 9.833232568008780650e-01 1.001298201701375179e+00 1.117932779827403911e+00 1.180238028126994854e+00 1.248568675486997348e+00 1.329683345168266806e+00 1.367048010860914209e+00 1.442202020335179302e+00 1.597553394161587370e+00 1.641558067011269717e+00 1.708640432935593534e+00 1.879598496448122713e+00 1.963169413678796493e+00 2.095614680387289930e+00 2.637053465977128752e+00 2.805874763616719836e+00 3.046386563321400232e+00 3.944963921644160099e+00 3.995082424894243367e+00 4.110535879579019003e+00 4.302010967512562623e+00 4.452165258207929632e+00 4.574637772486758180e+00
-4.083150346066113934e-01 -4.479253787142441212e-02 2.460330250269702757e-01 3.549055185145620905e-01 4.203977096662109836e-01 4.267654082718373432e-01 5.484490041504024305e-01 5.865190101848607451e-01 6.214189857518354065e-01 6.615473565676114331e-01 7.006361160868350701e-01 7.283032032529159761e-01 7.537167739162470292e-01 8.080477771031024936e-01 8.165246362429315896e-01 8.517659398542140048e-01 8.671269316891400125e-01 8.832408235568708355e-01 9.243554387105951120e-01 9.747971423845313010e-01 1.011808201004736896e+00 1.129172788334558808e+00 1.183563215344176189e+00 1.246279310151658049e+00 1.337735337971459160e+00 1.366670635426221025e+00 1.437679394770562391e+00 1.589947093977410963e+00 1.623382151188197176e+00 1.699287197615580114e+00 1.906066956986151251e+00 1.987930061806522319e+00 2.120180479801395901e+00 2.631090799345402687e+00 2.794739901073930444e+00 3.048277458649128580e+00 3.930375618346523492e+00 3.996838126914236788e+00 4.146102738573826052e+00 4.298550093548485940e+00 4.425640207037029761e+00 4.577930921136837306e+00
-4.435391493279093877e-01 -1.893391772001525031e-01 1.838714589464143512e-01 3.085098525238582079e-01 4.145033776986212781e-01 4.385302813008136180e-01 5.253337957741421871e-01 5.696105146415796350e-01 6.021341984293410166e-01 6.604434195862617374e-01 6.987114755596829374e-01 7.366198333976489154e-01 7.589220033200304583e-01 8.119284787651624979e-01 8.255430040645616030e-01 8.492236458907304053e-01 8.621692442787129984e-01 8.842129982108107855e-01 9.160592734490971001e-01 9.735211324536362509e-01 1.023237470618188150e+00 1.138389858603320981e+00 1.194226269602387536e+00 1.240416035757515134e+00 1.344528803521636728e+00 1.367073100864837354e+00 1.433499621868593588e+00 1.577550265725292666e+00 1.605831793177863620e+00 1.686733669814514114e+00 1.933322300712364328e+00 2.017617673345499352e+00 2.147619004681387445e+00 2.625226906523703718e+00 2.781857623831153425e+00 3.051859408566655496e+00 3.933374874237367980e+00 4.000115082176883163e+00 4.179337714794359115e+00 4.285885319439993957e+00 4.403744778730805720e+00 4.565609933472688731e+00
-4.733247250820811214e-01 -2.540740411914228503e-01 1.866072539326575630e-01 2.839331175963227816e-01 4.033808509376074491e-01 4.515166492250327068e-01 5.004600269340118146e-01 5.414908337656859638e-01 5.967805981297337192e-01 6.525055905889013408e-01 6.998901566877887559e-01 7.397471983051667754e-01 7.678117540049245182e-01 8.113068575554909234e-01 8.294273498982678294e-01 8.445480323912361031e-01 8.518015368881433069e-01 8.845966721754646711e-01 9.090370744867579678e-01 9.779371759978804368e-01 1.031871504256845595e+00 1.140280989078373386e+00 1.204871835257651069e+00 1.240254576356419447e+00 1.350508691902054803e+00 1.366849724776125763e+00 1.430430545497123562e+00 1.564671517917819665e+00 1.592030064512973686e+00 1.676410096431477426e+00 1.949052847338910155e+00 2.045947063759267159e+00 2.163916096447528581e+00 2.621637939347747803e+00 2.772344031713415813e+00 3.057138212656156373e+00 3.951595581262615564e+00 4.004741997897423467e+00 4.173706161229666201e+00 4.295265139234485829e+00 4.390538424949535390e+00 4.540024007254805483e+00
-5.095432723829153021e-01 -1.850627667449334102e-01 2.135777064546346138e-01 2.864637255216864187e-01 3.837638635723738534e-01 4.655290972991880105e-01 4.892110272444993857e-01 5.288410237541883996e-01 5.893750542149401861e-01 6.462471485527300219e-01 6.960047732578626967e-01 7.399910690910108668e-01 7.710608164545098564e-01 8.036205155401696665e-01 8.200492775918962751e-01 8.419380271074486943e-01 8.503615490220959305e-01 8.875947176529663807e-01 9.118902694749830840e-01 9.798309096225183978e-01 1.036992941561152515e+00 1.139068624703029053e+00 1.203887017400446569e+00 1.254987568311556334e+00 1.354634358313455911e+00 1.366491734991069906e+00 1.428631888706015207e+00 1.554575097043650489e+00 1.582984141179862192e+00 1.671861784366268644e+00 1.945927407733517356e+00 2.060254736240531681e+00 2.169176043003293586e+00 2.620231766757849190e+00 2.769572132962603295e+00 3.063481628083012609e+00 3.974307723744473275e+00 4.012120966558874180e+00 4.128949217979517528e+00 4.329642031847128258e+00 4.386151620663491180e+00 4.506439033070764211e+00
-5.284556477121967744e-01 1.684453594762628514e-01 2.481601860127593540e-01 3.153077281702652002e-01 3.812703343136974454e-01 4.735880515462766449e-01 4.961104750944739794e-01 5.240046944955577546e-01 5.843688953119581253e-01 6.432475290848848060e-01 6.861642452015459526e-01 7.367983184181891021e-01 7.720215873598540446e-01 7.857937879410631377e-01 8.068627502597277568e-01 8.464950021089010512e-01 8.539345478412110335e-01 8.904057103249207739e-01 9.252259937791530442e-01 9.787605839914503836e-01 1.038318793328000700e+00 1.138275093384315095e+00 1.200898886646729169e+00 1.273453463753573489e+00 1.353834929580703506e+00 1.368675662454029274e+00 1.428174598086845881e+00 1.548657681243009065e+00 1.578796584108885126e+00 1.675526791075210520e+00 1.926517828508237828e+00 2.051316900940549637e+00 2.167843551631004839e+00 2.620350942557838625e+00 2.772678440762579299e+00 3.069792789402507882e+00 3.977559316895841413e+00 4.033635821506147856e+00 4.077143266256681997e+00 4.360152401785079235e+00 4.389645089033985315e+00 4.475417902145548688e+00
-5.125773861364931738e-01 2.615669290227797816e-01 2.935864122444174495e-01 3.565702244420402289e-01 4.012911599091267822e-01 4.686691172856928267e-01 5.113476954021439758e-01 5.319373294859337520e-01 5.850127506420291779e-01 6.449167884244284554e-01 6.716054806607737460e-01 7.287039992358216312e-01 7.639063777794726784e-01 7.766165700161742347e-01 8.011192272195956088e-01 8.407611543902832052e-01 8.658174061680475875e-01 8.938686138317325502e-01 9.436147865041157878e-01 9.772463098037592610e-01 1.036928174212142340e+00 1.138753154025265779e+00 1.201013962927867329e+00 1.288215658734893410e+00 1.350335455050333699e+00 1.371222239184645586e+00 1.429496114282759800e+00 1.546178600627371225e+00 1.580493993926311624e+00 1.689567700170801379e+00 1.896638901521938703e+00 2.030385866652125948e+00 2.155526287978004607e+00 2.621997288742082155e+00 2.777219274502836566e+00 3.074973689420795075e+00 3.967344249318112137e+00 4.010135201183164355e+00 4.078274756437416215e+00 4.369378150402217109e+00 4.394180550887783809e+00 4.466996330934668968e+00
-4.676113756308482583e-01 2.710821549268180863e-01 3.376242861823930408e-01 3.766009196201349774e-01 4.271555945014349209e-01 4.552534016885884105e-01 5.229311286707880591e-01 5.540568468841454708e-01 5.896318800378702596e-01 6.411758194121662813e-01 6.660293101946305194e-01 7.221316132802736432e-01 7.524471836932086211e-01 7.781389326051908473e-01 7.987353219658773762e-01 8.343021010050460928e-01 8.720695704841837648e-01 8.982119987796638449e-01 9.591003028892804982e-01 9.767646123269250191e-01 1.037895663165985694e+00 1.138227074420354867e+00 1.205098761570537746e+00 1.294804592042685387e+00 1.349127603841276724e+00 1.370669635336506431e+00 1.432789770722721734e+00 1.544859608645607452e+00 1.589557540476902675e+00 1.713620893833322834e+00 1.862189068408934389e+00 2.018746392367391174e+00 2.128379282263159311e+00 2.624421475525028580e+00 2.778625277065100541e+00 3.078235943999714674e+00 3.952112556916688391e+00 3.968199180686299510e+00 4.103207714719911969e+00 4.360087123239964058e+00 4.392222845629833117e+00 4.484847418796221064e+00
